SantaID,Santa_Event,Santa_Tag,Santa_INI,Santa_END,Santa_Recombinant,santa_popSize,santa_mutationRate,santa_recombProb,santa_dualInfectProb,santa_genCount,santa_sampleSize,RDP_Event_ID,RDP_INI,RDP_END,RDP_Breakpoints,RDP_Recombinant,RDP_Minor,RDP_Major,INI_Difference,END_Difference,Total_Difference,Overlap_Percentage,Fragment_Size,Dynamic_Tolerance,Tolerance_Percent,Source_Tab,Match_Type,Validation,Recombinant_Match_Quality,Quality_Score,Jaccard_Similarity,Sequence_Ratio,Sequence_Coverage,Santa_Recombinant_Count,RDP_Recombinant_Count,Covered_Sequences,Breakpoint_Score,Overlap_Score,Santa_Breakpoint,Santa_Size,Santa_Seqs_Count,Santa_Recombinant_Full,Santa_Recombinant_List,Chain_Score,Start_Score,End_Score,Continuity_Score,Recombinant_Score,Seq_Ratio,Seq_Ratio_%,Reaches_Santa_End,Reaches_End,Reaches_Start,RDP_Recombinant_Full,RDP_Recombinant_List,RDP_Tags,Chain_Length,Chain_INI,Chain_END,Start_Distance,End_Distance,Total_Gap,Chain_Logic_Valid,Logic_Validation_Msg,All_Collected_Recombinants,All_Collected_Recombinants_Count,Recombinants_List,Coverage_Percentage,Start_Gap,End_Gap,_Total_Distance,RDP_Match_Types,Tag,Santa_ID,Santa_Breakpoints,Recombinant_Match_Score,Start_End_Diff_Score,RDP_Set,Tag_Specific_Quality_Score,Tag_Rank,Global_Rank,Tag_RDP_Count,Tag_Santa_Count,Tag_Original_RDP_Count,Tag_Original_Santa_Count,Tag_Remaining_RDP,Tag_Remaining_Santa,Tag_RDP_Match_Rate,Tag_Santa_Match_Rate,RDP_Santa_Equal,Tag_Total_Original,Tag_Total_Matched,Tag_Total_Remaining
99_Recombination events.csv|2538,2538,99_Recombination events.csv,1785,10000,['45'],1000,2.5e-05,0.005,0.1,5000,50,1,1778,9990,1778-9990,['45'],['18'],"['4', '43', '15', '32', '40']",7.0,10.0,17.0,99.9,,,,Step 2: Best Match,⭐ Excellent Match (1/1),,🎯 Perfect (1/1),58.980000000000004,100.0,1/1,100.0,1.0,1.0,1/1,95.2,100.0,,,,,,,,,,,,,,,,,,,,,,,,,,,,,,,,,,,99,2538,1785-10000,100.0,98.3,1,100.0,1,1,1,1,1,3,0,2,100.0%,33.3%,✅ Equal,4,2,2
51_Recombination events.csv|2571,2571,51_Recombination events.csv,6183,6669,['2'],1000,2.5e-05,0.005,0.1,5000,50,2,6174,6679,6174-6679,['2'],"['9', '7']",['19'],9.0,10.0,19.0,100.0,486.0,121.5,25.0,Step 1: Approximate,Standard_Match,Exact Recombinant Match,,59.0,,,,,,,,,,,,,,,,,,,,,,,,,,,,,,,,,,,,,,,,,,,51,2571,6183-6669,100.0,98.1,2,100.0,1,2,4,4,4,8,0,4,100.0%,50.0%,✅ Equal,12,8,4
60_Recombination events.csv|2518,2518,60_Recombination events.csv,1461,10000,['33'],1000,2.5e-05,0.005,0.1,5000,50,1,1461,9994,1461-9994,['33'],"['19', '50']","['27', '12', '25']",0.0,6.0,6.0,99.92973416090877,1461.0,365.2,25.0,Step 1: Approximate,Standard_Match,Exact Recombinant Match,,58.98594683218175,,,,,,,,,,,,,,,,,,,,,,,,,,,,,,,,,,,,,,,,,,,60,2518,1461-10000,100.0,99.4,1,100.0,1,3,4,4,4,7,0,3,100.0%,57.1%,✅ Equal,11,8,3
6_Recombination events.csv|2432,2432,6_Recombination events.csv,5742,8706,['32'],1000,2.5e-05,0.005,0.1,5000,50,2,5740,8696,5740-8696,['32'],['18'],"['38', '27', '19']",2.0,10.0,12.0,99.7,,,,Step 2: Best Match,⭐ Excellent Match (1/1),,🎯 Perfect (1/1),58.94,100.0,1/1,100.0,1.0,1.0,1/1,98.0,100.0,,,,,,,,,,,,,,,,,,,,,,,,,,,,,,,,,,,6,2432,5742-8706,100.0,98.8,2,100.0,1,4,2,2,2,8,0,6,100.0%,25.0%,✅ Equal,10,4,6
100_Recombination events.csv|2460,2460,100_Recombination events.csv,2997,8496,"['45', '8']",1000,2.5e-05,0.005,0.1,5000,50,1,3005,8499,3005-8499,"['45', '8']","['15', '23', '40', '7']","['48', '31']",8.0,3.0,11.0,99.9,,,,Step 2: Best Match,⭐ Excellent Match (1/1),,✅ Complete (2/2),58.980000000000004,100.0,2/2,100.0,2.0,2.0,2/2,98.8,100.0,,,,,,,,,,,,,,,,,,,,,,,,,,,,,,,,,,,100,2460,2997-8496,100.0,98.9,1,100.0,1,5,2,2,3,4,1,2,66.7%,50.0%,✅ Equal,7,4,3
58_Recombination events.csv|2493,2493,58_Recombination events.csv,957,10000,['46'],1000,2.5e-05,0.005,0.1,5000,50,1,960,9974,960-9974,['46'],"['22', '20', '1', '27', '9']","['41', '30']",3.0,26.0,29.0,99.7,,,,Step 2: Best Match,✅ Complete Match (1/1),,🎯 Perfect (1/1),56.94,100.0,1/1,100.0,1.0,1.0,1/1,84.8,100.0,,,,,,,,,,,,,,,,,,,,,,,,,,,,,,,,,,,58,2493,957-10000,100.0,97.1,1,100.0,1,6,1,1,1,4,0,3,100.0%,25.0%,✅ Equal,5,2,3
56_Recombination events.csv|2503,2503,56_Recombination events.csv,2844,10000,['47'],1000,2.5e-05,0.005,0.1,5000,50,1,2856,9990,2856-9990,['47'],"['12', '42', '7']",['41'],12.0,10.0,22.0,99.7,,,,Step 2: Best Match,⭐ Excellent Match (1/1),,🎯 Perfect (1/1),56.94,100.0,1/1,100.0,1.0,1.0,1/1,96.1,100.0,,,,,,,,,,,,,,,,,,,,,,,,,,,,,,,,,,,56,2503,2844-10000,100.0,97.8,1,100.0,1,7,1,1,1,5,0,4,100.0%,20.0%,✅ Equal,6,2,4
55_Recombination events.csv|2261,2261,55_Recombination events.csv,1569,10000,"['12', '13', '14', '18', '21', '24', '25', '27', '31', '33', '34', '35', '36', '39', '40', '42', '43', '6']",1000,2.5e-05,0.005,0.1,5000,50,1,1574,9900,1574-9900,"['33', '36', '14', '31', '13', '34', '43', '12', '39', '42', '6', '24', '27', '18', '21', '40', '35', '25']","['15', '1', '28', '8', '10', '29', '45', '3']","['11', '19', '32', '50', '49', '38', '46', '5', '20', '17', '2', '9', '44', '48', '22', '26', '16', '37', '30', '23', '7', '4', '41', '47']",5.0,100.0,105.0,98.8,,,,Step 2: Best Match,✅ Complete Match (1/1),,✅ Complete (18/18),56.760000000000005,100.0,18/18,100.0,18.0,18.0,18/18,66.5,100.0,,,,,,,,,,,,,,,,,,,,,,,,,,,,,,,,,,,55,2261,1569-10000,77.77777777777779,89.5,1,100.0,1,8,1,1,1,7,0,6,100.0%,14.3%,✅ Equal,8,2,6
54_Recombination events.csv|2481,2481,54_Recombination events.csv,6387,7773,['46'],1000,2.5e-05,0.005,0.1,5000,50,1,6314,7776,6314-7776,['46'],"['41', '33', '40']",['6'],73.0,3.0,76.0,100.0,1386.0,346.5,25.0,Step 1: Approximate,Standard_Match,Exact Recombinant Match,,57.0,,,,,,,,,,,,,,,,,,,,,,,,,,,,,,,,,,,,,,,,,,,54,2481,6387-7773,100.0,92.4,1,100.0,1,9,1,1,1,5,0,4,100.0%,20.0%,✅ Equal,6,2,4
48_Recombination events.csv|2461,2461,48_Recombination events.csv,2181,5619,['15'],1000,2.5e-05,0.005,0.1,5000,50,1,2174,5674,2174-5674,['15'],"['4', '1', '2', '45', '31']",['6'],7.0,55.0,62.0,100.0,3438.0,859.5,25.0,Step 1: Approximate,Standard_Match,Exact Recombinant Match,,57.0,,,,,,,,,,,,,,,,,,,,,,,,,,,,,,,,,,,,,,,,,,,48,2461,2181-5619,100.0,93.8,1,100.0,1,10,1,1,1,5,0,4,100.0%,20.0%,✅ Equal,6,2,4
31_Recombination events.csv|2584,2584,31_Recombination events.csv,2538,10000,['23'],1000,2.5e-05,0.005,0.1,5000,50,1,2498,9946,2498-9946,['23'],"['14', '47', '37', '9', '40', '31']","['27', '19', '6', '42']",40.0,54.0,94.0,99.3,,,,Step 2: Best Match,✅ Complete Match (1/1),,🎯 Perfect (1/1),56.86,100.0,1/1,100.0,1.0,1.0,1/1,81.5,100.0,,,,,,,,,,,,,,,,,,,,,,,,,,,,,,,,,,,31,2584,2538-10000,100.0,90.6,1,100.0,1,11,3,3,4,6,1,3,75.0%,50.0%,✅ Equal,10,6,4
45_Recombination events.csv|2520,2520,45_Recombination events.csv,3762,10000,"['10', '12', '36', '37']",1000,2.5e-05,0.005,0.1,5000,50,1,3768,9984,3768-9984,"['10', '37', '12', '36']","['43', '41', '19', '32', '42', '47', '8', '49', '27', '30', '2', '40', '3']",['6'],6.0,16.0,22.0,99.6,,,,Step 2: Best Match,⭐ Excellent Match (1/1),,✅ Complete (4/4),56.92,100.0,4/4,100.0,4.0,4.0,4/4,97.1,100.0,,,,,,,,,,,,,,,,,,,,,,,,,,,,,,,,,,,45,2520,3762-10000,50.0,97.8,1,100.0,1,12,1,1,1,13,0,12,100.0%,7.7%,✅ Equal,14,2,12
44_Recombination events.csv|2559,2559,44_Recombination events.csv,5622,6972,"['16', '26', '39']",1000,2.5e-05,0.005,0.1,5000,50,1,5626,7038,5626-7038,"['39', '26', '16']","['11', '37', '38']","['44', '34', '5', '23', '35']",4.0,66.0,70.0,99.7,,,,Step 2: Best Match,✅ Complete Match (1/1),,✅ Complete (3/3),56.94,100.0,3/3,100.0,3.0,3.0,3/3,74.1,100.0,,,,,,,,,,,,,,,,,,,,,,,,,,,,,,,,,,,44,2559,5622-6972,33.33333333333333,93.0,1,100.0,1,13,1,1,1,10,0,9,100.0%,10.0%,✅ Equal,11,2,9
42_Recombination events.csv|2493,2493,42_Recombination events.csv,2355,10000,['26'],1000,2.5e-05,0.005,0.1,5000,50,1,2352,9977,2352-9977,['26'],"['37', '20', '25']","['33', '36']",3.0,23.0,26.0,99.7,,,,Step 2: Best Match,✅ Complete Match (1/1),,🎯 Perfect (1/1),56.94,100.0,1/1,100.0,1.0,1.0,1/1,94.5,100.0,,,,,,,,,,,,,,,,,,,,,,,,,,,,,,,,,,,42,2493,2355-10000,100.0,97.4,1,100.0,1,14,2,2,2,11,0,9,100.0%,18.2%,✅ Equal,13,4,9
79_Recombination events.csv|2519,2519,79_Recombination events.csv,2715,2910,['19'],1000,2.5e-05,0.005,0.1,5000,50,3,2731,2910,2731-2910,['19'],['50'],"['48', '13', '11', '46', '12', '6']",16.0,0.0,16.0,91.8,,,,Step 2: Best Match,✅ Complete Match (1/1),,🎯 Perfect (1/1),55.36,100.0,1/1,100.0,1.0,1.0,1/1,59.0,100.0,,,,,,,,,,,,,,,,,,,,,,,,,,,,,,,,,,,79,2519,2715-2910,100.0,98.4,3,100.0,1,15,2,2,3,5,1,3,66.7%,40.0%,✅ Equal,8,4,4
38_Recombination events.csv|2400,2400,38_Recombination events.csv,339,3246,"['18', '29', '37', '39', '40']",1000,2.5e-05,0.005,0.1,5000,50,1,324,3248,324-3248,"['39', '37', '29', '18', '40']","['15', '19']","['4', '30', '35', '13']",15.0,2.0,17.0,100.0,,,,Step 2: Best Match,⭐ Excellent Match (1/1),,✅ Complete (5/5),57.0,100.0,5/5,100.0,5.0,5.0,5/5,97.1,100.0,,,,,,,,,,,,,,,,,,,,,,,,,,,,,,,,,,,38,2400,339-3246,60.0,98.3,1,100.0,1,16,2,2,2,3,0,1,100.0%,66.7%,✅ Equal,5,4,1
36_Recombination events.csv|2452,2452,36_Recombination events.csv,4995,10000,['47'],1000,2.5e-05,0.005,0.1,5000,50,1,4998,9990,4998-9990,['47'],['10'],"['32', '22']",3.0,10.0,13.0,99.74025974025975,4995.0,1248.8,25.0,Step 1: Approximate,Standard_Match,Exact Recombinant Match,,58.948051948051955,,,,,,,,,,,,,,,,,,,,,,,,,,,,,,,,,,,,,,,,,,,36,2452,4995-10000,100.0,98.7,1,100.0,1,17,4,4,4,7,0,3,100.0%,57.1%,✅ Equal,11,8,3
33_Recombination events.csv|2466,2466,33_Recombination events.csv,3765,9333,['25'],1000,2.5e-05,0.005,0.1,5000,50,1,3778,9332,3778-9332,['25'],['4'],"['35', '26', '8', '30', '40']",13.0,1.0,14.0,99.74856321839081,4432.0,1108.0,25.0,Step 1: Approximate,Standard_Match,Exact Recombinant Match,,56.94971264367817,,,,,,,,,,,,,,,,,,,,,,,,,,,,,,,,,,,,,,,,,,,33,2466,3765-9333,100.0,98.6,1,100.0,1,18,4,4,4,10,0,6,100.0%,40.0%,✅ Equal,14,8,6
61_Recombination events.csv|2214,2214,61_Recombination events.csv,9381,10000,"['33', '40', '8']",1000,2.5e-05,0.005,0.1,5000,50,3,9389,9976,9389-9976,"['33', '40', '8']",['2'],"['44', '14', '48', '11', '46', '12', '1', '6', '24', '37', '29']",8.0,24.0,32.0,94.83037156704361,619.0,154.8,25.0,Step 1: Approximate,Standard_Match,Exact Recombinant Match,,55.966074313408726,,,,,,,,,,,,,,,,,,,,,,,,,,,,,,,,,,,,,,,,,,,61,2214,9381-10000,100.0,96.8,3,100.0,1,19,3,3,3,4,0,1,100.0%,75.0%,✅ Equal,7,6,1
62_Recombination events.csv|2446,2446,62_Recombination events.csv,9057,10000,"['19', '25']",1000,2.5e-05,0.005,0.1,5000,50,1,9054,9990,9054-9990,"['19', '25']",['47'],"['45', '22', '9', '16']",3.0,10.0,13.0,98.93955461293743,943.0,235.8,25.0,Step 1: Approximate,Standard_Match,Exact Recombinant Match,,58.787910922587486,,,,,,,,,,,,,,,,,,,,,,,,,,,,,,,,,,,,,,,,,,,62,2446,9057-10000,100.0,98.7,1,100.0,1,20,2,2,2,5,0,3,100.0%,40.0%,✅ Equal,7,4,3
63_Recombination events.csv|2359,2359,63_Recombination events.csv,9279,10000,"['11', '12', '13', '14', '15', '17', '18', '19', '20', '21', '22', '23', '24', '25', '26', '27', '30', '32', '33', '34', '35', '37', '39', '41', '42', '47', '49', '50', '8']",1000,2.5e-05,0.005,0.1,5000,50,3,9232,9990,9232-9990,"['33', '14', '13', '11', '34', '41', '19', '20', '26', '8', '24', '17', '18', '30', '21', '35', '25']","['22', '15', '12', '32', '39', '50', '49', '27', '37', '23', '42']","['48', '47', '6', '38', '29', '3']",47.0,10.0,57.0,98.6,,,,Step 2: Best Match,✅ Complete Match (1/1),,✅ Complete (17/17),56.72,58.6,17/17,100.0,29.0,17.0,17/17,60.5,100.0,,,,,,,,,,,,,,,,,,,,,,,,,,,,,,,,,,,63,2359,9279-10000,76.47058823529412,94.3,3,100.0,1,21,2,2,3,12,1,10,66.7%,16.7%,✅ Equal,15,4,11
85_Recombination events.csv|2487,2487,85_Recombination events.csv,2121,9678,"['34', '47']",1000,2.5e-05,0.005,0.1,5000,50,1,2122,9686,2122-9686,"['34', '47']","['48', '46', '26', '6', '27', '29', '30', '7']","['2', '36', '15', '40']",1.0,8.0,9.0,100.0,,,,Step 2: Best Match,⭐ Excellent Match (1/1),,✅ Complete (2/2),59.0,100.0,2/2,100.0,2.0,2.0,2/2,98.2,100.0,,,,,,,,,,,,,,,,,,,,,,,,,,,,,,,,,,,85,2487,2121-9678,100.0,99.1,1,100.0,1,22,1,1,1,2,0,1,100.0%,50.0%,✅ Equal,3,2,1
78_Recombination events.csv|2509,2509,78_Recombination events.csv,4719,8121,['41'],1000,2.5e-05,0.005,0.1,5000,50,4,4720,8117,4720-8117,['41'],['9'],"['33', '43', '15', '5', '26', '20', '10', '45', '40']",1.0,4.0,5.0,99.9,,,,Step 2: Best Match,🎯 Perfect Match (1/1),,🎯 Perfect (1/1),58.980000000000004,100.0,1/1,100.0,1.0,1.0,1/1,99.3,100.0,,,,,,,,,,,,,,,,,,,,,,,,,,,,,,,,,,,78,2509,4719-8121,100.0,99.5,4,100.0,1,23,4,4,6,15,2,11,66.7%,26.7%,✅ Equal,21,8,13
77_Recombination events.csv|2326,2326,77_Recombination events.csv,381,10000,"['12', '29', '34', '49', '50']",1000,2.5e-05,0.005,0.1,5000,50,1,445,9990,445-9990,"['34', '12', '50', '49', '29']","['14', '48', '13', '11', '32', '42', '16', '28', '24', '17', '18', '40', '45', '35', '31']","['33', '44', '15', '19', '39', '1', '8', '27', '2', '9']",64.0,10.0,74.0,99.2,,,,Step 2: Best Match,✅ Complete Match (1/1),,✅ Complete (5/5),56.84,100.0,5/5,100.0,5.0,5.0,5/5,2.9,100.0,,,,,,,,,,,,,,,,,,,,,,,,,,,,,,,,,,,77,2326,381-10000,20.0,92.6,1,100.0,1,24,1,1,1,3,0,2,100.0%,33.3%,✅ Equal,4,2,2
76_Recombination events.csv|2470,2470,76_Recombination events.csv,708,10000,"['18', '27', '38', '44', '48']",1000,2.5e-05,0.005,0.1,5000,50,1,714,9768,714-9768,"['44', '48', '38', '27', '18']","['4', '49', '8', '10', '31']","['24', '19']",6.0,232.0,238.0,97.43865690916917,708.0,177.0,25.0,Step 1: Approximate,Case_F_Start_Start,Exact Recombinant Match,,36.48773138183384,,,,,,,,,,,,,,,,,,,,,,,,,,,,,,,,,,,,,,,,,,,76,2470,708-10000,40.0,76.2,1,100.0,1,25,1,1,1,12,0,11,100.0%,8.3%,✅ Equal,13,2,11
81_Recombination events.csv|2331,2331,81_Recombination events.csv,4137,8109,"['12', '50']",1000,2.5e-05,0.005,0.1,5000,50,1,4131,8098,4131-8098,"['12', '50']","['13', '5', '6', '25', '2', '42']","['21', '18']",6.0,11.0,17.0,99.72306143001008,3972.0,993.0,25.0,Step 1: Approximate,Standard_Match,Exact Recombinant Match,,56.94461228600201,,,,,,,,,,,,,,,,,,,,,,,,,,,,,,,,,,,,,,,,,,,81,2331,4137-8109,100.0,98.3,1,100.0,1,26,1,1,1,3,0,2,100.0%,33.3%,✅ Equal,4,2,2
82_Recombination events.csv|2515,2515,82_Recombination events.csv,9054,10000,"['11', '42', '50', '7']",1000,2.5e-05,0.005,0.1,5000,50,2,9054,9992,9054-9992,"['11', '42', '50', '7']",['48'],"['29', '31']",0.0,8.0,8.0,99.2,,,,Step 2: Best Match,⭐ Excellent Match (1/1),,✅ Complete (4/4),58.84,100.0,4/4,100.0,4.0,4.0,4/4,95.8,100.0,,,,,,,,,,,,,,,,,,,,,,,,,,,,,,,,,,,82,2515,9054-10000,100.0,99.2,2,100.0,1,27,2,2,2,9,0,7,100.0%,22.2%,✅ Equal,11,4,7
74_Recombination events.csv|2476,2476,74_Recombination events.csv,5997,10000,"['41', '49']",1000,2.5e-05,0.005,0.1,5000,50,1,5999,9988,5999-9988,"['41', '49']",['20'],"['24', '27', '16']",2.0,12.0,14.0,99.7,,,,Step 2: Best Match,⭐ Excellent Match (1/1),,✅ Complete (2/2),56.94,100.0,2/2,100.0,2.0,2.0,2/2,98.3,100.0,,,,,,,,,,,,,,,,,,,,,,,,,,,,,,,,,,,74,2476,5997-10000,100.0,98.6,1,100.0,1,28,3,3,4,10,1,7,75.0%,30.0%,✅ Equal,14,6,8
73_Recombination events.csv|2479,2479,73_Recombination events.csv,528,6879,['29'],1000,2.5e-05,0.005,0.1,5000,50,1,568,6876,568-6876,['29'],['2'],"['22', '31', '43', '16', '24', '27', '7']",40.0,3.0,43.0,99.32294126909149,3649.0,912.2,25.0,Step 1: Approximate,Standard_Match,Exact Recombinant Match,,56.8645882538183,,,,,,,,,,,,,,,,,,,,,,,,,,,,,,,,,,,,,,,,,,,73,2479,528-6879,100.0,95.7,1,100.0,1,29,1,1,1,5,0,4,100.0%,20.0%,✅ Equal,6,2,4
72_Recombination events.csv|2272,2272,72_Recombination events.csv,7413,10000,"['32', '44', '48']",1000,2.5e-05,0.005,0.1,5000,50,1,7418,9996,7418-9996,"['44', '32', '48']",['34'],['49'],5.0,4.0,9.0,99.7,,,,Step 2: Best Match,⭐ Excellent Match (1/1),,✅ Complete (3/3),58.94,100.0,3/3,100.0,3.0,3.0,3/3,98.3,100.0,,,,,,,,,,,,,,,,,,,,,,,,,,,,,,,,,,,72,2272,7413-10000,33.33333333333333,99.1,1,100.0,1,30,1,1,1,4,0,3,100.0%,25.0%,✅ Equal,5,2,3
70_Recombination events.csv|2344,2344,70_Recombination events.csv,2100,4440,['7'],1000,2.5e-05,0.005,0.1,5000,50,1,2099,4408,2099-4408,['7'],"['4', '48', '13', '11', '19', '16', '40']",['39'],1.0,32.0,33.0,98.63247863247864,2340.0,585.0,25.0,Step 1: Approximate,Standard_Match,Exact Recombinant Match,,56.72649572649573,,,,,,,,,,,,,,,,,,,,,,,,,,,,,,,,,,,,,,,,,,,70,2344,2100-4440,100.0,96.7,1,100.0,1,31,2,2,2,3,0,1,100.0%,66.7%,✅ Equal,5,4,1
7_Recombination events.csv|2275,2275,7_Recombination events.csv,7476,8685,"['16', '21', '25', '36', '43']",1000,2.5e-05,0.005,0.1,5000,50,1,7489,8704,7489-8704,"['36', '43', '16', '21', '25']","['15', '32', '20', '1', '42', '8', '10', '24', '37', '50', '2', '40', '9', '35', '3']","['34', '45']",13.0,19.0,32.0,98.9,,,,Step 2: Best Match,✅ Complete Match (1/1),,✅ Complete (5/5),56.78,100.0,5/5,100.0,5.0,5.0,5/5,86.8,100.0,,,,,,,,,,,,,,,,,,,,,,,,,,,,,,,,,,,7,2275,7476-8685,20.0,96.8,1,100.0,1,32,1,1,1,5,0,4,100.0%,20.0%,✅ Equal,6,2,4
69_Recombination events.csv|2446,2446,69_Recombination events.csv,9588,10000,"['10', '16', '19', '48']",1000,2.5e-05,0.005,0.1,5000,50,1,9590,9996,9590-9996,"['10', '19', '48', '16']","['33', '14', '43', '26', '32', '28', '8', '45', '35']","['36', '22', '11', '34', '46', '39', '50', '38', '17', '29', '18']",2.0,4.0,6.0,98.5,,,,Step 2: Best Match,✅ Complete Match (1/1),,✅ Complete (4/4),58.7,100.0,4/4,100.0,4.0,4.0,4/4,92.7,100.0,,,,,,,,,,,,,,,,,,,,,,,,,,,,,,,,,,,69,2446,9588-10000,50.0,99.4,1,100.0,1,33,2,2,2,7,0,5,100.0%,28.6%,✅ Equal,9,4,5
67_Recombination events.csv|2389,2389,67_Recombination events.csv,2565,9963,"['41', '48']",1000,2.5e-05,0.005,0.1,5000,50,1,2566,9960,2566-9960,"['41', '48']",['7'],"['2', '37', '3']",1.0,3.0,4.0,99.94593133279265,2602.0,650.5,25.0,Step 1: Approximate,Standard_Match,Exact Recombinant Match,,58.989186266558534,,,,,,,,,,,,,,,,,,,,,,,,,,,,,,,,,,,,,,,,,,,67,2389,2565-9963,100.0,99.6,1,100.0,1,34,1,1,1,3,0,2,100.0%,33.3%,✅ Equal,4,2,2
66_Recombination events.csv|2427,2427,66_Recombination events.csv,2934,9471,['33'],1000,2.5e-05,0.005,0.1,5000,50,1,2930,9472,2930-9472,['33'],"['46', '19', '32', '8', '23', '3']",['21'],4.0,1.0,5.0,100.0,3463.0,865.8,25.0,Step 1: Approximate,Standard_Match,Exact Recombinant Match,,59.0,,,,,,,,,,,,,,,,,,,,,,,,,,,,,,,,,,,,,,,,,,,66,2427,2934-9471,100.0,99.5,1,100.0,1,35,2,2,2,6,0,4,100.0%,33.3%,✅ Equal,8,4,4
84_Recombination events.csv|2487,2487,84_Recombination events.csv,2721,10000,['21'],1000,2.5e-05,0.005,0.1,5000,50,1,2722,9996,2722-9996,['21'],"['5', '49', '18', '23', '40', '3']",['42'],1.0,4.0,5.0,99.93130924577552,2721.0,680.2,25.0,Step 1: Approximate,Standard_Match,Exact Recombinant Match,,58.986261849155106,,,,,,,,,,,,,,,,,,,,,,,,,,,,,,,,,,,,,,,,,,,84,2487,2721-10000,100.0,99.5,1,100.0,1,36,1,1,1,9,0,8,100.0%,11.1%,✅ Equal,10,2,8
64_Recombination events.csv|2431,2431,64_Recombination events.csv,6090,10000,"['11', '13', '21', '22', '44', '8']",1000,2.5e-05,0.005,0.1,5000,50,1,6083,9946,6083-9946,"['44', '22', '13', '11', '8', '21']","['43', '34', '47', '49', '10', '17', '18', '2', '45', '23', '35', '25']","['14', '26', '38', '27', '30']",7.0,54.0,61.0,98.6,,,,Step 2: Best Match,✅ Complete Match (1/1),,✅ Complete (6/6),56.72,100.0,6/6,100.0,6.0,6.0,6/6,92.2,100.0,,,,,,,,,,,,,,,,,,,,,,,,,,,,,,,,,,,64,2431,6090-10000,33.33333333333333,93.9,1,100.0,1,37,1,1,1,9,0,8,100.0%,11.1%,✅ Equal,10,2,8
9_Recombination events.csv|2401,2401,9_Recombination events.csv,1533,10000,"['28', '43', '9']",1000,2.5e-05,0.005,0.1,5000,50,1,1459,9978,1459-9978,"['28', '9', '43']","['44', '48', '13', '46', '19', '20', '1', '47', '8', '38', '21', '35', '7']","['36', '14', '11', '41', '50', '23', '3']",74.0,22.0,96.0,99.7,,,,Step 2: Best Match,✅ Complete Match (1/1),,✅ Complete (3/3),56.94,100.0,3/3,100.0,3.0,3.0,3/3,68.7,100.0,,,,,,,,,,,,,,,,,,,,,,,,,,,,,,,,,,,9,2401,1533-10000,33.33333333333333,90.4,1,100.0,1,38,1,1,1,6,0,5,100.0%,16.7%,✅ Equal,7,2,5
80_Recombination events.csv|2444,2444,80_Recombination events.csv,3303,9357,['50'],1000,2.5e-05,0.005,0.1,5000,50,1,3318,9372,3318-9372,['50'],"['36', '34', '26', '38', '18', '30', '23', '35']","['33', '14', '48', '16', '21', '2']",15.0,15.0,30.0,99.8,,,,Step 2: Best Match,⭐ Excellent Match (1/1),,🎯 Perfect (1/1),56.96,100.0,1/1,100.0,1.0,1.0,1/1,96.2,100.0,,,,,,,,,,,,,,,,,,,,,,,,,,,,,,,,,,,80,2444,3303-9357,100.0,97.0,1,100.0,1,39,3,3,3,8,0,5,100.0%,37.5%,✅ Equal,11,6,5
18_Recombination events.csv|2477,2477,18_Recombination events.csv,4290,5892,['30'],1000,2.5e-05,0.005,0.1,5000,50,1,4291,5940,4291-5940,['30'],['31'],['20'],1.0,48.0,49.0,99.93757802746566,1602.0,400.5,25.0,Step 1: Approximate,Standard_Match,Exact Recombinant Match,,56.98751560549313,,,,,,,,,,,,,,,,,,,,,,,,,,,,,,,,,,,,,,,,,,,18,2477,4290-5892,100.0,95.1,1,100.0,1,40,2,2,2,5,0,3,100.0%,40.0%,✅ Equal,7,4,3
95_Recombination events.csv|2366,2366,95_Recombination events.csv,8421,10000,"['18', '27', '3', '32', '33', '34', '39', '41', '42', '43', '45', '47', '48', '6', '8']",1000,2.5e-05,0.005,0.1,5000,50,1,8414,9990,8414-9990,"['33', '48', '43', '34', '41', '32', '39', '42', '6', '8', '47', '27', '18', '45', '3']","['44', '14', '5', '17', '25', '2', '9', '40', '7']","['36', '22', '13', '11', '20', '1', '16', '49', '24', '38', '50', '29', '23', '31']",7.0,10.0,17.0,99.4,,,,Step 2: Best Match,✅ Complete Match (1/1),,✅ Complete (15/15),58.88,100.0,15/15,100.0,15.0,15.0,15/15,94.6,100.0,,,,,,,,,,,,,,,,,,,,,,,,,,,,,,,,,,,95,2366,8421-10000,73.33333333333333,98.3,1,100.0,1,41,1,1,1,8,0,7,100.0%,12.5%,✅ Equal,9,2,7
2_Recombination events.csv|2522,2522,2_Recombination events.csv,5175,7323,['9'],1000,2.5e-05,0.005,0.1,5000,50,1,5174,7308,5174-7308,['9'],"['38', '43', '42']","['11', '45']",1.0,15.0,16.0,99.30167597765363,2148.0,537.0,25.0,Step 1: Approximate,Standard_Match,Exact Recombinant Match,,56.86033519553072,,,,,,,,,,,,,,,,,,,,,,,,,,,,,,,,,,,,,,,,,,,2,2522,5175-7323,100.0,98.4,1,100.0,1,42,1,1,1,12,0,11,100.0%,8.3%,✅ Equal,13,2,11
27_Recombination events.csv|2552,2552,27_Recombination events.csv,5889,10000,['36'],1000,2.5e-05,0.005,0.1,5000,50,1,5894,9976,5894-9976,['36'],"['48', '43', '15', '12', '3', '21', '25']","['22', '41', '28', '6', '16']",5.0,24.0,29.0,99.3,,,,Step 2: Best Match,⭐ Excellent Match (1/1),,🎯 Perfect (1/1),56.86,100.0,1/1,100.0,1.0,1.0,1/1,96.5,100.0,,,,,,,,,,,,,,,,,,,,,,,,,,,,,,,,,,,27,2552,5889-10000,100.0,97.1,1,100.0,1,43,1,1,1,9,0,8,100.0%,11.1%,✅ Equal,10,2,8
19_Recombination events.csv|2534,2534,19_Recombination events.csv,1809,10000,['8'],1000,2.5e-05,0.005,0.1,5000,50,1,1820,9856,1820-9856,['8'],['45'],"['13', '19', '6', '3']",11.0,144.0,155.0,98.10767916005372,1809.0,452.2,25.0,Step 1: Approximate,Standard_Match,Exact Recombinant Match,,54.62153583201075,,,,,,,,,,,,,,,,,,,,,,,,,,,,,,,,,,,,,,,,,,,19,2534,1809-10000,100.0,84.5,1,100.0,1,44,2,2,2,4,0,2,100.0%,50.0%,✅ Equal,6,4,2
26_Recombination events.csv|2391,2391,26_Recombination events.csv,2202,10000,"['10', '11', '12', '14', '17', '2', '20', '22', '24', '26', '28', '29', '30', '31', '32', '34', '38', '39', '40', '47', '49']",1000,2.5e-05,0.005,0.1,5000,50,1,2240,9937,2240-9937,"['11', '34', '32', '39', '49', '10', '38', '14', '20', '28', '17', '29', '2', '22', '12', '26', '30', '40', '31', '47', '24']","['44', '43', '13', '46', '41', '19', '1', '37', '18', '45', '9', '35', '42']","['33', '4', '36', '48', '15', '6', '8', '16', '27', '21', '23']",38.0,63.0,101.0,98.7,,,,Step 2: Best Match,✅ Complete Match (1/1),,✅ Complete (21/21),56.74,100.0,21/21,100.0,21.0,21.0,21/21,77.1,100.0,,,,,,,,,,,,,,,,,,,,,,,,,,,,,,,,,,,26,2391,2202-10000,80.95238095238095,89.9,1,100.0,1,45,1,1,1,11,0,10,100.0%,9.1%,✅ Equal,12,2,10
96_Recombination events.csv|2454,2454,96_Recombination events.csv,2706,8733,['22'],1000,2.5e-05,0.005,0.1,5000,50,1,2694,8744,2694-8744,['22'],"['13', '5', '47', '38', '27', '18', '2']","['36', '43', '34', '19', '32', '28', '17', '25']",12.0,11.0,23.0,100.0,3973.0,993.2,25.0,Step 1: Approximate,Standard_Match,Exact Recombinant Match,,57.0,,,,,,,,,,,,,,,,,,,,,,,,,,,,,,,,,,,,,,,,,,,96,2454,2706-8733,100.0,97.7,1,100.0,1,46,3,3,3,7,0,4,100.0%,42.9%,✅ Equal,10,6,4
14_Recombination events.csv|2556,2556,14_Recombination events.csv,6012,9321,['47'],1000,2.5e-05,0.005,0.1,5000,50,1,6014,9321,6014-9321,['47'],"['14', '29', '8']","['45', '28', '3']",2.0,0.0,2.0,99.93955877908733,3309.0,827.2,25.0,Step 1: Approximate,Standard_Match,Exact Recombinant Match,,58.987911755817464,,,,,,,,,,,,,,,,,,,,,,,,,,,,,,,,,,,,,,,,,,,14,2556,6012-9321,100.0,99.8,1,100.0,1,47,2,2,2,6,0,4,100.0%,33.3%,✅ Equal,8,4,4
22_Recombination events.csv|2524,2524,22_Recombination events.csv,4641,9885,"['15', '18', '2', '20', '26', '3']",1000,2.5e-05,0.005,0.1,5000,50,2,4646,9881,4646-9881,"['15', '26', '20', '18', '2', '3']",['45'],['38'],5.0,4.0,9.0,99.8283752860412,4756.0,1189.0,25.0,Step 1: Approximate,Standard_Match,Exact Recombinant Match,,58.965675057208244,,,,,,,,,,,,,,,,,,,,,,,,,,,,,,,,,,,,,,,,,,,22,2524,4641-9885,100.0,99.1,2,100.0,1,48,2,2,2,6,0,4,100.0%,33.3%,✅ Equal,8,4,4
25_Recombination events.csv|2504,2504,25_Recombination events.csv,4524,7950,['8'],1000,2.5e-05,0.005,0.1,5000,50,1,4528,7930,4528-7930,['8'],"['11', '37', '20', '1']","['22', '49', '7']",4.0,20.0,24.0,99.3,,,,Step 2: Best Match,⭐ Excellent Match (1/1),,🎯 Perfect (1/1),56.86,100.0,1/1,100.0,1.0,1.0,1/1,96.5,100.0,,,,,,,,,,,,,,,,,,,,,,,,,,,,,,,,,,,25,2504,4524-7950,100.0,97.6,1,100.0,1,49,2,2,2,7,0,5,100.0%,28.6%,✅ Equal,9,4,5
24_Recombination events.csv|2426,2426,24_Recombination events.csv,3609,8565,"['10', '11', '23', '25', '29', '36', '37', '45']",1000,2.5e-05,0.005,0.1,5000,50,2,4574,8544,4574-8544,"['36', '11', '10', '37', '29', '45', '23', '25']","['4', '31', '15', '26', '32', '39', '6', '8', '24', '17', '27', '38', '42', '30', '21', '9', '35', '7']","['2', '1', '28']",965.0,21.0,986.0,80.1,,,,Step 2: Best Match,✅ Complete Match (1/1),,✅ Complete (8/8),49.019999999999996,100.0,8/8,100.0,8.0,8.0,8/8,0.5,89.0,,,,,,,,,,,,,,,,,,,,,,,,,,,,,,,,,,,24,2426,3609-8565,50.0,1.4000000000000057,2,100.0,1,50,1,1,2,6,1,5,50.0%,16.7%,✅ Equal,8,2,6
97_Recombination events.csv|2483,2483,97_Recombination events.csv,8106,10000,['19'],1000,2.5e-05,0.005,0.1,5000,50,1,8100,9983,8100-9983,['19'],['21'],"['24', '48', '47', '16']",6.0,17.0,23.0,99.10242872228089,1894.0,473.5,25.0,Step 1: Approximate,Standard_Match,Exact Recombinant Match,,56.82048574445618,,,,,,,,,,,,,,,,,,,,,,,,,,,,,,,,,,,,,,,,,,,97,2483,8106-10000,100.0,97.7,1,100.0,1,51,1,1,1,12,0,11,100.0%,8.3%,✅ Equal,13,2,11
11_Recombination events.csv|2508,2508,11_Recombination events.csv,7449,10000,['34'],1000,2.5e-05,0.005,0.1,5000,50,1,7462,9990,7462-9990,['34'],['43'],"['41', '45', '9', '23']",13.0,10.0,23.0,99.1,,,,Step 2: Best Match,⭐ Excellent Match (1/1),,🎯 Perfect (1/1),56.82,100.0,1/1,100.0,1.0,1.0,1/1,95.5,100.0,,,,,,,,,,,,,,,,,,,,,,,,,,,,,,,,,,,11,2508,7449-10000,100.0,97.7,1,100.0,1,52,3,3,4,10,1,7,75.0%,30.0%,✅ Equal,14,6,8
98_Recombination events.csv|2162,2162,98_Recombination events.csv,4860,10000,"['1', '10', '14', '15', '16', '17', '18', '19', '2', '20', '21', '22', '24', '27', '28', '29', '3', '30', '31', '32', '33', '34', '35', '36', '38', '39', '4', '40', '41', '43', '44', '45', '46', '47', '48', '49', '5', '50', '7', '8', '9']",1000,2.5e-05,0.005,0.1,5000,50,1,4816,9972,4816-9972,"['43', '34', '19', '32', '1', '39', '49', '10', '38', '50', '45', '35', '14', '46', '5', '20', '28', '17', '27', '18', '29', '2', '9', '33', '44', '22', '48', '16', '8', '30', '40', '7', '3', '31', '36', '4', '15', '41', '47', '24', '21']","['37', '26', '6', '13']","['11', '12', '25', '23', '42']",44.0,28.0,72.0,99.5,,,,Step 2: Best Match,✅ Complete Match (1/1),,✅ Complete (41/41),56.900000000000006,100.0,41/41,100.0,41.0,41.0,41/41,92.6,100.0,,,,,,,,,,,,,,,,,,,,,,,,,,,,,,,,,,,98,2162,4860-10000,90.2439024390244,92.8,1,100.0,1,53,1,1,1,8,0,7,100.0%,12.5%,✅ Equal,9,2,7
3_Recombination events.csv|2267,2267,3_Recombination events.csv,5766,8088,"['13', '16', '19', '2', '20', '24', '27', '28', '29', '3', '32', '33', '37', '38', '4', '41', '44', '45', '47', '48', '5', '50', '6']",1000,2.5e-05,0.005,0.1,5000,50,1,5827,8072,5827-8072,"['13', '19', '32', '50', '6', '38', '45', '5', '20', '28', '27', '29', '2', '33', '44', '48', '16', '37', '3', '4', '41', '47', '24']","['34', '49', '18', '9', '35']","['22', '31', '11', '15', '10', '17', '21', '23', '40', '42']",61.0,16.0,77.0,96.7,,,,Step 2: Best Match,✅ Complete Match (1/1),,✅ Complete (23/23),56.34,100.0,23/23,100.0,23.0,23.0,23/23,83.4,100.0,,,,,,,,,,,,,,,,,,,,,,,,,,,,,,,,,,,3,2267,5766-8088,91.30434782608695,92.3,1,100.0,1,54,1,1,1,7,0,6,100.0%,14.3%,✅ Equal,8,2,6
66_Recombination events.csv|2347,2347,66_Recombination events.csv,4470,9936,['45'],1000,2.5e-05,0.005,0.1,5000,50,2,4472,9940,4472-9940,['45'],"['15', '46', '5', '32', '19', '26', '28', '8', '24', '37', '3', '38', '2', '23', '7']","['10', '31']",2.0,4.0,6.0,100.0,,,,Step 2: Best Match,🎯 Perfect Match (1/1),,🎯 Perfect (1/1),59.0,100.0,1/1,100.0,1.0,1.0,1/1,99.3,100.0,,,,,,,,,,,,,,,,,,,,,,,,,,,,,,,,,,,66,2347,4470-9936,100.0,99.4,2,99.9497487437186,2,55,2,2,2,6,0,4,100.0%,33.3%,✅ Equal,8,4,4
32_Recombination events.csv|2437,2437,32_Recombination events.csv,5814,10000,"['35', '39', '44', '8']",1000,2.5e-05,0.005,0.1,5000,50,2,5813,9992,5813-9992,"['44', '39', '35', '8']","['28', '30', '6']","['23', '45', '12']",1.0,8.0,9.0,99.8,,,,Step 2: Best Match,⭐ Excellent Match (1/1),,✅ Complete (4/4),58.96,100.0,4/4,100.0,4.0,4.0,4/4,98.9,100.0,,,,,,,,,,,,,,,,,,,,,,,,,,,,,,,,,,,32,2437,5814-10000,50.0,99.1,2,99.94959677419354,1,56,3,3,3,9,0,6,100.0%,33.3%,✅ Equal,12,6,6
28_Recombination events.csv|2469,2469,28_Recombination events.csv,6267,6387,['34'],1000,2.5e-05,0.005,0.1,5000,50,3,6268,6384,6268-6384,['34'],['37'],"['44', '28']",1.0,3.0,4.0,96.7,,,,Step 2: Best Match,✅ Complete Match (1/1),,🎯 Perfect (1/1),58.34,100.0,1/1,100.0,1.0,1.0,1/1,83.3,100.0,,,,,,,,,,,,,,,,,,,,,,,,,,,,,,,,,,,28,2469,6267-6387,100.0,99.6,3,99.84984984984985,1,57,3,3,3,7,0,4,100.0%,42.9%,✅ Equal,10,6,4
89_Recombination events.csv|2478,2478,89_Recombination events.csv,4230,10000,['24'],1000,2.5e-05,0.005,0.1,5000,50,2,4234,9989,4234-9989,['24'],"['39', '29', '7']","['38', '12', '35']",4.0,11.0,15.0,99.74003466204506,4230.0,1057.5,25.0,Step 1: Approximate,Standard_Match,Exact Recombinant Match,,56.948006932409015,,,,,,,,,,,,,,,,,,,,,,,,,,,,,,,,,,,,,,,,,,,89,2478,4230-10000,100.0,98.5,2,99.84817813765181,1,58,7,7,8,12,1,5,87.5%,58.3%,✅ Equal,20,14,6
86_Recombination events.csv|2462,2462,86_Recombination events.csv,6129,7578,['50'],1000,2.5e-05,0.005,0.1,5000,50,1,6137,7559,6137-7559,['50'],['13'],"['27', '29', '8']",8.0,19.0,27.0,98.13664596273291,1449.0,362.2,25.0,Step 1: Approximate,Standard_Match,Exact Recombinant Match,,56.62732919254658,,,,,,,,,,,,,,,,,,,,,,,,,,,,,,,,,,,,,,,,,,,86,2462,6129-7578,100.0,97.3,1,99.4410569105691,1,59,4,4,4,10,0,6,100.0%,40.0%,✅ Equal,14,8,6
93_Recombination events.csv|2577,2577,93_Recombination events.csv,6036,10000,"['10', '48']",1000,2.5e-05,0.005,0.1,5000,50,1,6054,9993,6054-9993,"['10', '48']",['8'],"['11', '23', '13']",18.0,7.0,25.0,99.4,,,,Step 2: Best Match,⭐ Excellent Match (1/1),,✅ Complete (2/2),56.88,100.0,2/2,100.0,2.0,2.0,2/2,96.8,100.0,,,,,,,,,,,,,,,,,,,,,,,,,,,,,,,,,,,93,2577,6036-10000,100.0,97.5,1,99.3920972644377,1,60,2,2,4,10,2,8,50.0%,20.0%,✅ Equal,14,4,10
5_Recombination events.csv|1963,1963,5_Recombination events.csv,7500,10000,['5'],1000,2.5e-05,0.005,0.1,5000,50,3,7508,9990,7508-9990,['5'],"['34', '32', '39', '1', '6', '49', '10', '38', '45', '14', '46', '28', '17', '18', '2', '9', '42', '33', '44', '48', '12', '26', '16', '37', '30', '23', '40', '3', '31', '36', '4', '15', '41', '47', '24', '21']","['22', '43', '13', '19', '20', '8', '27', '25', '29', '35', '7']",8.0,10.0,18.0,99.3,,,,Step 2: Best Match,⭐ Excellent Match (1/1),,🎯 Perfect (1/1),58.86,100.0,1/1,100.0,1.0,1.0,1/1,96.4,100.0,,,,,,,,,,,,,,,,,,,,,,,,,,,,,,,,,,,5,1963,7500-10000,100.0,98.2,3,99.3467336683417,1,61,4,4,4,10,0,6,100.0%,40.0%,✅ Equal,14,8,6
6_Recombination events.csv|2422,2422,6_Recombination events.csv,8268,10000,['48'],1000,2.5e-05,0.005,0.1,5000,50,1,8260,9982,8260-9982,['48'],['43'],"['38', '27', '19', '32']",8.0,18.0,26.0,99.0,,,,Step 2: Best Match,✅ Complete Match (1/1),,🎯 Perfect (1/1),56.8,100.0,1/1,100.0,1.0,1.0,1/1,92.5,100.0,,,,,,,,,,,,,,,,,,,,,,,,,,,,,,,,,,,6,2422,8268-10000,100.0,97.4,1,99.2914979757085,2,62,2,2,2,8,0,6,100.0%,25.0%,✅ Equal,10,4,6
75_Recombination events.csv|2410,2410,75_Recombination events.csv,3297,6063,['6'],1000,2.5e-05,0.005,0.1,5000,50,2,3295,6034,3295-6034,['6'],"['4', '40']","['34', '27', '8']",2.0,29.0,31.0,99.0,,,,Step 2: Best Match,✅ Complete Match (1/1),,🎯 Perfect (1/1),56.8,100.0,1/1,100.0,1.0,1.0,1/1,94.4,100.0,,,,,,,,,,,,,,,,,,,,,,,,,,,,,,,,,,,75,2410,3297-6063,100.0,96.9,2,99.28789420142422,1,63,2,2,2,5,0,3,100.0%,40.0%,✅ Equal,7,4,3
13_Recombination events.csv|2463,2463,13_Recombination events.csv,1857,10000,"['16', '29', '48', '50', '8']",1000,2.5e-05,0.005,0.1,5000,50,2,1886,9976,1886-9976,"['48', '50', '16', '8', '29']","['13', '11', '34', '19', '6', '10', '35', '14', '5', '17', '27', '2', '9', '42', '33', '44', '22', '23', '40', '7', '36', '15', '25']","['4', '46', '12', '26', '20', '32', '28', '47', '24', '38', '30', '21', '3']",29.0,24.0,53.0,99.3,,,,Step 2: Best Match,✅ Complete Match (1/1),,✅ Complete (5/5),56.86,100.0,5/5,100.0,5.0,5.0,5/5,85.7,100.0,,,,,,,,,,,,,,,,,,,,,,,,,,,,,,,,,,,13,2463,1857-10000,20.0,94.7,2,99.16926272066459,1,64,2,2,2,5,0,3,100.0%,40.0%,✅ Equal,7,4,3
22_Recombination events.csv|2541,2541,22_Recombination events.csv,5745,10000,['7'],1000,2.5e-05,0.005,0.1,5000,50,1,5739,9977,5739-9977,['7'],['45'],"['1', '28']",6.0,23.0,29.0,99.5,,,,Step 2: Best Match,⭐ Excellent Match (1/1),,🎯 Perfect (1/1),56.900000000000006,100.0,1/1,100.0,1.0,1.0,1/1,96.6,100.0,,,,,,,,,,,,,,,,,,,,,,,,,,,,,,,,,,,22,2541,5745-10000,100.0,97.1,1,98.99091826437942,2,65,2,2,2,6,0,4,100.0%,33.3%,✅ Equal,8,4,4
87_Recombination events.csv|2453,2453,87_Recombination events.csv,7368,10000,"['24', '27']",1000,2.5e-05,0.005,0.1,5000,50,1,7369,9964,7369-9964,"['24', '27']",['14'],"['38', '6']",1.0,36.0,37.0,98.6,,,,Step 2: Best Match,✅ Complete Match (1/1),,✅ Complete (2/2),56.72,100.0,2/2,100.0,2.0,2.0,2/2,93.0,100.0,,,,,,,,,,,,,,,,,,,,,,,,,,,,,,,,,,,87,2453,7368-10000,100.0,96.3,1,98.78419452887539,1,66,4,3,8,11,4,8,50.0%,27.3%,❌ Diff: RDP=4 vs Santa=3,19,7,12
39_Recombination events.csv|2493,2493,39_Recombination events.csv,3966,5304,['25'],1000,2.5e-05,0.005,0.1,5000,50,2,3926,5312,3926-5312,['25'],"['2', '29', '50', '18']","['27', '12']",40.0,8.0,48.0,100.0,1338.0,334.5,25.0,Step 1: Approximate,Standard_Match,Exact Recombinant Match,,57.0,,,,,,,,,,,,,,,,,,,,,,,,,,,,,,,,,,,,,,,,,,,39,2493,3966-5304,100.0,95.2,2,98.62104187946885,1,67,3,3,3,6,0,3,100.0%,50.0%,✅ Equal,9,6,3
82_Recombination events.csv|2536,2536,82_Recombination events.csv,777,7365,['5'],1000,2.5e-05,0.005,0.1,5000,50,1,792,7344,792-7344,['5'],"['44', '4']","['37', '14']",15.0,21.0,36.0,99.5,,,,Step 2: Best Match,✅ Complete Match (1/1),,🎯 Perfect (1/1),56.900000000000006,100.0,1/1,100.0,1.0,1.0,1/1,94.7,100.0,,,,,,,,,,,,,,,,,,,,,,,,,,,,,,,,,,,82,2536,777-7365,100.0,96.4,1,98.58870967741936,2,68,2,2,2,9,0,7,100.0%,22.2%,✅ Equal,11,4,7
30_Recombination events.csv|2479,2479,30_Recombination events.csv,2442,10000,['11'],1000,2.5e-05,0.005,0.1,5000,50,2,2465,9962,2465-9962,['11'],['35'],"['40', '28']",23.0,38.0,61.0,99.2,,,,Step 2: Best Match,✅ Complete Match (1/1),,🎯 Perfect (1/1),56.84,100.0,1/1,100.0,1.0,1.0,1/1,87.5,100.0,,,,,,,,,,,,,,,,,,,,,,,,,,,,,,,,,,,30,2479,2442-10000,100.0,93.9,2,98.5522233712513,1,69,2,2,2,4,0,2,100.0%,50.0%,✅ Equal,6,4,2
14_Recombination events.csv|2553,2553,14_Recombination events.csv,3561,8592,['39'],1000,2.5e-05,0.005,0.1,5000,50,2,3572,8570,3572-8570,['39'],['45'],"['24', '4']",11.0,22.0,33.0,99.34406678592725,4969.0,1242.2,25.0,Step 1: Approximate,Standard_Match,Exact Recombinant Match,,56.86881335718545,,,,,,,,,,,,,,,,,,,,,,,,,,,,,,,,,,,,,,,,,,,14,2553,3561-8592,100.0,96.7,2,98.44689378757515,2,70,2,2,2,6,0,4,100.0%,33.3%,✅ Equal,8,4,4
62_Recombination events.csv|2437,2437,62_Recombination events.csv,1134,4140,['3'],1000,2.5e-05,0.005,0.1,5000,50,2,1120,4170,1120-4170,['3'],"['48', '11', '50', '49', '38']",['46'],14.0,30.0,44.0,100.0,3006.0,751.5,25.0,Step 1: Approximate,Standard_Match,Exact Recombinant Match,,57.0,,,,,,,,,,,,,,,,,,,,,,,,,,,,,,,,,,,,,,,,,,,62,2437,1134-4140,100.0,95.6,2,98.42958459979735,2,71,2,2,2,5,0,3,100.0%,40.0%,✅ Equal,7,4,3
70_Recombination events.csv|2463,2463,70_Recombination events.csv,6213,9252,['14'],1000,2.5e-05,0.005,0.1,5000,50,2,6193,9296,6193-9296,['14'],"['34', '1', '50', '37', '30', '45']","['5', '32', '47', '6', '49', '24']",20.0,44.0,64.0,100.0,3039.0,759.8,25.0,Step 1: Approximate,Standard_Match,Exact Recombinant Match,,57.0,,,,,,,,,,,,,,,,,,,,,,,,,,,,,,,,,,,,,,,,,,,70,2463,6213-9252,100.0,93.6,2,98.3971044467425,2,72,2,2,2,3,0,1,100.0%,66.7%,✅ Equal,5,4,1
15_Recombination events.csv|2408,2408,15_Recombination events.csv,330,10000,"['1', '19', '38', '45']",1000,2.5e-05,0.005,0.1,5000,50,2,324,9971,324-9971,"['38', '45', '19', '1']","['32', '26']","['22', '11', '39', '20', '8', '30', '9', '23', '3']",6.0,29.0,35.0,99.7,,,,Step 2: Best Match,✅ Complete Match (1/1),,✅ Complete (4/4),56.94,100.0,4/4,100.0,4.0,4.0,4/4,47.0,100.0,,,,,,,,,,,,,,,,,,,,,,,,,,,,,,,,,,,15,2408,330-10000,25.0,96.5,2,98.2982982982983,1,73,2,2,2,7,0,5,100.0%,28.6%,✅ Equal,9,4,5
89_Recombination events.csv|2407,2407,89_Recombination events.csv,7770,10000,['4'],1000,2.5e-05,0.005,0.1,5000,50,5,7814,9993,7814-9993,['4'],"['39', '29', '7']","['43', '11', '32', '1', '6', '10', '45', '46', '5', '20', '28', '17', '27', '18', '2', '9', '37', '30', '31', '3', '41', '47', '25']",44.0,7.0,51.0,97.71300448430493,2230.0,557.5,25.0,Step 1: Approximate,Standard_Match,Exact Recombinant Match,,56.54260089686099,,,,,,,,,,,,,,,,,,,,,,,,,,,,,,,,,,,,,,,,,,,89,2407,7770-10000,100.0,94.9,5,98.0263157894737,2,74,7,7,8,12,1,5,87.5%,58.3%,✅ Equal,20,14,6
65_Recombination events.csv|2457,2457,65_Recombination events.csv,102,5019,['26'],1000,2.5e-05,0.005,0.1,5000,50,3,136,5029,136-5029,['26'],['18'],"['46', '41', '8']",34.0,10.0,44.0,99.30852145617246,4917.0,1229.2,25.0,Step 1: Approximate,Standard_Match,Exact Recombinant Match,,56.86170429123449,,,,,,,,,,,,,,,,,,,,,,,,,,,,,,,,,,,,,,,,,,,65,2457,102-5019,100.0,95.6,3,97.99196787148594,1,75,4,4,4,14,0,10,100.0%,28.6%,✅ Equal,18,8,10
87_Recombination events.csv|2432,2432,87_Recombination events.csv,6345,8532,['8'],1000,2.5e-05,0.005,0.1,5000,50,2,6346,8480,6346-8480,['8'],['40'],"['17', '1', '49']",1.0,52.0,53.0,97.6,,,,Step 2: Best Match,✅ Complete Match (1/1),,🎯 Perfect (1/1),56.519999999999996,100.0,1/1,100.0,1.0,1.0,1/1,87.9,100.0,,,,,,,,,,,,,,,,,,,,,,,,,,,,,,,,,,,87,2432,6345-8532,100.0,94.7,2,97.97365754812563,2,76,4,3,8,11,4,8,50.0%,27.3%,❌ Diff: RDP=4 vs Santa=3,19,7,12
89_Recombination events.csv|2487,2487,89_Recombination events.csv,8559,10000,['13'],1000,2.5e-05,0.005,0.1,5000,50,4,8539,9964,8539-9964,['13'],"['15', '8']",['49'],20.0,36.0,56.0,97.50173490631506,1441.0,360.2,25.0,Step 1: Approximate,Standard_Match,Exact Recombinant Match,,56.500346981263014,,,,,,,,,,,,,,,,,,,,,,,,,,,,,,,,,,,,,,,,,,,89,2487,8559-10000,100.0,94.4,4,97.77327935222672,3,77,7,7,8,12,1,5,87.5%,58.3%,✅ Equal,20,14,6
42_Recombination events.csv|2491,2491,42_Recombination events.csv,6390,10000,['9'],1000,2.5e-05,0.005,0.1,5000,50,2,6440,9976,6440-9976,['9'],['13'],"['14', '5', '20', '6', '37', '25', '7']",50.0,24.0,74.0,98.0,,,,Step 2: Best Match,✅ Complete Match (1/1),,🎯 Perfect (1/1),56.6,100.0,1/1,100.0,1.0,1.0,1/1,89.8,100.0,,,,,,,,,,,,,,,,,,,,,,,,,,,,,,,,,,,42,2491,6390-10000,100.0,92.6,2,97.5359342915811,2,78,2,2,2,11,0,9,100.0%,18.2%,✅ Equal,13,4,9
51_Recombination events.csv|2525,2525,51_Recombination events.csv,7986,10000,['4'],1000,2.5e-05,0.005,0.1,5000,50,4,7940,9977,7940-9977,['4'],['20'],"['22', '43', '11', '15', '41', '39', '1', '42', '47', '38', '37', '40', '25']",46.0,23.0,69.0,98.9,,,,Step 2: Best Match,✅ Complete Match (1/1),,🎯 Perfect (1/1),56.78,100.0,1/1,100.0,1.0,1.0,1/1,82.9,100.0,,,,,,,,,,,,,,,,,,,,,,,,,,,,,,,,,,,51,2525,7986-10000,100.0,93.1,4,97.45158002038735,2,79,4,4,4,8,0,4,100.0%,50.0%,✅ Equal,12,8,4
16_Recombination events.csv|2303,2303,16_Recombination events.csv,1860,4341,"['12', '14', '15', '28', '31', '32', '34', '9']",1000,2.5e-05,0.005,0.1,5000,50,1,1917,4346,1917-4346,"['14', '15', '34', '12', '32', '28', '9', '31']","['5', '18', '25']","['17', '13']",57.0,5.0,62.0,97.7,,,,Step 2: Best Match,✅ Complete Match (1/1),,✅ Complete (8/8),56.540000000000006,100.0,8/8,100.0,8.0,8.0,8/8,87.5,100.0,,,,,,,,,,,,,,,,,,,,,,,,,,,,,,,,,,,16,2303,1860-4341,50.0,93.8,1,97.4216380182002,1,80,3,3,4,9,1,6,75.0%,33.3%,✅ Equal,13,6,7
17_Recombination events.csv|2444,2444,17_Recombination events.csv,5925,10000,['3'],1000,2.5e-05,0.005,0.1,5000,50,2,5926,9944,5926-9944,['3'],"['46', '12']","['5', '20', '49', '35', '7']",1.0,56.0,57.0,98.60122699386503,4075.0,1018.8,25.0,Step 1: Approximate,Standard_Match,Exact Recombinant Match,,56.720245398773,,,,,,,,,,,,,,,,,,,,,,,,,,,,,,,,,,,,,,,,,,,17,2444,5925-10000,100.0,94.3,2,97.33935742971887,1,81,2,2,2,14,0,12,100.0%,14.3%,✅ Equal,16,4,12
57_Recombination events.csv|2486,2486,57_Recombination events.csv,2175,10000,['7'],1000,2.5e-05,0.005,0.1,5000,50,3,2183,9934,2183-9934,['7'],"['43', '11', '8', '38', '37', '35']","['26', '4']",8.0,66.0,74.0,99.1,,,,Step 2: Best Match,✅ Complete Match (1/1),,🎯 Perfect (1/1),56.82,100.0,1/1,100.0,1.0,1.0,1/1,83.0,100.0,,,,,,,,,,,,,,,,,,,,,,,,,,,,,,,,,,,57,2486,2175-10000,100.0,92.6,3,96.95740365111561,1,82,3,3,3,8,0,5,100.0%,37.5%,✅ Equal,11,6,5
36_Recombination events.csv|2447,2447,36_Recombination events.csv,7881,10000,['33'],1000,2.5e-05,0.005,0.1,5000,50,2,7842,9960,7842-9960,['33'],"['36', '43', '11', '38', '45', '9', '35']","['4', '41', '19', '39', '23', '42']",39.0,40.0,79.0,98.11231713072203,2119.0,529.8,25.0,Step 1: Approximate,Standard_Match,Exact Recombinant Match,,56.62246342614441,,,,,,,,,,,,,,,,,,,,,,,,,,,,,,,,,,,,,,,,,,,36,2447,7881-10000,100.0,92.1,2,96.65653495440729,2,83,4,4,4,7,0,3,100.0%,57.1%,✅ Equal,11,8,3
80_Recombination events.csv|2443,2443,80_Recombination events.csv,8889,10000,"['32', '49']",1000,2.5e-05,0.005,0.1,5000,50,2,8886,9908,8886-9908,"['32', '49']","['39', '20', '43']","['36', '22', '13', '34', '46', '26', '38', '17', '18', '30', '23', '35', '7']",3.0,92.0,95.0,91.71917191719172,1111.0,277.8,25.0,Step 1: Approximate,Standard_Match,Exact Recombinant Match,,55.34383438343835,,,,,,,,,,,,,,,,,,,,,,,,,,,,,,,,,,,,,,,,,,,80,2443,8889-10000,100.0,90.5,2,96.64948453608247,2,84,3,3,3,8,0,5,100.0%,37.5%,✅ Equal,11,6,5
11_Recombination events.csv|2513,2513,11_Recombination events.csv,1674,10000,['18'],1000,2.5e-05,0.005,0.1,5000,50,3,1699,9924,1699-9924,['18'],"['38', '37', '15']","['22', '1']",25.0,76.0,101.0,98.8,,,,Step 2: Best Match,✅ Complete Match (1/1),,🎯 Perfect (1/1),56.760000000000005,100.0,1/1,100.0,1.0,1.0,1/1,69.8,100.0,,,,,,,,,,,,,,,,,,,,,,,,,,,,,,,,,,,11,2513,1674-10000,100.0,89.9,3,96.00818833162742,2,85,3,3,4,10,1,7,75.0%,30.0%,✅ Equal,14,6,8
36_Recombination events.csv|2440,2440,36_Recombination events.csv,6027,10000,"['21', '25']",1000,2.5e-05,0.005,0.1,5000,50,4,6074,9953,6074-9953,"['21', '25']","['36', '44', '43', '11', '38', '2', '40', '45', '9', '35']","['32', '22']",47.0,47.0,94.0,97.63402970047824,3973.0,993.2,25.0,Step 1: Approximate,Standard_Match,Exact Recombinant Match,,56.52680594009565,,,,,,,,,,,,,,,,,,,,,,,,,,,,,,,,,,,,,,,,,,,36,2440,6027-10000,100.0,90.6,4,95.8966565349544,3,86,4,4,4,7,0,3,100.0%,57.1%,✅ Equal,11,8,3
23_Recombination events.csv|2401,2401,23_Recombination events.csv,3351,10000,"['20', '35']",1000,2.5e-05,0.005,0.1,5000,50,1,3450,9966,3450-9966,"['20', '35']","['34', '41', '33', '9']","['19', '47', '42']",99.0,34.0,133.0,98.0,,,,Step 2: Best Match,✅ Complete Match (1/1),,✅ Complete (2/2),56.6,100.0,2/2,100.0,2.0,2.0,2/2,80.2,100.0,,,,,,,,,,,,,,,,,,,,,,,,,,,,,,,,,,,23,2401,3351-10000,100.0,86.7,1,95.34518828451883,1,87,2,2,2,4,0,2,100.0%,50.0%,✅ Equal,6,4,2
91_Recombination events.csv|2315,2315,91_Recombination events.csv,9123,10000,"['1', '11', '14', '16', '21', '25', '3', '30', '31', '40', '42', '47', '48', '6', '7']",1000,2.5e-05,0.005,0.1,5000,50,2,9122,9950,9122-9950,"['14', '48', '31', '11', '1', '6', '16', '42', '47', '3', '25', '30', '21', '40', '7']","['24', '17', '45', '9']",['46'],1.0,50.0,51.0,94.3,,,,Step 2: Best Match,✅ Complete Match (1/1),,✅ Complete (15/15),55.86,100.0,15/15,100.0,15.0,15.0,15/15,70.9,100.0,,,,,,,,,,,,,,,,,,,,,,,,,,,,,,,,,,,91,2315,9123-10000,86.66666666666667,94.9,2,93.33333333333334,1,88,3,3,3,13,0,10,100.0%,23.1%,✅ Equal,16,6,10
92_Recombination events.csv|2265,2265,92_Recombination events.csv,2139,10000,"['21', '26', '27', '37']",1000,2.5e-05,0.005,0.1,5000,50,2,2244,9936,2244-9936,"['21', '27', '26', '37']","['10', '14', '18', '13']","['43', '11', '34', '19', '32', '1', '6', '39', '38', '49', '50', '45', '35', '46', '5', '20', '28', '17', '29', '2', '9', '42', '33', '44', '22', '48', '12', '16', '8', '30', '23', '40', '7', '3', '31', '36', '4', '15', '41', '47', '24', '25']",105.0,64.0,169.0,97.9,,,,Step 2: Best Match,✅ Complete Match (1/1),,✅ Complete (4/4),54.58,100.0,4/4,100.0,4.0,4.0,4/4,60.5,100.0,,,,,,,,,,,,,,,,,,,,,,,,,,,,,,,,,,,92,2265,2139-10000,100.0,83.1,2,93.32638164754952,1,89,2,2,2,7,0,5,100.0%,28.6%,✅ Equal,9,4,5
93_Recombination events.csv|2253,2253,93_Recombination events.csv,8646,9285,"['10', '16', '20', '22', '25', '28', '29', '3', '30', '34', '36', '37', '39', '40', '41', '44', '47', '48', '49', '5', '50', '6', '8']",1000,2.5e-05,0.005,0.1,5000,50,2,8656,9282,8656-9282,"['34', '39', '50', '6', '49', '5', '20', '28', '29', '44', '22', '16', '8', '37', '30', '40', '3', '36', '41', '47', '25']","['43', '12', '26', '24', '27', '18', '45', '35', '42']","['13', '11', '19', '32', '1', '10', '38', '14', '46', '17', '2', '9', '33', '48', '23', '31', '7', '4', '15', '21']",10.0,3.0,13.0,98.0,,,,Step 2: Best Match,✅ Complete Match (1/1),,✅ Complete (21/21),58.6,91.3,21/21,100.0,23.0,21.0,21/21,89.8,100.0,,,,,,,,,,,,,,,,,,,,,,,,,,,,,,,,,,,93,2253,8646-9285,85.71428571428571,98.7,2,92.85714285714286,2,90,2,2,4,10,2,8,50.0%,20.0%,✅ Equal,14,4,10
38_Recombination events.csv|2280,2280,38_Recombination events.csv,9693,10000,"['13', '30', '35', '4']",1000,2.5e-05,0.005,0.1,5000,50,2,9700,9990,9700-9990,"['4', '30', '35', '13']","['44', '31', '43', '11', '7', '1', '6', '16', '23', '3']","['34', '49', '10', '38', '45', '14', '5', '20', '28', '17', '27', '2', '9', '42', '33', '22', '48', '8', '40', '41', '47', '24', '21', '25']",7.0,10.0,17.0,94.5,,,,Step 2: Best Match,✅ Complete Match (1/1),,✅ Complete (4/4),57.900000000000006,100.0,4/4,100.0,4.0,4.0,4/4,72.3,100.0,,,,,,,,,,,,,,,,,,,,,,,,,,,,,,,,,,,38,2280,9693-10000,50.0,98.3,2,91.66666666666667,2,91,2,2,2,3,0,1,100.0%,66.7%,✅ Equal,5,4,1
89_Recombination events.csv|2423,2423,89_Recombination events.csv,2643,3876,['4'],1000,2.5e-05,0.005,0.1,5000,50,7,2806,3892,2806-3892,['4'],"['19', '22', '49', '13']","['34', '5', '48']",163.0,16.0,179.0,86.8,,,,Step 2: Best Match,✅ Complete Match (1/1),,🎯 Perfect (1/1),52.36,100.0,1/1,100.0,1.0,1.0,1/1,27.4,96.4,,,,,,,,,,,,,,,,,,,,,,,,,,,,,,,,,,,89,2423,2643-3876,100.0,82.1,7,91.54858299595142,4,92,7,7,8,12,1,5,87.5%,58.3%,✅ Equal,20,14,6
51_Recombination events.csv|2133,2133,51_Recombination events.csv,4041,10000,"['1', '10', '11', '13', '14', '15', '17', '2', '20', '21', '22', '23', '24', '25', '27', '3', '33', '34', '35', '36', '37', '38', '39', '4', '40', '41', '42', '43', '45', '46', '47', '48', '49', '5', '50', '6', '7', '9']",1000,2.5e-05,0.005,0.1,5000,50,1,3984,9978,3984-9978,"['43', '13', '11', '34', '39', '1', '49', '6', '10', '38', '50', '45', '14', '46', '5', '20', '27', '9', '42', '33', '22', '48', '37', '40', '7', '3', '36', '4', '15', '41', '47', '21', '25']","['30', '31']","['44', '12', '19', '26', '32', '16', '8', '28', '18', '29', '2']",57.0,22.0,79.0,99.6,,,,Step 2: Best Match,✅ Complete Match (1/1),,✅ Complete (33/33),56.92,86.8,33/33,100.0,38.0,33.0,33/33,90.2,100.0,,,,,,,,,,,,,,,,,,,,,,,,,,,,,,,,,,,51,2133,4041-10000,87.87878787878788,92.1,1,90.88128996385876,3,93,4,4,4,8,0,4,100.0%,50.0%,✅ Equal,12,8,4
17_Recombination events.csv|2266,2266,17_Recombination events.csv,1476,7407,"['10', '13', '17', '2', '24', '25', '26', '27', '29', '31', '36', '37', '39', '4', '40', '41', '43', '44', '6', '8', '9']",1000,2.5e-05,0.005,0.1,5000,50,1,1474,7405,1474-7405,"['43', '13', '39', '6', '10', '17', '27', '29', '2', '9', '44', '26', '8', '37', '40', '31', '36', '4', '41', '24', '25']","['33', '22', '11', '19', '32', '47', '16', '28', '30', '45', '23']","['14', '48', '15', '34', '12', '46', '50', '38', '18', '21', '42']",2.0,2.0,4.0,100.0,,,,Step 2: Best Match,🎯 Perfect Match (1/1),,✅ Complete (21/21),59.0,100.0,21/21,100.0,21.0,21.0,21/21,99.5,100.0,,,,,,,,,,,,,,,,,,,,,,,,,,,,,,,,,,,17,2266,1476-7407,80.95238095238095,99.6,1,90.47619047619048,2,94,2,2,2,14,0,12,100.0%,14.3%,✅ Equal,16,4,12
18_Recombination events.csv|2343,2343,18_Recombination events.csv,1797,5073,"['1', '12', '14', '15', '16', '18', '2', '21', '23', '24', '26', '27', '28', '3', '30', '31', '36', '37', '4', '40', '42', '43', '44', '49']",1000,2.5e-05,0.005,0.1,5000,50,2,1736,5056,1736-5056,"['43', '1', '49', '14', '28', '27', '18', '2', '42', '44', '12', '26', '16', '37', '23', '40', '31', '3', '36', '4', '15', '24', '21']","['22', '48', '11', '34', '5', '19', '32', '41', '46', '8', '10', '17', '45', '9', '35', '7']","['13', '47', '6', '50', '38', '29', '25']",61.0,17.0,78.0,99.5,,,,Step 2: Best Match,✅ Complete Match (1/1),,✅ Complete (23/23),56.900000000000006,95.8,23/23,100.0,24.0,23.0,23/23,88.1,100.0,,,,,,,,,,,,,,,,,,,,,,,,,,,,,,,,,,,18,2343,1797-5073,82.6086956521739,92.2,2,89.77963699538243,2,95,2,2,2,5,0,3,100.0%,40.0%,✅ Equal,7,4,3
61_Recombination events.csv|2210,2210,61_Recombination events.csv,7917,9900,"['10', '15', '16', '17', '22', '23', '25', '27', '3', '34', '35', '36', '38', '39', '41', '42', '45', '47', '50', '9']",1000,2.5e-05,0.005,0.1,5000,50,2,7872,9902,7872-9902,"['34', '39', '50', '10', '38', '45', '35', '17', '27', '9', '42', '22', '16', '23', '3', '36', '15', '41', '47', '25']",['2'],"['44', '14', '48', '11', '46', '12', '1', '6', '24', '37', '29']",45.0,2.0,47.0,100.0,,,,Step 2: Best Match,✅ Complete Match (1/1),,✅ Complete (20/20),57.0,100.0,20/20,100.0,20.0,20.0,20/20,88.1,100.0,,,,,,,,,,,,,,,,,,,,,,,,,,,,,,,,,,,61,2210,7917-9900,80.0,95.3,2,89.22520661157026,2,96,3,3,3,4,0,1,100.0%,75.0%,✅ Equal,7,6,1
61_Recombination events.csv|2178,2178,61_Recombination events.csv,3705,10000,"['18', '19', '28', '30', '31', '32', '49', '5', '7']",1000,2.5e-05,0.005,0.1,5000,50,1,3705,9964,3705-9964,"['31', '5', '19', '32', '28', '49', '18', '30', '7']","['33', '44', '14', '48', '11', '46', '12', '1', '50', '6', '8', '24', '37', '29', '40']","['4', '43', '13', '26', '20', '21']",0.0,36.0,36.0,99.4,,,,Step 2: Best Match,⭐ Excellent Match (1/1),,✅ Complete (9/9),56.88,100.0,9/9,100.0,9.0,9.0,9/9,95.1,100.0,,,,,,,,,,,,,,,,,,,,,,,,,,,,,,,,,,,61,2178,3705-10000,77.77777777777779,96.4,1,88.68227731864096,3,97,3,3,3,4,0,1,100.0%,75.0%,✅ Equal,7,6,1
20_Recombination events.csv|2438,2438,20_Recombination events.csv,2499,3606,"['10', '36']",1000,2.5e-05,0.005,0.1,5000,50,5,2588,3770,2588-3770,"['10', '36']",['31'],"['15', '43']",89.0,164.0,253.0,91.9602529358627,1107.0,276.8,25.0,Step 1: Approximate,Standard_Match,Exact Recombinant Match,,53.39205058717254,,,,,,,,,,,,,,,,,,,,,,,,,,,,,,,,,,,,,,,,,,,20,2438,2499-3606,100.0,74.7,5,87.61329305135952,1,98,4,4,5,12,1,8,80.0%,33.3%,✅ Equal,17,8,9
16_Recombination events.csv|2435,2435,16_Recombination events.csv,3306,10000,"['23', '41', '43']",1000,2.5e-05,0.005,0.1,5000,50,2,3305,9990,3305-9990,"['41', '23', '43']","['27', '22', '8', '3']","['17', '13']",1.0,10.0,11.0,99.9,,,,Step 2: Best Match,⭐ Excellent Match (1/1),,✅ Complete (3/3),58.980000000000004,100.0,3/3,100.0,3.0,3.0,3/3,98.3,100.0,,,,,,,,,,,,,,,,,,,,,,,,,,,,,,,,,,,16,2435,3306-10000,33.33333333333333,98.9,2,83.33333333333333,2,99,3,3,4,9,1,6,75.0%,33.3%,✅ Equal,13,6,7
96_Recombination events.csv|2465,2465,96_Recombination events.csv,6870,8397,"['10', '26', '29', '37', '6', '7']",1000,2.5e-05,0.005,0.1,5000,50,2,6874,8376,6874-8376,"['26', '6', '10', '37', '29', '7']","['19', '17', '32', '43']","['13', '39', '1', '49', '50', '38', '45', '35', '14', '5', '20', '27', '18', '2', '9', '42', '33', '44', '48', '12', '16', '8', '30', '40', '31', '3', '4', '47', '24', '21']",4.0,21.0,25.0,98.4,,,,Step 2: Best Match,✅ Complete Match (1/1),,✅ Complete (6/6),56.68000000000001,100.0,6/6,100.0,6.0,6.0,6/6,91.8,100.0,,,,,,,,,,,,,,,,,,,,,,,,,,,,,,,,,,,96,2465,6870-8397,66.66666666666666,97.5,2,83.23097918799044,2,100,3,3,3,7,0,4,100.0%,42.9%,✅ Equal,10,6,4
86_Recombination events.csv|2339,2339,86_Recombination events.csv,1875,3114,"['13', '18', '19', '20', '30', '32', '4', '45', '50']",1000,2.5e-05,0.005,0.1,5000,50,3,1904,3120,1904-3120,"['4', '13', '19', '20', '32', '18', '30', '45']","['44', '14', '43', '46', '12', '39', '21', '24', '37', '2', '9', '23', '40', '3']","['36', '48', '34', '41', '1', '6', '38', '17', '25', '7']",29.0,6.0,35.0,97.7,,,,Step 2: Best Match,✅ Complete Match (1/1),,✅ Complete (8/8),56.540000000000006,88.9,8/8,100.0,9.0,8.0,8/8,85.9,100.0,,,,,,,,,,,,,,,,,,,,,,,,,,,,,,,,,,,86,2339,1875-3114,62.5,96.5,3,80.28455284552845,2,101,4,4,4,10,0,6,100.0%,40.0%,✅ Equal,14,8,6
69_Recombination events.csv|2477,2477,69_Recombination events.csv,1347,10000,"['1', '25', '3', '31', '37', '47']",1000,2.5e-05,0.005,0.1,5000,50,2,1357,9942,1357-9942,"['31', '1', '47', '37', '3', '25']","['24', '9']","['15', '30']",10.0,58.0,68.0,99.2,,,,Step 2: Best Match,✅ Complete Match (1/1),,✅ Complete (6/6),56.84,100.0,6/6,100.0,6.0,6.0,6/6,74.8,100.0,,,,,,,,,,,,,,,,,,,,,,,,,,,,,,,,,,,69,2477,1347-10000,33.33333333333333,93.2,2,80.21462105969147,2,102,2,2,2,7,0,5,100.0%,28.6%,✅ Equal,9,4,5
20_Recombination events.csv|2441,2441,20_Recombination events.csv,1758,4077,"['13', '29', '40', '49', '5', '9']",1000,2.5e-05,0.005,0.1,5000,50,1,1758,4146,1758-4146,"['13', '5', '49', '29', '9', '40']","['16', '6']",['2'],0.0,69.0,69.0,100.0,,,,Step 2: Best Match,✅ Complete Match (1/1),,✅ Complete (6/6),57.0,100.0,6/6,100.0,6.0,6.0,6/6,85.1,100.0,,,,,,,,,,,,,,,,,,,,,,,,,,,,,,,,,,,20,2441,1758-4077,66.66666666666666,93.1,1,80.21148036253776,2,103,4,4,5,12,1,8,80.0%,33.3%,✅ Equal,17,8,9
59_Recombination events.csv|2564,2564,59_Recombination events.csv,6093,10000,"['21', '26', '31', '37', '39', '4', '43', '46']",1000,2.5e-05,0.005,0.1,5000,50,1,6110,9950,6110-9950,"['4', '43', '46', '39', '26', '37', '21', '31']","['10', '19']","['36', '14', '22', '32', '20', '42', '49', '8', '16', '50', '3', '25', '18', '30', '45', '7']",17.0,50.0,67.0,98.3,,,,Step 2: Best Match,✅ Complete Match (1/1),,✅ Complete (8/8),56.66,100.0,8/8,100.0,8.0,8.0,8/8,91.4,100.0,,,,,,,,,,,,,,,,,,,,,,,,,,,,,,,,,,,59,2564,6093-10000,50.0,93.3,1,78.57142857142857,1,104,2,2,2,7,0,5,100.0%,28.6%,✅ Equal,9,4,5
16_Recombination events.csv|1968,1968,16_Recombination events.csv,3945,10000,"['12', '14', '15', '18', '25', '28', '31', '32', '34', '5', '9']",1000,2.5e-05,0.005,0.1,5000,50,4,3962,9900,3962-9900,"['5', '18', '25']","['4', '19', '20', '1', '39', '49', '38', '50', '45']","['17', '13']",17.0,100.0,117.0,98.1,,,,Step 2: Best Match,✅ Complete Match (1/1),,✅ Complete (3/3),56.620000000000005,27.3,3/3,100.0,11.0,3.0,3/3,85.2,100.0,,,,,,,,,,,,,,,,,,,,,,,,,,,,,,,,,,,16,1968,3945-10000,33.33333333333333,88.3,4,77.97438490057296,3,105,3,3,4,9,1,6,75.0%,33.3%,✅ Equal,13,6,7
92_Recombination events.csv|2368,2368,92_Recombination events.csv,2850,7413,"['11', '15', '17', '29', '31', '34', '4', '41', '45']",1000,2.5e-05,0.005,0.1,5000,50,1,2814,7408,2814-7408,"['4', '11', '41', '15', '34', '17', '29', '45', '31']","['10', '14', '18', '13']","['33', '36', '44', '43', '46', '7', '20', '1', '28', '47', '38', '25', '30', '9', '3']",36.0,5.0,41.0,99.9,,,,Step 2: Best Match,⭐ Excellent Match (1/1),,✅ Complete (9/9),56.980000000000004,100.0,9/9,100.0,9.0,9.0,9/9,95.5,100.0,,,,,,,,,,,,,,,,,,,,,,,,,,,,,,,,,,,92,2368,2850-7413,55.55555555555556,95.9,1,77.77777777777777,2,106,2,2,2,7,0,5,100.0%,28.6%,✅ Equal,9,4,5
60_Recombination events.csv|2307,2307,60_Recombination events.csv,4449,5952,"['12', '18', '22', '24', '25', '27', '33', '45', '46']",1000,2.5e-05,0.005,0.1,5000,50,2,4446,5946,4446-5946,"['33', '22', '46', '12', '24', '27', '18', '45', '25']","['43', '11', '34', '19', '39', '1', '6', '49', '10', '50', '35', '14', '20', '28', '17', '29', '2', '9', '44', '48', '26', '16', '30', '23', '40', '7', '3', '31', '36', '4', '15', '47', '21']","['13', '41', '32', '8', '37', '42']",3.0,6.0,9.0,99.6,,,,Step 2: Best Match,⭐ Excellent Match (1/1),,✅ Complete (9/9),58.92,100.0,9/9,100.0,9.0,9.0,9/9,97.0,100.0,,,,,,,,,,,,,,,,,,,,,,,,,,,,,,,,,,,60,2307,4449-5952,55.55555555555556,99.1,2,77.62687234518219,2,107,4,4,4,7,0,3,100.0%,57.1%,✅ Equal,11,8,3
86_Recombination events.csv|2240,2240,86_Recombination events.csv,6249,7203,"['11', '17', '27', '28', '29', '38', '50', '8']",1000,2.5e-05,0.005,0.1,5000,50,4,6320,7184,6320-7184,"['11', '28', '8', '27', '29']","['33', '44', '14', '43', '15', '46', '12', '39', '42', '16', '21', '24', '37', '2', '9', '23', '40', '3']","['36', '4', '48', '13', '34', '41', '19', '20', '1', '6', '32', '25', '18', '30', '45', '7']",71.0,19.0,90.0,90.6,,,,Step 2: Best Match,✅ Complete Match (1/1),,✅ Complete (5/5),55.120000000000005,62.5,5/5,100.0,8.0,5.0,5/5,52.8,100.0,,,,,,,,,,,,,,,,,,,,,,,,,,,,,,,,,,,86,2240,6249-7203,60.0,91.0,4,76.23983739837398,3,108,4,4,4,10,0,6,100.0%,40.0%,✅ Equal,14,8,6
33_Recombination events.csv|2479,2479,33_Recombination events.csv,3717,10000,['36'],1000,2.5e-05,0.005,0.1,5000,50,4,3719,9502,3719-9502,['36'],['13'],"['22', '6']",2.0,498.0,500.0,92.04201814419864,3717.0,929.2,25.0,Step 1: Approximate,Standard_Match,Exact Recombinant Match,,53.40840362883973,,,,,,,,,,,,,,,,,,,,,,,,,,,,,,,,,,,,,,,,,,,33,2479,3717-10000,100.0,50.0,4,75.35496957403652,2,109,4,4,4,10,0,6,100.0%,40.0%,✅ Equal,14,8,6
51_Recombination events.csv|2520,2520,51_Recombination events.csv,9630,10000,"['17', '23', '24', '35']",1000,2.5e-05,0.005,0.1,5000,50,3,9621,9961,9621-9961,"['24', '17', '23', '35']","['10', '21', '50', '3']","['12', '32', '26', '8']",9.0,39.0,48.0,89.5,,,,Step 2: Best Match,✅ Complete Match (1/1),,✅ Complete (4/4),54.900000000000006,100.0,4/4,100.0,4.0,4.0,4/4,35.1,99.4,,,,,,,,,,,,,,,,,,,,,,,,,,,,,,,,,,,51,2520,9630-10000,50.0,95.2,3,73.52191641182466,4,110,4,4,4,8,0,4,100.0%,50.0%,✅ Equal,12,8,4
25_Recombination events.csv|2025,2025,25_Recombination events.csv,8460,10000,"['13', '17', '2', '22', '27', '29', '3', '30', '40', '41', '42', '43', '46', '49', '5', '7', '8']",1000,2.5e-05,0.005,0.1,5000,50,2,8470,9713,8470-9713,"['13', '29', '42', '3']","['36', '14', '26', '24', '9']","['11', '34', '19', '32', '1', '6', '39', '38', '50', '45', '35', '20', '28', '18', '33', '44', '48', '16', '37', '23', '40', '4', '15', '47', '21', '25']",10.0,287.0,297.0,80.7,,,,Step 2: Best Match,✅ Complete Match (1/1),,✅ Complete (4/4),51.14,23.5,4/4,100.0,17.0,4.0,4/4,3.6,89.7,,,,,,,,,,,,,,,,,,,,,,,,,,,,,,,,,,,25,2025,8460-10000,75.0,70.3,2,73.51434426229508,2,111,2,2,2,7,0,5,100.0%,28.6%,✅ Equal,9,4,5
57_Recombination events.csv|2383,2383,57_Recombination events.csv,5688,6309,"['15', '17', '30', '36']",1000,2.5e-05,0.005,0.1,5000,50,2,5730,6318,5730-6318,"['15', '17', '36', '30']","['4', '41', '26', '42', '18', '21', '7']","['33', '22', '32', '1', '28', '27', '45', '9', '40']",42.0,9.0,51.0,93.2,,,,Step 2: Best Match,✅ Complete Match (1/1),,✅ Complete (4/4),55.64,100.0,4/4,100.0,4.0,4.0,4/4,58.9,100.0,,,,,,,,,,,,,,,,,,,,,,,,,,,,,,,,,,,57,2383,5688-6309,50.0,94.9,2,73.1237322515213,2,112,3,3,3,8,0,5,100.0%,37.5%,✅ Equal,11,6,5
65_Recombination events.csv|2346,2346,65_Recombination events.csv,8040,10000,"['24', '26', '34', '37', '45', '48']",1000,2.5e-05,0.005,0.1,5000,50,1,8027,9980,8027-9980,"['48', '34', '24', '37', '45']","['43', '13', '11', '19', '32', '39', '10', '5', '17', '29', '9', '42', '33', '23', '40', '7', '36', '15', '47', '25']","['46', '41', '8']",13.0,20.0,33.0,99.0,,,,Step 2: Best Match,✅ Complete Match (1/1),,✅ Complete (5/5),56.8,83.3,5/5,100.0,6.0,5.0,5/5,91.6,100.0,,,,,,,,,,,,,,,,,,,,,,,,,,,,,,,,,,,65,2346,8040-10000,40.0,96.7,1,68.54417670682732,2,113,4,4,4,14,0,10,100.0%,28.6%,✅ Equal,18,8,10
28_Recombination events.csv|2386,2386,28_Recombination events.csv,8139,10000,"['16', '33', '40', '41', '43', '46', '8']",1000,2.5e-05,0.005,0.1,5000,50,2,8182,9980,8182-9980,"['33', '43', '46', '41', '16', '8', '40']","['11', '15', '5', '19', '17', '3', '23', '35', '7']","['36', '13', '20', '1', '42', '27', '37', '30', '25']",43.0,20.0,63.0,96.6,,,,Step 2: Best Match,✅ Complete Match (1/1),,✅ Complete (7/7),56.32,100.0,7/7,100.0,7.0,7.0,7/7,83.1,100.0,,,,,,,,,,,,,,,,,,,,,,,,,,,,,,,,,,,28,2386,8139-10000,42.857142857142854,93.7,2,68.32546832546832,2,114,3,3,3,7,0,4,100.0%,42.9%,✅ Equal,10,6,4
33_Recombination events.csv|2261,2261,33_Recombination events.csv,123,4059,"['24', '31', '7']",1000,2.5e-05,0.005,0.1,5000,50,2,118,4068,118-4068,"['24', '7', '31']","['13', '39', '1', '6', '49', '38', '45', '35', '14', '46', '20', '28', '42', '22', '12', '26', '8', '37', '30', '23', '40', '3', '36', '4']","['33', '44', '43', '11', '34', '5', '19', '47', '50', '10', '21', '29', '2']",5.0,9.0,14.0,100.0,,,,Step 2: Best Match,⭐ Excellent Match (1/1),,✅ Complete (3/3),59.0,100.0,3/3,100.0,3.0,3.0,3/3,98.2,100.0,,,,,,,,,,,,,,,,,,,,,,,,,,,,,,,,,,,33,2261,123-4059,33.33333333333333,98.6,2,66.66666666666666,3,115,4,4,4,10,0,6,100.0%,40.0%,✅ Equal,14,8,6
65_Recombination events.csv|2392,2392,65_Recombination events.csv,4326,8472,"['1', '20', '38']",1000,2.5e-05,0.005,0.1,5000,50,2,4323,8471,4323-8471,"['38', '20', '1']","['43', '13', '11', '19', '32', '39', '49', '10', '5', '17', '27', '29', '9', '42', '33', '44', '16', '23', '40', '7', '36', '15', '47', '25']","['18', '3']",3.0,1.0,4.0,100.0,,,,Step 2: Best Match,🎯 Perfect Match (1/1),,✅ Complete (3/3),59.0,100.0,3/3,100.0,3.0,3.0,3/3,99.5,100.0,,,,,,,,,,,,,,,,,,,,,,,,,,,,,,,,,,,65,2392,4326-8472,33.33333333333333,99.6,2,66.66666666666666,3,116,4,4,4,14,0,10,100.0%,28.6%,✅ Equal,18,8,10
89_Recombination events.csv|2498,2498,89_Recombination events.csv,5958,10000,"['16', '23', '26']",1000,2.5e-05,0.005,0.1,5000,50,1,5956,9990,5956-9990,"['26', '23', '16']","['34', '5', '48']","['39', '29', '7']",2.0,10.0,12.0,99.8,,,,Step 2: Best Match,⭐ Excellent Match (1/1),,✅ Complete (3/3),58.96,100.0,3/3,100.0,3.0,3.0,3/3,98.5,100.0,,,,,,,,,,,,,,,,,,,,,,,,,,,,,,,,,,,89,2498,5958-10000,33.33333333333333,98.8,1,66.66666666666666,5,117,7,7,8,12,1,5,87.5%,58.3%,✅ Equal,20,14,6
19_Recombination events.csv|2531,2531,19_Recombination events.csv,1482,10000,"['12', '27', '7']",1000,2.5e-05,0.005,0.1,5000,50,2,1442,9856,1442-9856,"['27', '12', '7']",['34'],"['38', '45']",40.0,144.0,184.0,98.3,,,,Step 2: Best Match,✅ Complete Match (1/1),,✅ Complete (3/3),54.66,100.0,3/3,100.0,3.0,3.0,3/3,37.9,100.0,,,,,,,,,,,,,,,,,,,,,,,,,,,,,,,,,,,19,2531,1482-10000,33.33333333333333,81.6,2,64.95069033530572,2,118,2,2,2,4,0,2,100.0%,50.0%,✅ Equal,6,4,2
36_Recombination events.csv|2190,2190,36_Recombination events.csv,1458,6909,"['26', '37', '6']",1000,2.5e-05,0.005,0.1,5000,50,3,1449,6956,1449-6956,"['37', '26', '6']",['10'],"['43', '13', '11', '34', '19', '32', '1', '39', '49', '38', '50', '45', '35', '14', '46', '5', '20', '28', '17', '27', '18', '29', '2', '9', '42', '33', '44', '22', '48', '12', '16', '8', '30', '23', '40', '7', '3', '31', '36', '4', '15', '41', '24', '21', '25']",9.0,47.0,56.0,100.0,,,,Step 2: Best Match,✅ Complete Match (1/1),,✅ Complete (3/3),57.0,100.0,3/3,100.0,3.0,3.0,3/3,93.8,100.0,,,,,,,,,,,,,,,,,,,,,,,,,,,,,,,,,,,36,2190,1458-6909,33.33333333333333,94.4,3,64.48834853090172,4,119,4,4,4,7,0,3,100.0%,57.1%,✅ Equal,11,8,3
60_Recombination events.csv|2516,2516,60_Recombination events.csv,4224,10000,"['11', '16', '29']",1000,2.5e-05,0.005,0.1,5000,50,3,4234,9937,4234-9937,"['11', '29', '16']",['34'],"['1', '40']",10.0,63.0,73.0,98.7,,,,Step 2: Best Match,✅ Complete Match (1/1),,✅ Complete (3/3),56.74,100.0,3/3,100.0,3.0,3.0,3/3,91.4,100.0,,,,,,,,,,,,,,,,,,,,,,,,,,,,,,,,,,,60,2516,4224-10000,33.33333333333333,92.7,3,63.29644533869885,3,120,4,4,4,7,0,3,100.0%,57.1%,✅ Equal,11,8,3
39_Recombination events.csv|2453,2453,39_Recombination events.csv,1668,10000,"['30', '35', '4', '44']",1000,2.5e-05,0.005,0.1,5000,50,1,1657,9990,1657-9990,"['44', '4', '30', '35']","['36', '13', '41', '12', '42', '27', '25']",['46'],11.0,10.0,21.0,99.9,,,,Step 2: Best Match,✅ Complete Match (1/1),,✅ Complete (4/4),56.980000000000004,100.0,4/4,100.0,4.0,4.0,4/4,93.7,100.0,,,,,,,,,,,,,,,,,,,,,,,,,,,,,,,,,,,39,2453,1668-10000,25.0,97.9,1,62.5,2,121,3,3,3,6,0,3,100.0%,50.0%,✅ Equal,9,6,3
60_Recombination events.csv|2461,2461,60_Recombination events.csv,3096,10000,"['17', '3', '49']",1000,2.5e-05,0.005,0.1,5000,50,4,3248,9937,3248-9937,"['17', '49', '3']","['44', '15', '1', '21', '40']","['34', '43', '47', '28']",152.0,63.0,215.0,96.9,,,,Step 2: Best Match,✅ Complete Match (1/1),,✅ Complete (3/3),54.38,100.0,3/3,100.0,3.0,3.0,3/3,65.3,100.0,,,,,,,,,,,,,,,,,,,,,,,,,,,,,,,,,,,60,2461,3096-10000,33.33333333333333,78.5,4,56.15358819584171,4,122,4,4,4,7,0,3,100.0%,57.1%,✅ Equal,11,8,3
59_Recombination events.csv|2127,2127,59_Recombination events.csv,3798,6309,"['10', '12', '14', '16', '18', '19', '20', '21', '22', '25', '26', '3', '30', '31', '32', '35', '36', '37', '38', '39', '4', '40', '42', '43', '45', '46', '47', '49', '5', '50', '7', '8']",1000,2.5e-05,0.005,0.1,5000,50,2,3484,6894,3484-6894,"['43', '19', '32', '39', '49', '50', '10', '38', '45', '35', '14', '46', '5', '20', '18', '42', '22', '12', '26', '16', '8', '37', '30', '40', '31', '3', '7', '36', '4', '47', '21', '25']","['33', '44', '13', '15', '41', '1', '6', '28', '24', '17', '27', '2', '23']","['48', '34', '11', '29', '9']",314.0,585.0,899.0,100.0,2511.0,627.8,25.0,Step 1: Approximate,Standard_Match,Exact Recombinant Match,,49.25,,,,,,,,,,,,,,,,,,,,,,,,,,,,,,,,,,,,,,,,,,,59,2127,3798-6309,87.5,10.099999999999994,2,55.41264737406216,2,123,2,2,2,7,0,5,100.0%,28.6%,✅ Equal,9,4,5
96_Recombination events.csv|2229,2229,96_Recombination events.csv,2316,10000,"['10', '17', '19', '22', '25', '26', '28', '29', '32', '34', '36', '37', '43', '6', '7']",1000,2.5e-05,0.005,0.1,5000,50,3,2340,9908,2340-9908,"['13', '39', '1', '49', '6', '10', '38', '50', '45', '35', '14', '5', '20', '27', '18', '29', '2', '9', '42', '33', '44', '22', '48', '12', '26', '16', '8', '37', '30', '40', '7', '3', '31', '4', '47', '24', '21']","['36', '43', '34', '19', '32', '28', '17', '25']","['11', '41', '46', '15', '23']",24.0,92.0,116.0,98.5,,,,Step 2: Best Match,❌ Poor (7/37),,❌ Poor (7/37),32.370000000000005,15.6,7/37,18.9,15.0,37.0,7/37,75.0,100.0,,,,,,,,,,,,,,,,,,,,,,,,,,,,,,,,,,,96,2229,2316-10000,13.513513513513514,88.4,3,51.99728899831254,3,124,3,3,3,7,0,4,100.0%,42.9%,✅ Equal,10,6,4
10_Recombination events.csv|2371,2371,10_Recombination events.csv,6780,10000,"['18', '34']",1000,2.5e-05,0.005,0.1,5000,50,1,6778,9999,6778-9999,"['34', '18']",['38'],"['17', '29', '14', '1']",2.0,1.0,3.0,100.0,,,,Step 2: Best Match,🎯 Perfect Match (1/1),,✅ Complete (2/2),59.0,100.0,2/2,100.0,2.0,2.0,2/2,99.5,100.0,,,,,,,,,,,,,,,,,,,,,,,,,,,,,,,,,,,10,2371,6780-10000,0.0,99.7,1,50.0,1,125,1,1,1,8,0,7,100.0%,12.5%,✅ Equal,9,2,7
86_Recombination events.csv|2452,2452,86_Recombination events.csv,7068,10000,"['17', '38']",1000,2.5e-05,0.005,0.1,5000,50,2,7077,9993,7077-9993,"['38', '17']",['11'],['1'],9.0,7.0,16.0,99.5,,,,Step 2: Best Match,⭐ Excellent Match (1/1),,✅ Complete (2/2),58.900000000000006,100.0,2/2,100.0,2.0,2.0,2/2,97.3,100.0,,,,,,,,,,,,,,,,,,,,,,,,,,,,,,,,,,,86,2452,7068-10000,0.0,98.4,2,50.0,4,126,4,4,4,10,0,6,100.0%,40.0%,✅ Equal,14,8,6
23_Recombination events.csv|2396,2396,23_Recombination events.csv,3999,4389,"['27', '38']",1000,2.5e-05,0.005,0.1,5000,50,2,4032,4378,4032-4378,"['38', '27']",['49'],['21'],33.0,11.0,44.0,88.7,,,,Step 2: Best Match,✅ Complete Match (1/1),,✅ Complete (2/2),54.74,100.0,2/2,100.0,2.0,2.0,2/2,43.6,98.6,,,,,,,,,,,,,,,,,,,,,,,,,,,,,,,,,,,23,2396,3999-4389,0.0,95.6,2,50.0,2,127,2,2,2,4,0,2,100.0%,50.0%,✅ Equal,6,4,2
28_Recombination events.csv|2326,2326,28_Recombination events.csv,318,4167,"['16', '19', '33', '40', '41', '43', '46', '8']",1000,2.5e-05,0.005,0.1,5000,50,1,318,4168,318-4168,['19'],"['48', '22', '50', '38', '21']","['11', '15', '5', '17', '3', '23', '35', '7']",0.0,1.0,1.0,100.0,,,,Step 2: Best Match,🎯 Perfect Match (1/1),,🎯 Perfect (1/1),59.0,12.5,1/1,100.0,8.0,1.0,1/1,99.9,100.0,,,,,,,,,,,,,,,,,,,,,,,,,,,,,,,,,,,28,2326,318-4167,0.0,99.9,1,50.0,3,128,3,3,3,7,0,4,100.0%,42.9%,✅ Equal,10,6,4
30_Recombination events.csv|2482,2482,30_Recombination events.csv,4275,6276,"['31', '44']",1000,2.5e-05,0.005,0.1,5000,50,1,4254,6288,4254-6288,"['44', '31']",['47'],['15'],21.0,12.0,33.0,100.0,,,,Step 2: Best Match,✅ Complete Match (1/1),,✅ Complete (2/2),57.0,100.0,2/2,100.0,2.0,2.0,2/2,91.8,100.0,,,,,,,,,,,,,,,,,,,,,,,,,,,,,,,,,,,30,2482,4275-6276,0.0,96.7,1,50.0,2,129,2,2,2,4,0,2,100.0%,50.0%,✅ Equal,6,4,2
15_Recombination events.csv|2434,2434,15_Recombination events.csv,189,1386,"['13', '27']",1000,2.5e-05,0.005,0.1,5000,50,1,190,1386,190-1386,"['27', '13']","['2', '41', '28', '31']",['9'],1.0,0.0,1.0,99.9,,,,Step 2: Best Match,🎯 Perfect Match (1/1),,✅ Complete (2/2),58.980000000000004,100.0,2/2,100.0,2.0,2.0,2/2,99.6,100.0,,,,,,,,,,,,,,,,,,,,,,,,,,,,,,,,,,,15,2434,189-1386,0.0,99.9,1,50.0,2,130,2,2,2,7,0,5,100.0%,28.6%,✅ Equal,9,4,5
91_Recombination events.csv|2263,2263,91_Recombination events.csv,264,10000,['38'],1000,2.5e-05,0.005,0.1,5000,50,3,9125,9982,9125-9982,['38'],['46'],"['33', '15', '34', '5', '12', '26', '41', '8', '10', '18', '29', '2']",8861.0,18.0,8879.0,8.802382908792111,264.0,66.0,25.0,Step 1: Approximate,Case_A_End_End,Exact Recombinant Match,,34.760476581758425,,,,,,,,,,,,,,,,,,,,,,,,,,,,,,,,,,,,,,,,,,,91,2263,264-10000,100.0,0.0,3,50.0,2,131,3,3,3,13,0,10,100.0%,23.1%,✅ Equal,16,6,10
90_Recombination events.csv|2439,2439,90_Recombination events.csv,4620,10000,"['11', '15', '29', '7']",1000,2.5e-05,0.005,0.1,5000,50,1,4638,8958,4638-8958,"['11', '15', '29', '7']","['47', '45', '23']","['14', '43', '39', '38', '2', '35', '42']",18.0,1042.0,1060.0,80.29739776951673,4620.0,1155.0,25.0,Step 1: Approximate,Standard_Match,Exact Recombinant Match,,49.059479553903344,,,,,,,,,,,,,,,,,,,,,,,,,,,,,,,,,,,,,,,,,,,90,2439,4620-10000,100.0,0.0,1,50.0,1,132,1,1,1,4,0,3,100.0%,25.0%,✅ Equal,5,2,3
13_Recombination events.csv|2513,2513,13_Recombination events.csv,4029,10000,"['18', '41']",1000,2.5e-05,0.005,0.1,5000,50,1,4042,9976,4042-9976,"['41', '18']","['11', '15', '5', '19', '34', '10', '2', '23', '35', '42']","['12', '26']",13.0,24.0,37.0,99.4,,,,Step 2: Best Match,⭐ Excellent Match (1/1),,✅ Complete (2/2),56.88,100.0,2/2,100.0,2.0,2.0,2/2,95.4,100.0,,,,,,,,,,,,,,,,,,,,,,,,,,,,,,,,,,,13,2513,4029-10000,0.0,96.3,1,50.0,2,133,2,2,2,5,0,3,100.0%,40.0%,✅ Equal,7,4,3
89_Recombination events.csv|2510,2510,89_Recombination events.csv,1515,7599,['35'],1000,2.5e-05,0.005,0.1,5000,50,8,7506,9880,7506-9880,['35'],"['19', '49']","['38', '12']",5991.0,2281.0,8272.0,1.5285996055226825,3916.0,979.0,25.0,Step 1: Approximate,Case_B_End_Ini,Exact Recombinant Match,,33.30571992110454,,,,,,,,,,,,,,,,,,,,,,,,,,,,,,,,,,,,,,,,,,,89,2510,1515-7599,100.0,0.0,8,50.0,6,134,7,7,8,12,1,5,87.5%,58.3%,✅ Equal,20,14,6
32_Recombination events.csv|2477,2477,32_Recombination events.csv,4710,9894,"['22', '32']",1000,2.5e-05,0.005,0.1,5000,50,1,4710,9902,4710-9902,"['32', '22']","['11', '5', '40', '13']","['12', '45', '23']",0.0,8.0,8.0,100.0,,,,Step 2: Best Match,🎯 Perfect Match (1/1),,✅ Complete (2/2),59.0,100.0,2/2,100.0,2.0,2.0,2/2,99.2,100.0,,,,,,,,,,,,,,,,,,,,,,,,,,,,,,,,,,,32,2477,4710-9894,0.0,99.2,1,50.0,2,135,3,3,3,9,0,6,100.0%,33.3%,✅ Equal,12,6,6
4_Recombination events.csv|2476,2476,4_Recombination events.csv,1260,5280,"['22', '48']",1000,2.5e-05,0.005,0.1,5000,50,1,1270,5287,1270-5287,"['48', '22']",['46'],"['4', '34', '41', '1', '47', '18', '23', '35', '31']",10.0,7.0,17.0,99.8,,,,Step 2: Best Match,⭐ Excellent Match (1/1),,✅ Complete (2/2),58.96,100.0,2/2,100.0,2.0,2.0,2/2,97.9,100.0,,,,,,,,,,,,,,,,,,,,,,,,,,,,,,,,,,,4,2476,1260-5280,0.0,98.3,1,50.0,1,136,1,1,1,5,0,4,100.0%,20.0%,✅ Equal,6,2,4
87_Recombination events.csv|2455,2455,87_Recombination events.csv,2919,5886,2,1000,2.5e-05,0.005,0.1,5000,50,"4, 8",2930,5888,4907-5888 | 2930-4905,['2'] | ['2'],"['26', '39', '16', '6', '24', '27', '38', '23'] | ['12', '7']","['33', '36', '34', '32', '28', '10', '25', '45', '35', '31'] | ['44', '9', '40']",,,,100.0,,,,Step 6: Cross Matches,Cross Match (Case_S2_E1E),,,85.5,,,100.0,1.0,1.0,,,,2919-5886,2967.0,1.0,['2'],2,,,,,,1/1,100.0,✅ Yes,✅ Yes,✅ Yes,2,2,,2.0,,,,,,,,,,,100.0,,,13.0,,87,2455,2919-5886,0.0,98.7,"4, 8",50.0,3,137,4,3,8,11,4,8,50.0%,27.3%,❌ Diff: RDP=4 vs Santa=3,19,7,12
94_Recombination events.csv|2157,2157,94_Recombination events.csv,4878,10000,"15, 21, 23, 30, 33, 34, 35, 45",1000,2.5e-05,0.005,0.1,5000,50,1,4846,9893,4846-9893,['6'],"['33', '15', '34', '30', '21', '45', '23', '35']","['43', '13', '11', '19', '32', '1', '49', '39', '10', '38', '50', '14', '46', '5', '20', '28', '17', '27', '18', '29', '2', '9', '42', '44', '22', '48', '12', '26', '16', '8', '37', '40', '7', '3', '31', '36', '4', '41', '47', '24', '25']",,,,0.0,,,,Step 7: Start-End Parent-Child,🎯 Start-End Parent-Child (Minor_Exact_Match),,,35.0,,,0.0,8.0,1.0,,,,4878-10000,5122.0,8.0,"['15', '21', '23', '30', '33', '34', '35', '45']","15, 21, 23, 30, 33, 34, 35, 45",,,,,,0/1,0.0,✅ Yes,✅ Yes,✅ Yes,6,6,,1.0,,,,,,,,,,,0.0,,,,Minor_Exact_Match,94,2157,4878-10000,0.0,86.1,1,50.0,1,138,1,1,1,2,0,1,100.0%,50.0%,✅ Equal,3,2,1
5_Recombination events.csv|2513,2513,5_Recombination events.csv,3693,7239,"['13', '43']",1000,2.5e-05,0.005,0.1,5000,50,1,3697,7240,3697-7240,"['43', '13']",['48'],['27'],4.0,1.0,5.0,99.9,,,,Step 2: Best Match,🎯 Perfect Match (1/1),,✅ Complete (2/2),58.980000000000004,100.0,2/2,100.0,2.0,2.0,2/2,99.3,100.0,,,,,,,,,,,,,,,,,,,,,,,,,,,,,,,,,,,5,2513,3693-7239,0.0,99.5,1,50.0,2,139,4,4,4,10,0,6,100.0%,40.0%,✅ Equal,14,8,6
41_Recombination events.csv|2414,2414,41_Recombination events.csv,8091,10000,"['24', '26', '29', '42', '43', '5']",1000,2.5e-05,0.005,0.1,5000,50,1,57,8122,57-8122,"['43', '5', '26', '24', '29', '42']","['33', '36', '13', '15', '19', '47', '16', '10', '2', '40', '3']","['22', '12', '50', '35', '7']",8034.0,1878.0,9912.0,1.6238868517548455,1909.0,477.2,25.0,Step 1: Approximate,Case_E_Start_End,Exact Recombinant Match,,13.324777370350967,,,,,,,,,,,,,,,,,,,,,,,,,,,,,,,,,,,,,,,,,,,41,2414,8091-10000,33.33333333333333,0.0,1,50.0,1,140,1,1,1,2,0,1,100.0%,50.0%,✅ Equal,3,2,1
5_Recombination events.csv|2390,2390,5_Recombination events.csv,3195,6132,"['11', '50']",1000,2.5e-05,0.005,0.1,5000,50,4,3220,5095,3220-5095,"['11', '50']","['22', '19', '8', '35', '7']",['27'],25.0,1037.0,1062.0,63.840653728294185,2937.0,734.2,25.0,Step 1: Approximate,Case_F_Start_Start,Exact Recombinant Match,,45.76813074565884,,,,,,,,,,,,,,,,,,,,,,,,,,,,,,,,,,,,,,,,,,,5,2390,3195-6132,100.0,0.0,4,50.0,3,141,4,4,4,10,0,6,100.0%,40.0%,✅ Equal,14,8,6
83_Recombination events.csv|1666,1666,83_Recombination events.csv,1464,6870,"['1', '13', '19', '23', '24', '32', '39', '4', '41', '9']",1000,2.5e-05,0.005,0.1,5000,50,1,1446,9996,1446-9996,"['4', '13', '41', '19', '32', '1', '39', '24', '9', '23']","['33', '22', '43', '11', '46', '26', '20', '42', '16', '8', '38', '37', '2', '35', '25']","['34', '50', '6', '49', '5', '28', '17', '27', '18', '29', '44', '12', '30', '40', '31', '3', '7', '36', '15', '47', '21']",18.0,3126.0,3144.0,100.0,4594.0,1148.5,25.0,Step 1: Approximate,Case_F_Start_Start,Exact Recombinant Match,,41.0,,,,,,,,,,,,,,,,,,,,,,,,,,,,,,,,,,,,,,,,,,,83,1666,1464-6870,60.0,0.0,1,50.0,2,142,2,2,2,9,0,7,100.0%,22.2%,✅ Equal,11,4,7
8_Recombination events.csv|2383,2383,8_Recombination events.csv,1107,4803,"['1', '39']",1000,2.5e-05,0.005,0.1,5000,50,1,864,4805,864-4805,"['39', '1']","['12', '25']","['2', '37', '12', '11']",243.0,2.0,245.0,100.0,,,,Step 2: Best Match,✅ Complete Match (1/1),,✅ Complete (2/2),55.0,100.0,2/2,100.0,2.0,2.0,2/2,66.9,100.0,,,,,,,,,,,,,,,,,,,,,,,,,,,,,,,,,,,8,2383,1107-4803,0.0,75.5,1,50.0,1,143,1,1,1,5,0,4,100.0%,20.0%,✅ Equal,6,2,4
78_Recombination events.csv|2475,2475,78_Recombination events.csv,3150,7812,['16'],1000,2.5e-05,0.005,0.1,5000,50,1,3148,6682,3148-6682,['16'],"['33', '43', '15', '5', '26', '20', '10', '45', '40']","['12', '29', '1', '7']",2.0,1130.0,1132.0,75.76147576147577,4662.0,1165.5,25.0,Step 1: Approximate,Standard_Match,Exact Recombinant Match,,48.15229515229515,,,,,,,,,,,,,,,,,,,,,,,,,,,,,,,,,,,,,,,,,,,78,2475,3150-7812,100.0,0.0,1,50.0,2,144,4,4,6,15,2,11,66.7%,26.7%,✅ Equal,21,8,13
75_Recombination events.csv|2433,2433,75_Recombination events.csv,873,5043,"['23', '32']",1000,2.5e-05,0.005,0.1,5000,50,1,886,5047,886-5047,"['32', '23']","['2', '17', '3']","['33', '22', '31', '11', '46', '39', '47', '16', '28', '42', '7']",13.0,4.0,17.0,99.7,,,,Step 2: Best Match,⭐ Excellent Match (1/1),,✅ Complete (2/2),56.94,100.0,2/2,100.0,2.0,2.0,2/2,98.0,100.0,,,,,,,,,,,,,,,,,,,,,,,,,,,,,,,,,,,75,2433,873-5043,0.0,98.3,1,50.0,2,145,2,2,2,5,0,3,100.0%,40.0%,✅ Equal,7,4,3
5_Recombination events.csv|2477,2477,5_Recombination events.csv,5136,10000,"['11', '50']",1000,2.5e-05,0.005,0.1,5000,50,2,3186,9997,3186-9997,"['11', '50']","['32', '39', '49', '38', '45', '14', '46', '28', '17', '18', '2', '9', '42', '33', '48', '12', '26', '37', '23', '36', '41', '47', '24']","['27', '20', '29', '25']",1950.0,3.0,1953.0,99.93832236842105,4864.0,1216.0,25.0,Step 1: Approximate,Case_A_End_End,Exact Recombinant Match,,52.98766447368421,,,,,,,,,,,,,,,,,,,,,,,,,,,,,,,,,,,,,,,,,,,5,2477,5136-10000,100.0,0.0,2,50.0,4,146,4,4,4,10,0,6,100.0%,40.0%,✅ Equal,14,8,6
83_Recombination events.csv|2165,2165,83_Recombination events.csv,6087,10000,"12, 15, 17, 18, 21, 27, 28, 29, 3, 30, 31, 34, 36, 40, 44, 47, 49, 5, 50, 6, 7",1000,2.5e-05,0.005,0.1,5000,50,2,6858,9986,6858-9986,"['33', '22', '43', '11', '46', '26', '20', '42', '16', '8', '38', '37', '2', '35', '25']","['4', '13', '41', '19', '32', '39', '24', '9', '23']","['34', '50', '6', '49', '5', '28', '17', '27', '18', '29', '44', '12', '30', '40', '31', '3', '7', '36', '15', '47', '21']",,,,0.0,,,,Step 7: Start-End Parent-Child,🎯 Start-End Parent-Child (Major_Exact_Match),,,35.0,,,0.0,21.0,15.0,,,,6087-10000,3913.0,21.0,"['12', '15', '17', '18', '21', '27', '28', '29', '3', '30', '31', '34', '36', '40', '44', '47', '49', '5', '50', '6', '7']","12, 15, 17, 18, 21, 27, 28, 29, 3, 30, 31, 34, 36, 40, 44, 47, 49, 5, 50, 6, 7",,,,,,0/15,0.0,✅ Yes,✅ Yes,✅ Yes,"11, 16, 2, 20, 22, 25, 26, 33, 35, 37, 38, 42, 43, 46, 8","11, 16, 2, 20, 22, 25, 26, 33, 35, 37, 38, 42, 43, 46, 8",,1.0,,,,,,,,,,,0.0,,,,Major_Exact_Match,83,2165,6087-10000,0.0,21.5,2,50.0,1,147,2,2,2,9,0,7,100.0%,22.2%,✅ Equal,11,4,7
20_Recombination events.csv|2401,2401,20_Recombination events.csv,4401,9114,"['18', '4']",1000,2.5e-05,0.005,0.1,5000,50,2,4406,9112,4406-9112,"['33', '4', '22', '16', '6', '38', '18', '45', '9', '23', '35']","['32', '20', '47', '24', '17', '42']","['33', '12', '8', '3']",5.0,2.0,7.0,99.9,,,,Step 2: Best Match,❌ Poor (2/11),,❌ Poor (2/11),34.440000000000005,18.2,2/11,18.2,2.0,11.0,2/11,99.3,100.0,,,,,,,,,,,,,,,,,,,,,,,,,,,,,,,,,,,20,2401,4401-9114,0.0,99.3,2,50.0,3,148,4,4,5,12,1,8,80.0%,33.3%,✅ Equal,17,8,9
65_Recombination events.csv|2402,2402,65_Recombination events.csv,825,10000,['50'],1000,2.5e-05,0.005,0.1,5000,50,4,17,826,17-826,['50'],"['43', '13', '11', '19', '32', '39', '49', '10', '5', '17', '29', '9', '42', '33', '16', '23', '40', '7', '36', '15', '47', '25']","['18', '3']",808.0,9174.0,9982.0,0.010899182561307902,825.0,206.2,25.0,Step 1: Approximate,Case_E_Start_End,Exact Recombinant Match,,33.00217983651226,,,,,,,,,,,,,,,,,,,,,,,,,,,,,,,,,,,,,,,,,,,65,2402,825-10000,100.0,0.0,4,50.0,4,149,4,4,4,14,0,10,100.0%,28.6%,✅ Equal,18,8,10
57_Recombination events.csv|2452,2452,57_Recombination events.csv,2460,10000,"['1', '32', '7']",1000,2.5e-05,0.005,0.1,5000,50,1,2468,9994,2468-9994,"['32', '1']",['7'],['9'],8.0,6.0,14.0,99.8,,,,Step 2: Best Match,⭐ Excellent Match (1/1),,✅ Complete (2/2),58.96,66.7,2/2,100.0,3.0,2.0,2/2,97.2,100.0,,,,,,,,,,,,,,,,,,,,,,,,,,,,,,,,,,,57,2452,2460-10000,0.0,98.6,1,50.0,3,150,3,3,3,8,0,5,100.0%,37.5%,✅ Equal,11,6,5
74_Recombination events.csv|2239,2239,74_Recombination events.csv,5676,9555,"11, 14, 15, 18, 19, 21, 32, 33, 38, 39, 42, 43, 46, 5, 50, 7",1000,2.5e-05,0.005,0.1,5000,50,3,5666,9550,5666-9550,"['24', '27', '16']","['4', '22', '48', '13', '20', '1', '6', '8', '28', '17', '37', '29', '30', '45', '9', '23', '40', '25']","['33', '14', '43', '46', '11', '5', '15', '19', '32', '39', '42', '38', '50', '18', '21', '7']",,,,0.0,,,,Step 7: Start-End Parent-Child,🎯 Start-End Parent-Child (Major_Exact_Match),,,35.0,,,0.0,16.0,3.0,,,,5676-9555,3879.0,16.0,"['11', '14', '15', '18', '19', '21', '32', '33', '38', '39', '42', '43', '46', '5', '50', '7']","11, 14, 15, 18, 19, 21, 32, 33, 38, 39, 42, 43, 46, 5, 50, 7",,,,,,0/3,0.0,✅ Yes,✅ Yes,✅ Yes,"16, 24, 27","16, 24, 27",,1.0,,,,,,,,,,,0.0,,,,Major_Exact_Match,74,2239,5676-9555,0.0,98.5,3,49.94929006085193,2,151,3,3,4,10,1,7,75.0%,30.0%,✅ Equal,14,6,8
80_Recombination events.csv|2324,2324,80_Recombination events.csv,8040,8193,"['11', '24']",1000,2.5e-05,0.005,0.1,5000,50,3,8032,8218,8032-8218,"['24', '11']","['19', '50', '6', '10', '45', '14', '28', '27', '29', '2', '9', '33', '44', '48', '16', '37', '40', '31', '3', '15', '21', '25']",['47'],8.0,25.0,33.0,100.0,153.0,38.2,25.0,Step 1: Approximate,Standard_Match,Exact Recombinant Match,,27.0,,,,,,,,,,,,,,,,,,,,,,,,,,,,,,,,,,,,,,,,,,,80,2324,8040-8193,0.0,96.7,3,49.84536082474227,3,152,3,3,3,8,0,5,100.0%,37.5%,✅ Equal,11,6,5
100_Recombination events.csv|2476,2476,100_Recombination events.csv,8022,10000,"['18', '24']",1000,2.5e-05,0.005,0.1,5000,50,2,8020,9978,8020-9978,"['24', '18']","['23', '40']","['26', '9']",2.0,22.0,24.0,98.9,,,,Step 2: Best Match,✅ Complete Match (1/1),,✅ Complete (2/2),56.78,100.0,2/2,100.0,2.0,2.0,2/2,93.9,100.0,,,,,,,,,,,,,,,,,,,,,,,,,,,,,,,,,,,100,2476,8022-10000,0.0,97.6,2,49.342770475227496,2,153,2,2,3,4,1,2,66.7%,50.0%,✅ Equal,7,4,3
78_Recombination events.csv|2374,2374,78_Recombination events.csv,267,10000,"['23', '34']",1000,2.5e-05,0.005,0.1,5000,50,5,272,9980,272-9980,"['34', '23']","['1', '12', '29', '7']","['22', '48', '13', '46', '32', '6', '18', '42']",5.0,20.0,25.0,99.7,,,,Step 2: Best Match,✅ Complete Match (1/1),,✅ Complete (2/2),56.94,100.0,2/2,100.0,2.0,2.0,2/2,53.2,100.0,,,,,,,,,,,,,,,,,,,,,,,,,,,,,,,,,,,78,2374,267-10000,0.0,97.5,5,48.99497487437186,3,154,4,4,6,15,2,11,66.7%,26.7%,✅ Equal,21,8,13
89_Recombination events.csv|2447,2447,89_Recombination events.csv,6615,10000,"['14', '36', '44']",1000,2.5e-05,0.005,0.1,5000,50,3,6621,9971,6621-9971,"['36', '44', '14']","['43', '11', '41', '46', '32', '20', '1', '28', '47', '17', '27', '25', '37', '30', '2', '45', '3']","['15', '8']",6.0,29.0,35.0,99.0,,,,Step 2: Best Match,✅ Complete Match (1/1),,✅ Complete (3/3),56.8,100.0,3/3,100.0,3.0,3.0,3/3,94.8,100.0,,,,,,,,,,,,,,,,,,,,,,,,,,,,,,,,,,,89,2447,6615-10000,0.0,96.5,3,48.836032388663966,7,155,7,7,8,12,1,5,87.5%,58.3%,✅ Equal,20,14,6
31_Recombination events.csv|2460,2460,31_Recombination events.csv,3618,10000,"10, 11, 19, 2, 23, 27, 3, 33, 42, 45, 46, 50, 6, 7, 8",1000,2.5e-05,0.005,0.1,5000,50,4,3688,9951,3688-9951,"['21', '12']","['33', '11', '46', '19', '42', '6', '8', '10', '27', '3', '50', '2', '45', '23', '7']","['47', '37', '9', '40', '31']",,,,0.0,,,,Step 7: Start-End Parent-Child,🎯 Start-End Parent-Child (Minor_Exact_Match),,,35.0,,,0.0,15.0,2.0,,,,3618-10000,6382.0,15.0,"['10', '11', '19', '2', '23', '27', '3', '33', '42', '45', '46', '50', '6', '7', '8']","10, 11, 19, 2, 23, 27, 3, 33, 42, 45, 46, 50, 6, 7, 8",,,,,,0/2,0.0,✅ Yes,✅ Yes,✅ Yes,"12, 21","12, 21",,1.0,,,,,,,,,,,0.0,,,,Minor_Exact_Match,31,2460,3618-10000,0.0,88.1,4,48.620309050772626,2,156,3,3,4,6,1,3,75.0%,50.0%,✅ Equal,10,6,4
74_Recombination events.csv|793,793,74_Recombination events.csv,5706,10000,"['1', '10', '11', '12', '13', '14', '15', '16', '17', '18', '19', '2', '20', '21', '22', '23', '24', '25', '26', '27', '28', '29', '3', '30', '31', '32', '33', '34', '35', '36', '37', '38', '39', '4', '40', '41', '42', '43', '44', '45', '46', '47', '48', '49', '5', '50', '6', '7', '8', '9']",1000,2.5e-05,0.005,0.1,5000,50,2,5714,9551,5714-9551,"['10', '2', '3']","['33', '14', '43', '11', '15', '5', '19', '32', '39', '42', '46', '38', '50', '18', '21', '7']","['13', '34', '1', '6', '45', '35', '20', '28', '17', '29', '9', '44', '22', '48', '12', '26', '8', '37', '30', '23', '40', '31', '36', '4', '47', '25']",8.0,449.0,457.0,89.4,,,,Step 2: Best Match,✅ Complete Match (1/1),,✅ Complete (3/3),52.88,6.0,3/3,100.0,50.0,3.0,3/3,46.8,99.3,,,,,,,,,,,,,,,,,,,,,,,,,,,,,,,,,,,74,793,5706-10000,33.33333333333333,54.3,2,44.20216362407031,3,157,3,3,4,10,1,7,75.0%,30.0%,✅ Equal,14,6,8
32_Recombination events.csv|2526,2526,32_Recombination events.csv,3651,5133,"['10', '24']",1000,2.5e-05,0.005,0.1,5000,50,3,3751,5086,3751-5086,"['24', '10']","['11', '13']","['48', '7']",100.0,47.0,147.0,90.1,,,,Step 2: Best Match,✅ Complete Match (1/1),,✅ Complete (2/2),55.019999999999996,100.0,2/2,100.0,2.0,2.0,2/2,50.4,100.0,,,,,,,,,,,,,,,,,,,,,,,,,,,,,,,,,,,32,2526,3651-5133,0.0,85.3,3,42.993951612903224,3,158,3,3,3,9,0,6,100.0%,33.3%,✅ Equal,12,6,6
79_Recombination events.csv|1880,1880,79_Recombination events.csv,1524,7872,"['1', '11', '12', '13', '16', '19', '21', '26', '27', '28', '29', '3', '30', '34', '35', '36', '38', '40', '41', '43', '46', '48', '6', '7', '8']",1000,2.5e-05,0.005,0.1,5000,50,1,7944,9979,7944-9979,"['43', '13', '11', '34', '19', '1', '6', '38', '35', '46', '28', '27', '29', '48', '12', '26', '16', '8', '30', '40', '7', '3', '36', '41', '21']","['32', '39', '50', '49', '10', '14', '5', '17', '18', '2', '9', '33', '22', '37', '23', '31', '4', '15', '47', '24', '25']","['45', '44', '20', '42']",6420.0,2107.0,8527.0,0.0,3652.0,913.0,25.0,Step 1: Approximate,Case_B_End_Ini,Exact Recombinant Match,,28.2,,,,,,,,,,,,,,,,,,,,,,,,,,,,,,,,,,,,,,,,,,,79,1880,1524-7872,84.0,0.0,1,42.0,2,159,2,2,3,5,1,3,66.7%,40.0%,✅ Equal,8,4,4
78_Recombination events.csv|2263,2263,78_Recombination events.csv,3114,9744,"['1', '12', '16', '23', '29', '34', '41', '7', '8']",1000,2.5e-05,0.005,0.1,5000,50,3,3125,9996,3125-9996,['8'],"['12', '29', '1', '7']","['11', '19', '39', '50', '49', '38', '35', '14', '46', '28', '17', '27', '2', '44', '37', '30', '31', '3', '36', '4', '47', '24', '21', '25']",11.0,252.0,263.0,99.8,,,,Step 2: Best Match,✅ Complete Match (1/1),,🎯 Perfect (1/1),54.96,11.1,1/1,100.0,9.0,1.0,1/1,61.0,100.0,,,,,,,,,,,,,,,,,,,,,,,,,,,,,,,,,,,78,2263,3114-9744,0.0,73.7,3,37.03517587939699,4,160,4,4,6,15,2,11,66.7%,26.7%,✅ Equal,21,8,13
31_Recombination events.csv|2424,2424,31_Recombination events.csv,3939,10000,"['13', '15', '16', '20', '22', '25', '30', '34', '35', '38', '39', '41', '43', '5']",1000,2.5e-05,0.005,0.1,5000,50,3,24,3966,24-3966,"['22', '43', '13', '15', '41', '5', '34', '20', '39', '16', '38', '30', '35', '25']","['21', '12']","['47', '37', '9', '40', '31']",3915.0,6034.0,9949.0,0.44547104438211516,3939.0,984.8,25.0,Step 1: Approximate,Case_E_Start_End,Exact Recombinant Match,,24.51766563744785,,,,,,,,,,,,,,,,,,,,,,,,,,,,,,,,,,,,,,,,,,,31,2424,3939-10000,71.42857142857143,0.0,3,35.714285714285715,3,161,3,3,4,6,1,3,75.0%,50.0%,✅ Equal,10,6,4
39_Recombination events.csv|2300,2300,39_Recombination events.csv,6558,10000,"['11', '14', '20', '21', '3', '38', '39', '43', '48', '49', '7', '8', '9']",1000,2.5e-05,0.005,0.1,5000,50,3,1601,9982,1601-9982,"['48', '14', '43', '11', '39', '20', '49', '8', '38', '3', '21', '9', '7']","['13', '32', '1', '6', '50', '10', '45', '5', '28', '17', '27', '18', '29', '2', '42', '33', '22', '12', '26', '16', '37', '23', '40', '31', '36', '15', '41', '47', '24', '25']","['34', '46', '19']",4957.0,18.0,4975.0,99.47704822777455,3442.0,860.5,25.0,Step 1: Approximate,Case_A_End_End,Exact Recombinant Match,,43.66464041478568,,,,,,,,,,,,,,,,,,,,,,,,,,,,,,,,,,,,,,,,,,,39,2300,6558-10000,69.23076923076923,0.0,3,34.61538461538461,3,162,3,3,3,6,0,3,100.0%,50.0%,✅ Equal,9,6,3
33_Recombination events.csv|2003,2003,33_Recombination events.csv,8022,10000,"['10', '11', '19', '2', '21', '29', '33', '34', '43', '44', '47', '5', '50']",1000,2.5e-05,0.005,0.1,5000,50,3,117,8080,117-8080,"['33', '44', '43', '11', '34', '5', '19', '47', '50', '10', '21', '29', '2']","['13', '39', '6', '49', '38', '45', '35', '14', '46', '42', '22', '12', '26', '8', '30', '23', '40', '3', '36']","['4', '48', '15', '41', '32', '20', '1', '16', '28', '17', '27', '37', '18', '9', '7']",7905.0,1920.0,9825.0,2.932254802831143,1978.0,494.5,25.0,Step 1: Approximate,Case_E_Start_End,Exact Recombinant Match,,24.355681729796995,,,,,,,,,,,,,,,,,,,,,,,,,,,,,,,,,,,,,,,,,,,33,2003,8022-10000,69.23076923076923,0.0,3,34.61538461538461,4,163,4,4,4,10,0,6,100.0%,40.0%,✅ Equal,14,8,6
11_Recombination events.csv|2388,2388,11_Recombination events.csv,231,3555,"23, 41, 45, 9",1000,2.5e-05,0.005,0.1,5000,50,2,101,3782,101-3782,['40'],"['43', '31']","['41', '45', '9', '23']",,,,0.0,,,,Step 7: Start-End Parent-Child,🎯 Start-End Parent-Child (Major_Exact_Match),,,35.0,,,0.0,4.0,1.0,,,,231-3555,3324.0,4.0,"['23', '41', '45', '9']","23, 41, 45, 9",,,,,,0/1,0.0,✅ Yes,✅ Yes,✅ Yes,40,40,,1.0,,,,,,,,,,,0.0,,,,Major_Exact_Match,11,2388,231-3555,0.0,64.30000000000001,2,32.90685772773798,3,164,3,3,4,10,1,7,75.0%,30.0%,✅ Equal,14,6,8
91_Recombination events.csv|1053,1053,91_Recombination events.csv,6342,10000,"1, 10, 11, 12, 13, 14, 15, 16, 17, 18, 19, 2, 20, 21, 22, 23, 24, 25, 26, 27, 28, 29, 3, 30, 31, 32, 33, 34, 35, 36, 37, 38, 39, 4, 40, 41, 42, 43, 44, 45, 46, 47, 48, 49, 5, 50, 6, 7, 8, 9",1000,2.5e-05,0.005,0.1,5000,50,1,6421,9124,6421-9124,['38'],"['14', '48', '31', '11', '7', '1', '6', '16', '42', '47', '25', '30', '21', '40', '3']","['4', '44', '43', '5', '39', '50', '49', '24', '17', '45', '9', '23', '35']",,,,100.0,,,,Step 5: Cluster,Cluster (2 RDPs),,,87.5,,,100.0,50.0,1.0,,,,6342-10000,3658.0,50.0,"['1', '10', '11', '12', '13', '14', '15', '16', '17', '18', '19', '2', '20', '21', '22', '23', '24', '25', '26', '27', '28', '29', '3', '30', '31', '32', '33', '34', '35', '36', '37', '38', '39', '4', '40', '41', '42', '43', '44', '45', '46', '47', '48', '49', '5', '50', '6', '7', '8', '9']","1, 10, 11, 12, 13, 14, 15, 16, 17, 18, 19, 2, 20, 21, 22, 23, 24, 25, 26, 27, 28, 29, 3, 30, 31, 32, 33, 34, 35, 36, 37, 38, 39, 4, 40, 41, 42, 43, 44, 45, 46, 47, 48, 49, 5, 50, 6, 7, 8, 9",,,,,,1/1,100.0,✅ Yes,✅ Yes,✅ Yes,38,38,,1.0,,,,,,,,,,,100.0,79.0,18.0,,,91,1053,6342-10000,0.0,90.3,1,2.3709167544783982,3,165,3,3,3,13,0,10,100.0%,23.1%,✅ Equal,16,6,10
20_Recombination events.csv|2275,2275,20_Recombination events.csv,3435,8160,"13, 16, 18, 22, 23, 29, 33, 35, 38, 4, 40, 45, 49, 5, 6, 9",1000,2.5e-05,0.005,0.1,5000,50,4,3446,4406,3446-4406,['18'],['22'],"['24', '26']",,,,100.0,,,,Step 3: Chain,Chain (2 RDPs),,,70.5,,,100.0,16.0,,,,,3435-8160,4725.0,16.0,"['13', '16', '18', '22', '23', '29', '33', '35', '38', '4', '40', '45', '49', '5', '6', '9']","13, 16, 18, 22, 23, 29, 33, 35, 38, 4, 40, 45, 49, 5, 6, 9",72.25,89.0,0.0,100.0,100.0,11/11,100.0,❌ No (Partial Chain),❌ No (Partial Chain),✅ Yes,"['33', '4', '22', '16', '6', '38', '18', '45', '9', '23', '35'] | ['18']","['33', '4', '22', '16', '6', '38', '18', '45', '9', '23', '35'], ['18']",20_Recombination events.csv | 20_Recombination events.csv,1.0,3446.0,9112.0,11.0,952.0,0.0,True,Logically valid chain,"16, 18, 22, 23, 33, 35, 38, 4, 45, 6, 9",11.0,"16, 18, 22, 23, 33, 35, 38, 4, 45, 6, 9",100.0,,,,,20,2275,3435-8160,0.0,3.700000000000003,4,0.0,4,166,4,4,5,12,1,8,80.0%,33.3%,✅ Equal,17,8,9
63_Recombination events.csv|2405,2405,63_Recombination events.csv,5259,10000,"12, 15, 22, 23, 27, 32, 37, 39, 42, 49, 50",1000,2.5e-05,0.005,0.1,5000,50,1,3381,9990,3381-9990,"['43', '46', '1', '2', '9']","['33', '14', '11', '34', '41', '19', '20', '8', '24', '30', '21', '35']","['22', '15', '12', '39', '32', '50', '49', '27', '37', '23', '42']",,,,0.0,,,,Step 7: Parent-Child Chain,Chain (2 RDPs),,,20.5,,,0.0,11.0,22.0,,,,5259-10000,4741.0,11.0,"['12', '15', '22', '23', '27', '32', '37', '39', '42', '49', '50']","12, 15, 22, 23, 27, 32, 37, 39, 42, 49, 50",,,,,,0/22,0.0,✅ Yes,✅ Yes,❌ No,"1, 11, 13, 14, 17, 18, 19, 2, 20, 21, 24, 25, 26, 30, 33, 34, 35, 41, 43, 46, 8, 9","1, 11, 13, 14, 17, 18, 19, 2, 20, 21, 24, 25, 26, 30, 33, 34, 35, 41, 43, 46, 8, 9",,1.0,,,,,,,,,,,0.0,,,,Major_Exact_Match | Minor_Exact_Match,63,2405,5259-10000,0.0,0.0,1,0.0,2,167,2,2,3,12,1,10,66.7%,16.7%,✅ Equal,15,4,11
93_Recombination events.csv|2257,2257,93_Recombination events.csv,6675,10000,"10, 16, 20, 22, 25, 28, 29, 3, 30, 34, 36, 37, 39, 40, 41, 44, 47, 48, 49, 5, 50, 6, 8",1000,2.5e-05,0.005,0.1,5000,50,"3, 4",6680,9994,6680-6802 | 9283-9994,"['34', '39', '50', '6', '49', '5', '20', '28', '29', '44', '22', '16', '8', '37', '30', '40', '3', '36', '41', '47', '25'] | ['34', '39', '50', '6', '49', '5', '20', '28', '29', '44', '22', '16', '8', '37', '30', '40', '3', '36', '41', '47', '25']","['43', '12', '26', '24', '27', '18', '45', '35', '42'] | ['43', '12', '26', '24', '27', '18', '45', '35', '42']","['13', '11', '19', '32', '1', '10', '38', '14', '46', '17', '2', '9', '33', '48', '23', '31', '7', '4', '15', '21'] | ['33', '4', '14', '31', '13', '11', '15', '46', '19', '32', '1', '21', '17', '38', '2', '9', '23', '7']",,,,100.0,,,,Step 5: Cluster,Cluster (2 RDPs),,,89.5,,,100.0,23.0,21.0,,,,6675-10000,3325.0,23.0,"['10', '16', '20', '22', '25', '28', '29', '3', '30', '34', '36', '37', '39', '40', '41', '44', '47', '48', '49', '5', '50', '6', '8']","10, 16, 20, 22, 25, 28, 29, 3, 30, 34, 36, 37, 39, 40, 41, 44, 47, 48, 49, 5, 50, 6, 8",,,,,,21/21,100.0,✅ Yes,✅ Yes,✅ Yes,"16, 20, 22, 25, 28, 29, 3, 30, 34, 36, 37, 39, 40, 41, 44, 47, 49, 5, 50, 6, 8","16, 20, 22, 25, 28, 29, 3, 30, 34, 36, 37, 39, 40, 41, 44, 47, 49, 5, 50, 6, 8",,2.0,,,,,,,,,,,100.0,5.0,6.0,,,93,2257,6675-10000,0.0,98.9,"3, 4",50.0,1,1,2,1,2,8,0,7,100.0%,12.5%,❌ Diff: RDP=2 vs Santa=1,10,3,7
