,Unnamed: 0,Global_Rank,Tag_Rank,Tag_Specific_Quality_Score,Tag,Santa_ID,RDP_Event_ID,Match_Type,Source_Tab,Tag_RDP_Count,Tag_Santa_Count,Tag_Original_RDP_Count,Tag_Original_Santa_Count,Tag_Remaining_RDP,Tag_Remaining_Santa,Tag_RDP_Match_Rate,Tag_Santa_Match_Rate,RDP_Santa_Equal,Tag_Total_Original,Tag_Total_Matched,Tag_Total_Remaining,SantaID,Santa_Event,Santa_Tag,Santa_INI,Santa_END,Santa_Recombinant,santa_popSize,santa_mutationRate,santa_recombProb,santa_dualInfectProb,santa_genCount,santa_sampleSize,RDP_INI,RDP_END,RDP_Breakpoints,RDP_Recombinant,RDP_Minor,RDP_Major,INI_Difference,END_Difference,Total_Difference,Overlap_Percentage,Fragment_Size,Dynamic_Tolerance,Tolerance_Percent,Validation,Recombinant_Match_Quality,Quality_Score,Jaccard_Similarity,Sequence_Ratio,Sequence_Coverage,Santa_Recombinant_Count,RDP_Recombinant_Count,Covered_Sequences,Breakpoint_Score,Overlap_Score,Santa_Breakpoint,Santa_Size,Santa_Seqs_Count,Tolerance,Max_End_Distance,Chain_Score,Start_Score,End_Score,Continuity_Score,Recombinant_Score,Seq_Ratio,Seq_Ratio_%,Reaches_Santa_End,RDP_Tags,Chain_Length,Chain_INI,Chain_END,Start_Distance,End_Distance,Total_Gap,Chain_Logic_Valid,Logic_Validation_Msg,Quality_Check,Coverage_Percentage,Valid,Minor/Major,Start_Anchor,End_Anchor,Full_Coverage,Pre_Start_RDPs,Reaches_Start,Reaches_End,RDP_Num,Santa_Breakpoints,Display_Coverage,Display_Seq_Ratio,Structural_Score,Coverage_Score,tag,Parent_Child_Type,Matched_Value,Breakpoint_Matches,Num_Breakpoint_Matches,Avg_Distance,Total_Distance,Start_Dist,End_Dist,Recombinant_Match_Score,Start_End_Diff_Score,Chain_Bonus,Step_Priority,Match_Type_Priority,Reaches_Priority,RDP_Set,Reaches_Status
0,0,1,1,100,10,2371,1,🎯 Perfect Match (1/1),Step 2: Best Match,1,1,1,8,0,7,100.0%,12.5%,✅ Equal,9,2,7,10_Recombination events.csv|2371,2371,10_Recombination events.csv,6780,10000,"['18', '34']",1000,0.000025,0.005,0.1,5000,50,6778,9999,6778-9999,"['18', '34']",['38'],"['1', '14', '29', '17']",2,1,3,100,,,,,✅ Complete (2/2),59,100,2/2,100,2,2,2/2,90,100,,,,,,,,,,,100,,,,,,,,,,,,,,,,,,,,,,1,6780-10000,100.0%,100.0%,0,100,,,,,,,,,,100,99.7,0,1,1,0,1,❌ None
1,1,2,1,100,31,2584,1,✅ Complete Match (1/1),Step 2: Best Match,2,2,3,6,1,4,66.7%,33.3%,✅ Equal,9,4,5,31_Recombination events.csv|2584,2584,31_Recombination events.csv,2538,10000,['23'],1000,0.000025,0.005,0.1,5000,50,2498,9946,2498-9946,['23'],"['40', '31', '37', '14', '47', '9']","['6', '42', '19', '27']",40,54,94,99.3,,,,,🎯 Perfect (1/1),56.86,100,1/1,100,1,1,1/1,70,100,,,,,,,,,,,100,,,,,,,,,,,,,,,,,,,,,,1,2538-10000,99.3%,100.0%,0,99.3,,,,,,,,,,100,90.6,0,1,3,0,1,❌ None
2,2,3,1,100,63,2359,2,✅ Complete Match (1/1),Step 2: Best Match,1,1,2,12,1,11,50.0%,8.3%,✅ Equal,14,2,12,63_Recombination events.csv|2359,2359,63_Recombination events.csv,9279,10000,"['11', '12', '13', '14', '15', '17', '18', '19', '20', '21', '22', '23', '24', '25', '26', '27', '30', '32', '33', '34', '35', '37', '39', '41', '42', '47', '49', '50', '8']",1000,0.000025,0.005,0.1,5000,50,9274,9993,9274-9993,"['25', '11', '19', '35', '30', '20', '13', '18', '8', '24', '26', '33', '14', '21', '34', '41', '17']","['4', '40', '31', '45', '7', '44', '5', '16', '10', '36', '28']","['6', '29', '3', '47', '38', '48']",5,7,12,99,,,,,✅ Complete (17/17),58.8,58.6,17/17,100,29,17,17/17,90,100,,,,,,,,,,,100,,,,,,,,,,,,,,,,,,,,,,2,9279-10000,99.0%,100.0%,0,99,,,,,,,,,,76.47058823529412,98.8,0,1,3,0,2,❌ None
3,3,4,1,100,6,2432,2,⭐ Excellent Match (1/1),Step 2: Best Match,2,2,2,8,0,6,100.0%,25.0%,✅ Equal,10,4,6,6_Recombination events.csv|2432,2432,6_Recombination events.csv,5742,8706,['32'],1000,0.000025,0.005,0.1,5000,50,5740,8696,5740-8696,['32'],['18'],"['19', '38', '27']",2,10,12,99.7,,,,,🎯 Perfect (1/1),58.94,100,1/1,100,1,1,1/1,90,100,,,,,,,,,,,100,,,,,,,,,,,,,,,,,,,,,,2,5742-8706,99.7%,100.0%,0,99.7,,,,,,,,,,100,98.8,0,1,2,0,2,❌ None
4,4,5,1,100,59,2564,1,✅ Complete Match (1/1),Step 2: Best Match,1,1,2,7,1,6,50.0%,14.3%,✅ Equal,9,2,7,59_Recombination events.csv|2564,2564,59_Recombination events.csv,6093,10000,"['21', '26', '31', '37', '39', '4', '43', '46']",1000,0.000025,0.005,0.1,5000,50,6110,9950,6110-9950,"['4', '31', '46', '26', '37', '21', '39', '43']","['10', '19']","['25', '42', '45', '30', '20', '7', '8', '18', '32', '3', '14', '50', '49', '16', '36', '22']",17,50,67,98.3,,,,,✅ Complete (8/8),56.66,100,8/8,100,8,8,8/8,70,100,,,,,,,,,,,100,,,,,,,,,,,,,,,,,,,,,,1,6093-10000,98.3%,100.0%,0,98.3,,,,,,,,,,50,93.3,0,1,3,0,1,❌ None
5,5,6,1,100,58,2493,1,✅ Complete Match (1/1),Step 2: Best Match,1,1,1,4,0,3,100.0%,25.0%,✅ Equal,5,2,3,58_Recombination events.csv|2493,2493,58_Recombination events.csv,957,10000,['46'],1000,0.000025,0.005,0.1,5000,50,960,9974,960-9974,['46'],"['20', '27', '1', '9', '22']","['30', '41']",3,26,29,99.7,,,,,🎯 Perfect (1/1),56.94,100,1/1,100,1,1,1/1,70,100,,,,,,,,,,,100,,,,,,,,,,,,,,,,,,,,,,1,957-10000,99.7%,100.0%,0,99.7,,,,,,,,,,100,97.1,0,1,3,0,1,❌ None
6,6,7,1,100,56,2503,1,⭐ Excellent Match (1/1),Step 2: Best Match,1,1,1,5,0,4,100.0%,20.0%,✅ Equal,6,2,4,56_Recombination events.csv|2503,2503,56_Recombination events.csv,2844,10000,['47'],1000,0.000025,0.005,0.1,5000,50,2856,9990,2856-9990,['47'],"['42', '7', '12']",['41'],12,10,22,99.7,,,,,🎯 Perfect (1/1),56.94,100,1/1,100,1,1,1/1,70,100,,,,,,,,,,,100,,,,,,,,,,,,,,,,,,,,,,1,2844-10000,99.7%,100.0%,0,99.7,,,,,,,,,,100,97.8,0,1,2,0,1,❌ None
7,7,8,1,100,54,2481,1,Standard_Match,Step 1: Approximate,1,1,1,5,0,4,100.0%,20.0%,✅ Equal,6,2,4,54_Recombination events.csv|2481,2481,54_Recombination events.csv,6387,7773,['46'],1000,0.000025,0.005,0.1,5000,50,6314,7776,6314-7776,['46'],"['41', '40', '33']",['6'],73,3,76,100,1386,346.5,25,Exact Recombinant Match,,57,,,,,,,70,,,,,,,,,,,,100,,,,,,,,,,,,,,,,,,,,,,1,6387-7773,100.0%,100.0%,0,100,,,,,,,,,,100,92.4,0,1,7,0,1,❌ None
8,8,9,1,100,51,2571,2,Standard_Match,Step 1: Approximate,4,4,4,8,0,4,100.0%,50.0%,✅ Equal,12,8,4,51_Recombination events.csv|2571,2571,51_Recombination events.csv,6183,6669,['2'],1000,0.000025,0.005,0.1,5000,50,6174,6679,6174-6679,['2'],"['9', '7']",['19'],9,10,19,100,486,121.5,25,Exact Recombinant Match,,59,,,,,,,90,,,,,,,,,,,,100,,,,,,,,,,,,,,,,,,,,,,2,6183-6669,100.0%,100.0%,0,100,,,,,,,,,,100,98.1,0,1,7,0,2,❌ None
9,9,10,1,100,5,2513,1,🎯 Perfect Match (1/1),Step 2: Best Match,4,4,4,10,0,6,100.0%,40.0%,✅ Equal,14,8,6,5_Recombination events.csv|2513,2513,5_Recombination events.csv,3693,7239,"['13', '43']",1000,0.000025,0.005,0.1,5000,50,3697,7240,3697-7240,"['13', '43']",['48'],['27'],4,1,5,99.9,,,,,✅ Complete (2/2),58.98,100,2/2,100,2,2,2/2,90,100,,,,,,,,,,,100,,,,,,,,,,,,,,,,,,,,,,1,3693-7239,99.9%,100.0%,0,99.9,,,,,,,,,,100,99.5,0,1,1,0,1,❌ None
10,10,11,1,100,48,2461,1,Standard_Match,Step 1: Approximate,1,1,1,5,0,4,100.0%,20.0%,✅ Equal,6,2,4,48_Recombination events.csv|2461,2461,48_Recombination events.csv,2181,5619,['15'],1000,0.000025,0.005,0.1,5000,50,2174,5674,2174-5674,['15'],"['4', '31', '45', '2', '1']",['6'],7,55,62,100,3438,859.5,25,Exact Recombinant Match,,57,,,,,,,70,,,,,,,,,,,,100,,,,,,,,,,,,,,,,,,,,,,1,2181-5619,100.0%,100.0%,0,100,,,,,,,,,,100,93.8,0,1,7,0,1,❌ None
11,11,12,1,100,45,2520,1,⭐ Excellent Match (1/1),Step 2: Best Match,1,1,1,13,0,12,100.0%,7.7%,✅ Equal,14,2,12,45_Recombination events.csv|2520,2520,45_Recombination events.csv,3762,10000,"['10', '12', '36', '37']",1000,0.000025,0.005,0.1,5000,50,3768,9984,3768-9984,"['37', '10', '36', '12']","['42', '19', '40', '30', '27', '8', '2', '32', '3', '41', '47', '43', '49']",['6'],6,16,22,99.6,,,,,✅ Complete (4/4),56.92,100,4/4,100,4,4,4/4,70,100,,,,,,,,,,,100,,,,,,,,,,,,,,,,,,,,,,1,3762-10000,99.6%,100.0%,0,99.6,,,,,,,,,,25,97.8,0,1,2,0,1,❌ None
12,12,13,1,100,44,2559,1,✅ Complete Match (1/1),Step 2: Best Match,1,1,1,10,0,9,100.0%,10.0%,✅ Equal,11,2,9,44_Recombination events.csv|2559,2559,44_Recombination events.csv,5622,6972,"['16', '26', '39']",1000,0.000025,0.005,0.1,5000,50,5626,7038,5626-7038,"['16', '39', '26']","['37', '38', '11']","['35', '23', '44', '5', '34']",4,66,70,99.7,,,,,✅ Complete (3/3),56.94,100,3/3,100,3,3,3/3,70,100,,,,,,,,,,,100,,,,,,,,,,,,,,,,,,,,,,1,5622-6972,99.7%,100.0%,0,99.7,,,,,,,,,,33.33333333333333,93,0,1,3,0,1,❌ None
13,13,14,1,100,42,2493,1,✅ Complete Match (1/1),Step 2: Best Match,2,2,2,11,0,9,100.0%,18.2%,✅ Equal,13,4,9,42_Recombination events.csv|2493,2493,42_Recombination events.csv,2355,10000,['26'],1000,0.000025,0.005,0.1,5000,50,2352,9977,2352-9977,['26'],"['25', '20', '37']","['36', '33']",3,23,26,99.7,,,,,🎯 Perfect (1/1),56.94,100,1/1,100,1,1,1/1,70,100,,,,,,,,,,,100,,,,,,,,,,,,,,,,,,,,,,1,2355-10000,99.7%,100.0%,0,99.7,,,,,,,,,,100,97.4,0,1,3,0,1,❌ None
14,14,15,1,100,39,2453,1,✅ Complete Match (1/1),Step 2: Best Match,2,2,3,6,1,4,66.7%,33.3%,✅ Equal,9,4,5,39_Recombination events.csv|2453,2453,39_Recombination events.csv,1668,10000,"['30', '35', '4', '44']",1000,0.000025,0.005,0.1,5000,50,1657,9990,1657-9990,"['30', '4', '35', '44']","['25', '42', '13', '27', '12', '41', '36']",['46'],11,10,21,99.9,,,,,✅ Complete (4/4),56.98,100,4/4,100,4,4,4/4,70,100,,,,,,,,,,,100,,,,,,,,,,,,,,,,,,,,,,1,1668-10000,99.9%,100.0%,0,99.9,,,,,,,,,,100,97.9,0,1,3,0,1,❌ None
15,15,16,1,100,38,2400,1,⭐ Excellent Match (1/1),Step 2: Best Match,2,2,2,3,0,1,100.0%,66.7%,✅ Equal,5,4,1,38_Recombination events.csv|2400,2400,38_Recombination events.csv,339,3246,"['18', '29', '37', '39', '40']",1000,0.000025,0.005,0.1,5000,50,324,3248,324-3248,"['40', '29', '18', '37', '39']","['15', '19']","['30', '13', '4', '35']",15,2,17,100,,,,,✅ Complete (5/5),57,100,5/5,100,5,5,5/5,70,100,,,,,,,,,,,100,,,,,,,,,,,,,,,,,,,,,,1,339-3246,100.0%,100.0%,0,100,,,,,,,,,,40,98.3,0,1,2,0,1,❌ None
16,16,17,1,100,36,2452,1,Standard_Match,Step 1: Approximate,4,4,4,7,0,3,100.0%,57.1%,✅ Equal,11,8,3,36_Recombination events.csv|2452,2452,36_Recombination events.csv,4995,10000,['47'],1000,0.000025,0.005,0.1,5000,50,4998,9990,4998-9990,['47'],['10'],"['32', '22']",3,10,13,99.74025974025976,4995,1248.8,25,Exact Recombinant Match,,58.94805194805196,,,,,,,90,,,,,,,,,,,,100,,,,,,,,,,,,,,,,,,,,,,1,4995-10000,99.7%,100.0%,0,99.74025974025976,,,,,,,,,,100,98.7,0,1,7,0,1,❌ None
17,17,18,1,100,64,2431,1,✅ Complete Match (1/1),Step 2: Best Match,1,1,1,9,0,8,100.0%,11.1%,✅ Equal,10,2,8,64_Recombination events.csv|2431,2431,64_Recombination events.csv,6090,10000,"['11', '13', '21', '22', '44', '8']",1000,0.000025,0.005,0.1,5000,50,6083,9946,6083-9946,"['11', '13', '8', '44', '21', '22']","['25', '35', '45', '23', '18', '2', '47', '34', '43', '17', '49', '10']","['30', '27', '26', '14', '38']",7,54,61,98.6,,,,,✅ Complete (6/6),56.72,100,6/6,100,6,6,6/6,70,100,,,,,,,,,,,100,,,,,,,,,,,,,,,,,,,,,,1,6090-10000,98.6%,100.0%,0,98.6,,,,,,,,,,66.66666666666666,93.9,0,1,3,0,1,❌ None
18,18,19,1,100,66,2427,1,Standard_Match,Step 1: Approximate,2,2,2,6,0,4,100.0%,33.3%,✅ Equal,8,4,4,66_Recombination events.csv|2427,2427,66_Recombination events.csv,2934,9471,['33'],1000,0.000025,0.005,0.1,5000,50,2930,9472,2930-9472,['33'],"['19', '46', '23', '8', '32', '3']",['21'],4,1,5,100,3463,865.8,25,Exact Recombinant Match,,59,,,,,,,90,,,,,,,,,,,,100,,,,,,,,,,,,,,,,,,,,,,1,2934-9471,100.0%,100.0%,0,100,,,,,,,,,,100,99.5,0,1,7,0,1,❌ None
19,19,20,1,100,7,2275,1,✅ Complete Match (1/1),Step 2: Best Match,1,1,1,5,0,4,100.0%,20.0%,✅ Equal,6,2,4,7_Recombination events.csv|2275,2275,7_Recombination events.csv,7476,8685,"['16', '21', '25', '36', '43']",1000,0.000025,0.005,0.1,5000,50,7489,8704,7489-8704,"['25', '21', '43', '16', '36']","['42', '40', '35', '20', '24', '8', '2', '32', '37', '3', '15', '50', '1', '9', '10']","['34', '45']",13,19,32,98.9,,,,,✅ Complete (5/5),56.78,100,5/5,100,5,5,5/5,70,100,,,,,,,,,,,100,,,,,,,,,,,,,,,,,,,,,,1,7476-8685,98.9%,100.0%,0,98.9,,,,,,,,,,20,96.8,0,1,3,0,1,❌ None
20,20,21,1,100,80,2444,1,⭐ Excellent Match (1/1),Step 2: Best Match,3,3,3,8,0,5,100.0%,37.5%,✅ Equal,11,6,5,80_Recombination events.csv|2444,2444,80_Recombination events.csv,3303,9357,['50'],1000,0.000025,0.005,0.1,5000,50,3318,9372,3318-9372,['50'],"['35', '30', '23', '18', '26', '34', '38', '36']","['2', '33', '21', '14', '16', '48']",15,15,30,99.8,,,,,🎯 Perfect (1/1),56.96,100,1/1,100,1,1,1/1,70,100,,,,,,,,,,,100,,,,,,,,,,,,,,,,,,,,,,1,3303-9357,99.8%,100.0%,0,99.8,,,,,,,,,,100,97,0,1,2,0,1,❌ None
21,21,22,1,100,97,2483,1,Standard_Match,Step 1: Approximate,1,1,1,12,0,11,100.0%,8.3%,✅ Equal,13,2,11,97_Recombination events.csv|2483,2483,97_Recombination events.csv,8106,10000,['19'],1000,0.000025,0.005,0.1,5000,50,8100,9983,8100-9983,['19'],['21'],"['16', '24', '47', '48']",6,17,23,99.10242872228088,1894,473.5,25,Exact Recombinant Match,,56.82048574445618,,,,,,,70,,,,,,,,,,,,100,,,,,,,,,,,,,,,,,,,,,,1,8106-10000,99.1%,100.0%,0,99.10242872228088,,,,,,,,,,100,97.7,0,1,7,0,1,❌ None
22,22,23,1,100,96,2454,1,Standard_Match,Step 1: Approximate,3,3,3,7,0,4,100.0%,42.9%,✅ Equal,10,6,4,96_Recombination events.csv|2454,2454,96_Recombination events.csv,2706,8733,['22'],1000,0.000025,0.005,0.1,5000,50,2694,8744,2694-8744,['22'],"['13', '18', '27', '2', '47', '5', '38']","['25', '19', '32', '34', '43', '17', '36', '28']",12,11,23,100,3973,993.2,25,Exact Recombinant Match,,57,,,,,,,70,,,,,,,,,,,,100,,,,,,,,,,,,,,,,,,,,,,1,2706-8733,100.0%,100.0%,0,100,,,,,,,,,,100,97.7,0,1,7,0,1,❌ None
23,23,24,1,100,92,2368,1,⭐ Excellent Match (1/1),Step 2: Best Match,2,2,2,7,0,5,100.0%,28.6%,✅ Equal,9,4,5,92_Recombination events.csv|2368,2368,92_Recombination events.csv,2850,7413,"['11', '15', '17', '29', '31', '34', '4', '41', '45']",1000,0.000025,0.005,0.1,5000,50,2814,7408,2814-7408,"['11', '4', '31', '45', '29', '15', '41', '34', '17']","['14', '10', '13', '18']","['25', '46', '30', '20', '7', '33', '44', '3', '47', '43', '1', '9', '38', '36', '28']",36,5,41,99.9,,,,,✅ Complete (9/9),56.98,100,9/9,100,9,9,9/9,70,100,,,,,,,,,,,100,,,,,,,,,,,,,,,,,,,,,,1,2850-7413,99.9%,100.0%,0,99.9,,,,,,,,,,77.77777777777779,95.9,0,1,2,0,1,❌ None
24,24,25,1,100,89,2498,1,⭐ Excellent Match (1/1),Step 2: Best Match,7,7,8,12,1,5,87.5%,58.3%,✅ Equal,20,14,6,89_Recombination events.csv|2498,2498,89_Recombination events.csv,5958,10000,"['16', '23', '26']",1000,0.000025,0.005,0.1,5000,50,5956,9990,5956-9990,"['16', '23', '26']","['34', '48', '5']","['29', '39', '7']",2,10,12,99.8,,,,,✅ Complete (3/3),58.96,100,3/3,100,3,3,3/3,90,100,,,,,,,,,,,100,,,,,,,,,,,,,,,,,,,,,,1,5958-10000,99.8%,100.0%,0,99.8,,,,,,,,,,100,98.8,0,1,2,0,1,❌ None
25,25,26,1,100,87,2455,"4, 7",Cross Match (Case_S1_E2E),Step 6: Cross Matches,4,3,7,11,3,8,57.1%,27.3%,❌ Diff: RDP=4 vs Santa=3,18,7,11,87_Recombination events.csv|2455,2455,87_Recombination events.csv,2919,5886,['2'],1000,0.000025,0.005,0.1,5000,50,2930,5888,2930-4905 | 4907-5888,['2'] | ['2'],"['7', '12'] | ['6', '23', '24', '27', '26', '39', '16', '38']","['44', '9', '40'] | ['25', '35', '31', '45', '33', '32', '34', '10', '36', '28']",,,,,,,,,,85.5,,,100,,,,50,,,,,,,100,,,,,100,,,,2,,,,,,,,,100,✅ Yes,✅ Yes,7,4,,0,✅ Yes,✅ Yes,"4, 7",2919-5886,100.0%,100.0%,100,100,,,,,,,,,,100,98.7,5,3,4,100,"7,4",✅ Start+End
26,26,27,1,100,84,2487,1,Standard_Match,Step 1: Approximate,1,1,1,9,0,8,100.0%,11.1%,✅ Equal,10,2,8,84_Recombination events.csv|2487,2487,84_Recombination events.csv,2721,10000,['21'],1000,0.000025,0.005,0.1,5000,50,2722,9996,2722-9996,['21'],"['40', '23', '18', '3', '5', '49']",['42'],1,4,5,99.93130924577552,2721,680.2,25,Exact Recombinant Match,,58.98626184915511,,,,,,,90,,,,,,,,,,,,100,,,,,,,,,,,,,,,,,,,,,,1,2721-10000,99.9%,100.0%,0,99.93130924577552,,,,,,,,,,100,99.5,0,1,7,0,1,❌ None
27,27,28,1,100,8,2383,1,Standard_Match,Step 1: Approximate,1,1,1,5,0,4,100.0%,20.0%,✅ Equal,6,2,4,8_Recombination events.csv|2383,2383,8_Recombination events.csv,1107,4803,"['1', '39']",1000,0.000025,0.005,0.1,5000,50,864,4805,864-4805,"['1', '39']","['25', '12']","['37', '11', '2', '12']",243,2,245,100,3696,924,25,Exact Recombinant Match,,55,,,,,,,50,,,,,,,,,,,,100,,,,,,,,,,,,,,,,,,,,,,1,1107-4803,100.0%,100.0%,0,100,,,,,,,,,,100,75.5,0,1,7,0,1,❌ None
28,28,29,1,100,70,2344,1,Standard_Match,Step 1: Approximate,2,2,2,3,0,1,100.0%,66.7%,✅ Equal,5,4,1,70_Recombination events.csv|2344,2344,70_Recombination events.csv,2100,4440,['7'],1000,0.000025,0.005,0.1,5000,50,2099,4408,2099-4408,['7'],"['11', '19', '4', '40', '13', '16', '48']",['39'],1,32,33,98.63247863247864,2340,585,25,Exact Recombinant Match,,56.72649572649573,,,,,,,70,,,,,,,,,,,,100,,,,,,,,,,,,,,,,,,,,,,1,2100-4440,98.6%,100.0%,0,98.63247863247864,,,,,,,,,,100,96.7,0,1,7,0,1,❌ None
29,29,30,1,100,79,2519,3,✅ Complete Match (1/1),Step 2: Best Match,1,1,3,5,2,4,33.3%,20.0%,✅ Equal,8,2,6,79_Recombination events.csv|2519,2519,79_Recombination events.csv,2715,2910,['19'],1000,0.000025,0.005,0.1,5000,50,2731,2910,2731-2910,['19'],['50'],"['6', '11', '46', '13', '12', '48']",16,0,16,91.8,,,,,🎯 Perfect (1/1),55.36,100,1/1,100,1,1,1/1,70,100,,,,,,,,,,,100,,,,,,,,,,,,,,,,,,,,,,3,2715-2910,91.8%,100.0%,0,91.8,,,,,,,,,,100,98.4,0,1,3,0,3,❌ None
30,30,31,1,100,78,2509,4,🎯 Perfect Match (1/1),Step 2: Best Match,5,5,6,15,1,10,83.3%,33.3%,✅ Equal,21,10,11,78_Recombination events.csv|2509,2509,78_Recombination events.csv,4719,8121,['41'],1000,0.000025,0.005,0.1,5000,50,4720,8117,4720-8117,['41'],['9'],"['40', '45', '20', '26', '33', '15', '5', '43', '10']",1,4,5,99.9,,,,,🎯 Perfect (1/1),58.98,100,1/1,100,1,1,1/1,90,100,,,,,,,,,,,100,,,,,,,,,,,,,,,,,,,,,,4,4719-8121,99.9%,100.0%,0,99.9,,,,,,,,,,100,99.5,0,1,1,0,4,❌ None
31,31,32,1,100,77,2326,1,✅ Complete Match (1/1),Step 2: Best Match,1,1,1,3,0,2,100.0%,33.3%,✅ Equal,4,2,2,77_Recombination events.csv|2326,2326,77_Recombination events.csv,381,10000,"['12', '29', '34', '49', '50']",1000,0.000025,0.005,0.1,5000,50,445,9990,445-9990,"['29', '12', '50', '34', '49']","['42', '11', '40', '35', '31', '45', '24', '13', '18', '32', '14', '17', '16', '48', '28']","['19', '27', '8', '2', '33', '44', '15', '39', '1', '9']",64,10,74,99.2,,,,,✅ Complete (5/5),56.84,100,5/5,100,5,5,5/5,70,100,,,,,,,,,,,100,,,,,,,,,,,,,,,,,,,,,,1,381-10000,99.2%,100.0%,0,99.2,,,,,,,,,,20,92.6,0,1,3,0,1,❌ None
32,32,33,1,100,76,2470,1,Case_F_Start_Start,Step 1: Approximate,1,1,1,12,0,11,100.0%,8.3%,✅ Equal,13,2,11,76_Recombination events.csv|2470,2470,76_Recombination events.csv,708,10000,"['18', '27', '38', '44', '48']",1000,0.000025,0.005,0.1,5000,50,714,9768,714-9768,"['18', '27', '44', '38', '48']","['4', '31', '8', '49', '10']","['24', '19']",6,232,238,97.43865690916915,708,177,25,Exact Recombinant Match,,54.48773138183384,,,,,,,50,,,,,,,,,,,,100,,,,,,,,,,,,,,,,,,,,,,1,708-10000,97.4%,100.0%,0,97.43865690916915,,,,,,,,,,100,76.2,0,1,8,0,1,❌ None
33,33,34,1,100,73,2479,1,Standard_Match,Step 1: Approximate,1,1,1,5,0,4,100.0%,20.0%,✅ Equal,6,2,4,73_Recombination events.csv|2479,2479,73_Recombination events.csv,528,6879,['29'],1000,0.000025,0.005,0.1,5000,50,568,6876,568-6876,['29'],['2'],"['31', '24', '7', '27', '43', '16', '22']",40,3,43,99.32294126909149,3649,912.2,25,Exact Recombinant Match,,56.8645882538183,,,,,,,70,,,,,,,,,,,,100,,,,,,,,,,,,,,,,,,,,,,1,528-6879,99.3%,100.0%,0,99.32294126909149,,,,,,,,,,100,95.7,0,1,7,0,1,❌ None
34,34,35,1,100,72,2272,1,⭐ Excellent Match (1/1),Step 2: Best Match,1,1,1,4,0,3,100.0%,25.0%,✅ Equal,5,2,3,72_Recombination events.csv|2272,2272,72_Recombination events.csv,7413,10000,"['32', '44', '48']",1000,0.000025,0.005,0.1,5000,50,7418,9996,7418-9996,"['32', '44', '48']",['34'],['49'],5,4,9,99.7,,,,,✅ Complete (3/3),58.94,100,3/3,100,3,3,3/3,90,100,,,,,,,,,,,100,,,,,,,,,,,,,,,,,,,,,,1,7413-10000,99.7%,100.0%,0,99.7,,,,,,,,,,100,99.1,0,1,2,0,1,❌ None
35,35,36,1,100,33,2466,1,Standard_Match,Step 1: Approximate,3,3,3,10,0,7,100.0%,30.0%,✅ Equal,13,6,7,33_Recombination events.csv|2466,2466,33_Recombination events.csv,3765,9333,['25'],1000,0.000025,0.005,0.1,5000,50,3778,9332,3778-9332,['25'],['4'],"['40', '35', '30', '8', '26']",13,1,14,99.7485632183908,4432,1108,25,Exact Recombinant Match,,56.94971264367817,,,,,,,70,,,,,,,,,,,,100,,,,,,,,,,,,,,,,,,,,,,1,3765-9333,99.7%,100.0%,0,99.7485632183908,,,,,,,,,,100,98.6,0,1,7,0,1,❌ None
36,36,37,1,100,60,2518,1,Standard_Match,Step 1: Approximate,3,3,4,7,1,4,75.0%,42.9%,✅ Equal,11,6,5,60_Recombination events.csv|2518,2518,60_Recombination events.csv,1461,10000,['33'],1000,0.000025,0.005,0.1,5000,50,1461,9994,1461-9994,['33'],"['50', '19']","['25', '27', '12']",0,6,6,99.92973416090877,1461,365.2,25,Exact Recombinant Match,,58.98594683218175,,,,,,,90,,,,,,,,,,,,100,,,,,,,,,,,,,,,,,,,,,,1,1461-10000,99.9%,100.0%,0,99.92973416090877,,,,,,,,,,100,99.4,0,1,7,0,1,❌ None
37,37,38,1,100,99,2538,1,⭐ Excellent Match (1/1),Step 2: Best Match,1,1,1,3,0,2,100.0%,33.3%,✅ Equal,4,2,2,99_Recombination events.csv|2538,2538,99_Recombination events.csv,1785,10000,['45'],1000,0.000025,0.005,0.1,5000,50,1778,9990,1778-9990,['45'],['18'],"['4', '40', '32', '15', '43']",7,10,17,99.9,,,,,🎯 Perfect (1/1),58.98,100,1/1,100,1,1,1/1,90,100,,,,,,,,,,,100,,,,,,,,,,,,,,,,,,,,,,1,1785-10000,99.9%,100.0%,0,99.9,,,,,,,,,,100,98.3,0,1,2,0,1,❌ None
38,38,39,1,100,14,2556,1,Standard_Match,Step 1: Approximate,2,2,2,6,0,4,100.0%,33.3%,✅ Equal,8,4,4,14_Recombination events.csv|2556,2556,14_Recombination events.csv,6012,9321,['47'],1000,0.000025,0.005,0.1,5000,50,6014,9321,6014-9321,['47'],"['14', '29', '8']","['3', '28', '45']",2,0,2,99.93955877908732,3309,827.2,25,Exact Recombinant Match,,58.98791175581746,,,,,,,90,,,,,,,,,,,,100,,,,,,,,,,,,,,,,,,,,,,1,6012-9321,99.9%,100.0%,0,99.93955877908732,,,,,,,,,,100,99.8,0,1,7,0,1,❌ None
39,39,40,1,100,2,2522,1,Standard_Match,Step 1: Approximate,1,1,1,12,0,11,100.0%,8.3%,✅ Equal,13,2,11,2_Recombination events.csv|2522,2522,2_Recombination events.csv,5175,7323,['9'],1000,0.000025,0.005,0.1,5000,50,5174,7308,5174-7308,['9'],"['42', '38', '43']","['11', '45']",1,15,16,99.30167597765364,2148,537,25,Exact Recombinant Match,,56.86033519553072,,,,,,,70,,,,,,,,,,,,100,,,,,,,,,,,,,,,,,,,,,,1,5175-7323,99.3%,100.0%,0,99.30167597765364,,,,,,,,,,100,98.4,0,1,7,0,1,❌ None
40,40,41,1,100,19,2534,1,Standard_Match,Step 1: Approximate,2,2,2,4,0,2,100.0%,50.0%,✅ Equal,6,4,2,19_Recombination events.csv|2534,2534,19_Recombination events.csv,1809,10000,['8'],1000,0.000025,0.005,0.1,5000,50,1820,9856,1820-9856,['8'],['45'],"['6', '3', '13', '19']",11,144,155,98.10767916005372,1809,452.2,25,Exact Recombinant Match,,54.62153583201075,,,,,,,50,,,,,,,,,,,,100,,,,,,,,,,,,,,,,,,,,,,1,1809-10000,98.1%,100.0%,0,98.10767916005372,,,,,,,,,,100,84.5,0,1,7,0,1,❌ None
41,41,42,1,100,24,2426,1,✅ Complete Match (1/1),Step 2: Best Match,1,1,1,6,0,5,100.0%,16.7%,✅ Equal,7,2,5,24_Recombination events.csv|2426,2426,24_Recombination events.csv,3609,8565,"['10', '11', '23', '25', '29', '36', '37', '45']",1000,0.000025,0.005,0.1,5000,50,3552,8600,3552-8600,"['25', '11', '45', '23', '29', '37', '10', '36']",['33'],"['6', '42', '4', '35', '31', '30', '24', '7', '8', '27', '26', '32', '15', '21', '39', '17', '9', '38']",57,35,92,100,,,,,✅ Complete (8/8),57,100,8/8,100,8,8,8/8,70,100,,,,,,,,,,,100,,,,,,,,,,,,,,,,,,,,,,1,3609-8565,100.0%,100.0%,0,100,,,,,,,,,,50,90.8,0,1,3,0,1,❌ None
42,42,43,1,100,18,2477,1,Standard_Match,Step 1: Approximate,2,2,2,5,0,3,100.0%,40.0%,✅ Equal,7,4,3,18_Recombination events.csv|2477,2477,18_Recombination events.csv,4290,5892,['30'],1000,0.000025,0.005,0.1,5000,50,4291,5940,4291-5940,['30'],['31'],['20'],1,48,49,99.93757802746566,1602,400.5,25,Exact Recombinant Match,,56.98751560549313,,,,,,,70,,,,,,,,,,,,100,,,,,,,,,,,,,,,,,,,,,,1,4290-5892,99.9%,100.0%,0,99.93757802746566,,,,,,,,,,100,95.1,0,1,7,0,1,❌ None
43,43,44,1,100,25,2504,1,⭐ Excellent Match (1/1),Step 2: Best Match,1,1,2,7,1,6,50.0%,14.3%,✅ Equal,9,2,7,25_Recombination events.csv|2504,2504,25_Recombination events.csv,4524,7950,['8'],1000,0.000025,0.005,0.1,5000,50,4528,7930,4528-7930,['8'],"['1', '37', '20', '11']","['49', '7', '22']",4,20,24,99.3,,,,,🎯 Perfect (1/1),56.86,100,1/1,100,1,1,1/1,70,100,,,,,,,,,,,100,,,,,,,,,,,,,,,,,,,,,,1,4524-7950,99.3%,100.0%,0,99.3,,,,,,,,,,100,97.6,0,1,2,0,1,❌ None
44,44,45,1,100,27,2552,1,⭐ Excellent Match (1/1),Step 2: Best Match,1,1,1,9,0,8,100.0%,11.1%,✅ Equal,10,2,8,27_Recombination events.csv|2552,2552,27_Recombination events.csv,5889,10000,['36'],1000,0.000025,0.005,0.1,5000,50,5894,9976,5894-9976,['36'],"['25', '12', '21', '3', '15', '43', '48']","['6', '41', '16', '28', '22']",5,24,29,99.3,,,,,🎯 Perfect (1/1),56.86,100,1/1,100,1,1,1/1,70,100,,,,,,,,,,,100,,,,,,,,,,,,,,,,,,,,,,1,5889-10000,99.3%,100.0%,0,99.3,,,,,,,,,,100,97.1,0,1,2,0,1,❌ None
45,45,46,1,100,16,2435,2,⭐ Excellent Match (1/1),Step 2: Best Match,3,3,4,9,1,6,75.0%,33.3%,✅ Equal,13,6,7,16_Recombination events.csv|2435,2435,16_Recombination events.csv,3306,10000,"['23', '41', '43']",1000,0.000025,0.005,0.1,5000,50,3305,9990,3305-9990,"['23', '41', '43']","['3', '22', '27', '8']","['13', '17']",1,10,11,99.9,,,,,✅ Complete (3/3),58.98,100,3/3,100,3,3,3/3,90,100,,,,,,,,,,,100,,,,,,,,,,,,,,,,,,,,,,2,3306-10000,99.9%,100.0%,0,99.9,,,,,,,,,,100,98.9,0,1,2,0,2,❌ None
46,46,47,1,100,15,2434,1,Standard_Match,Step 1: Approximate,2,2,2,7,0,5,100.0%,28.6%,✅ Equal,9,4,5,15_Recombination events.csv|2434,2434,15_Recombination events.csv,189,1386,"['13', '27']",1000,0.000025,0.005,0.1,5000,50,190,1386,190-1386,"['13', '27']","['2', '41', '28', '31']",['9'],1,0,1,99.91645781119465,1197,299.2,25,Exact Recombinant Match,,58.98329156223893,,,,,,,90,,,,,,,,,,,,100,,,,,,,,,,,,,,,,,,,,,,1,189-1386,99.9%,100.0%,0,99.91645781119465,,,,,,,,,,100,99.9,0,1,7,0,1,❌ None
47,47,48,1,100,3,2267,1,✅ Complete Match (1/1),Step 2: Best Match,1,1,1,7,0,6,100.0%,14.3%,✅ Equal,8,2,6,3_Recombination events.csv|2267,2267,3_Recombination events.csv,5766,8088,"['13', '16', '19', '2', '20', '24', '27', '28', '29', '3', '32', '33', '37', '38', '4', '41', '44', '45', '47', '48', '5', '50', '6']",1000,0.000025,0.005,0.1,5000,50,5827,8072,5827-8072,"['27', '29', '44', '6', '4', '20', '13', '33', '3', '41', '47', '50', '28', '45', '2', '32', '5', '16', '48', '19', '24', '37', '38']","['35', '18', '34', '49', '9']","['42', '11', '40', '31', '23', '15', '21', '17', '10', '22']",61,16,77,96.7,,,,,✅ Complete (23/23),56.34,100,23/23,100,23,23,23/23,70,100,,,,,,,,,,,100,,,,,,,,,,,,,,,,,,,,,,1,5766-8088,96.7%,100.0%,0,96.7,,,,,,,,,,82.6086956521739,92.3,0,1,3,0,1,❌ None
48,48,49,1,100,11,2508,1,⭐ Excellent Match (1/1),Step 2: Best Match,4,4,4,10,0,6,100.0%,40.0%,✅ Equal,14,8,6,11_Recombination events.csv|2508,2508,11_Recombination events.csv,7449,10000,['34'],1000,0.000025,0.005,0.1,5000,50,7462,9990,7462-9990,['34'],['43'],"['9', '23', '41', '45']",13,10,23,99.1,,,,,🎯 Perfect (1/1),56.82,100,1/1,100,1,1,1/1,70,100,,,,,,,,,,,100,,,,,,,,,,,,,,,,,,,,,,1,7449-10000,99.1%,100.0%,0,99.1,,,,,,,,,,100,97.7,0,1,2,0,1,❌ None
49,49,50,2,99.9497487437186,66,2347,2,🎯 Perfect Match (1/1),Step 2: Best Match,2,2,2,6,0,4,100.0%,33.3%,✅ Equal,8,4,4,66_Recombination events.csv|2347,2347,66_Recombination events.csv,4470,9936,['45'],1000,0.000025,0.005,0.1,5000,50,4472,9940,4472-9940,['45'],"['19', '46', '23', '24', '7', '8', '2', '26', '32', '37', '3', '15', '5', '38', '28']","['10', '31']",2,4,6,100,,,,,🎯 Perfect (1/1),59,100,1/1,100,1,1,1/1,90,100,,,,,,,,,,,100,,,,,,,,,,,,,,,,,,,,,,2,4470-9936,100.0%,100.0%,0,100,,,,,,,,,,100,99.4,0,1,1,0,2,❌ None
50,50,51,1,99.94959677419354,32,2437,2,Standard_Match,Step 1: Approximate,3,3,3,9,0,6,100.0%,33.3%,✅ Equal,12,6,6,32_Recombination events.csv|2437,2437,32_Recombination events.csv,5814,10000,"['35', '39', '44', '8']",1000,0.000025,0.005,0.1,5000,50,5813,9992,5813-9992,"['35', '44', '39', '8']","['6', '30', '28']","['23', '12', '45']",1,8,9,99.8088867654085,4186,1046.5,25,Exact Recombinant Match,,58.9617773530817,,,,,,,90,,,,,,,,,,,,100,,,,,,,,,,,,,,,,,,,,,,2,5814-10000,99.8%,100.0%,0,99.8088867654085,,,,,,,,,,100,99.1,0,1,7,0,2,❌ None
51,51,52,1,99.84984984984985,28,2469,3,✅ Complete Match (1/1),Step 2: Best Match,3,3,3,7,0,4,100.0%,42.9%,✅ Equal,10,6,4,28_Recombination events.csv|2469,2469,28_Recombination events.csv,6267,6387,['34'],1000,0.000025,0.005,0.1,5000,50,6268,6384,6268-6384,['34'],['37'],"['44', '28']",1,3,4,96.7,,,,,🎯 Perfect (1/1),58.34,100,1/1,100,1,1,1/1,90,100,,,,,,,,,,,100,,,,,,,,,,,,,,,,,,,,,,3,6267-6387,96.7%,100.0%,0,96.7,,,,,,,,,,100,99.6,0,1,3,0,3,❌ None
52,52,53,2,99.8481781376518,89,2478,2,Standard_Match,Step 1: Approximate,7,7,8,12,1,5,87.5%,58.3%,✅ Equal,20,14,6,89_Recombination events.csv|2478,2478,89_Recombination events.csv,4230,10000,['24'],1000,0.000025,0.005,0.1,5000,50,4234,9989,4234-9989,['24'],"['29', '39', '7']","['38', '35', '12']",4,11,15,99.74003466204506,4230,1057.5,25,Exact Recombinant Match,,56.948006932409015,,,,,,,70,,,,,,,,,,,,100,,,,,,,,,,,,,,,,,,,,,,2,4230-10000,99.7%,100.0%,0,99.74003466204506,,,,,,,,,,100,98.5,0,1,7,0,2,❌ None
53,53,54,1,99.4410569105691,86,2462,1,Standard_Match,Step 1: Approximate,4,4,4,10,0,6,100.0%,40.0%,✅ Equal,14,8,6,86_Recombination events.csv|2462,2462,86_Recombination events.csv,6129,7578,['50'],1000,0.000025,0.005,0.1,5000,50,6137,7559,6137-7559,['50'],['13'],"['29', '27', '8']",8,19,27,98.13664596273291,1449,362.2,25,Exact Recombinant Match,,56.62732919254658,,,,,,,70,,,,,,,,,,,,100,,,,,,,,,,,,,,,,,,,,,,1,6129-7578,98.1%,100.0%,0,98.13664596273291,,,,,,,,,,100,97.3,0,1,7,0,1,❌ None
54,54,55,1,99.3920972644377,93,2577,1,⭐ Excellent Match (1/1),Step 2: Best Match,2,2,4,10,2,8,50.0%,20.0%,✅ Equal,14,4,10,93_Recombination events.csv|2577,2577,93_Recombination events.csv,6036,10000,"['10', '48']",1000,0.000025,0.005,0.1,5000,50,6054,9993,6054-9993,"['10', '48']",['8'],"['23', '13', '11']",18,7,25,99.4,,,,,✅ Complete (2/2),56.88,100,2/2,100,2,2,2/2,70,100,,,,,,,,,,,100,,,,,,,,,,,,,,,,,,,,,,1,6036-10000,99.4%,100.0%,0,99.4,,,,,,,,,,100,97.5,0,1,2,0,1,❌ None
55,55,56,2,99.3467336683417,5,1963,3,⭐ Excellent Match (1/1),Step 2: Best Match,4,4,4,10,0,6,100.0%,40.0%,✅ Equal,14,8,6,5_Recombination events.csv|1963,1963,5_Recombination events.csv,7500,10000,['5'],1000,0.000025,0.005,0.1,5000,50,7508,9990,7508-9990,['5'],"['42', '23', '12', '26', '44', '6', '4', '40', '30', '33', '3', '14', '34', '39', '41', '17', '1', '47', '28', '31', '45', '46', '18', '2', '32', '15', '16', '9', '48', '24', '38', '37', '21', '49', '10', '36']","['25', '19', '35', '20', '13', '7', '8', '27', '29', '43', '22']",8,10,18,99.3,,,,,🎯 Perfect (1/1),58.86,100,1/1,100,1,1,1/1,90,100,,,,,,,,,,,100,,,,,,,,,,,,,,,,,,,,,,3,7500-10000,99.3%,100.0%,0,99.3,,,,,,,,,,100,98.2,0,1,2,0,3,❌ None
56,56,57,2,99.2914979757085,6,2422,1,✅ Complete Match (1/1),Step 2: Best Match,2,2,2,8,0,6,100.0%,25.0%,✅ Equal,10,4,6,6_Recombination events.csv|2422,2422,6_Recombination events.csv,8268,10000,['48'],1000,0.000025,0.005,0.1,5000,50,8260,9982,8260-9982,['48'],['43'],"['19', '38', '27', '32']",8,18,26,99,,,,,🎯 Perfect (1/1),56.8,100,1/1,100,1,1,1/1,70,100,,,,,,,,,,,100,,,,,,,,,,,,,,,,,,,,,,1,8268-10000,99.0%,100.0%,0,99,,,,,,,,,,100,97.4,0,1,3,0,1,❌ None
57,57,58,1,99.28789420142422,75,2410,2,✅ Complete Match (1/1),Step 2: Best Match,2,2,2,5,0,3,100.0%,40.0%,✅ Equal,7,4,3,75_Recombination events.csv|2410,2410,75_Recombination events.csv,3297,6063,['6'],1000,0.000025,0.005,0.1,5000,50,3295,6034,3295-6034,['6'],"['4', '40']","['34', '27', '8']",2,29,31,99,,,,,🎯 Perfect (1/1),56.8,100,1/1,100,1,1,1/1,70,100,,,,,,,,,,,100,,,,,,,,,,,,,,,,,,,,,,2,3297-6063,99.0%,100.0%,0,99,,,,,,,,,,100,96.9,0,1,3,0,2,❌ None
58,58,59,1,99.1692627206646,13,2463,2,✅ Complete Match (1/1),Step 2: Best Match,2,2,2,5,0,3,100.0%,40.0%,✅ Equal,7,4,3,13_Recombination events.csv|2463,2463,13_Recombination events.csv,1857,10000,"['16', '29', '48', '50', '8']",1000,0.000025,0.005,0.1,5000,50,1886,9976,1886-9976,"['29', '8', '50', '16', '48']","['25', '42', '23', '27', '44', '6', '11', '40', '13', '33', '14', '34', '17', '22', '7', '2', '15', '5', '9', '19', '35', '10', '36']","['4', '46', '30', '20', '24', '12', '26', '32', '3', '21', '47', '38', '28']",29,24,53,99.3,,,,,✅ Complete (5/5),56.86,100,5/5,100,5,5,5/5,70,100,,,,,,,,,,,100,,,,,,,,,,,,,,,,,,,,,,2,1857-10000,99.3%,100.0%,0,99.3,,,,,,,,,,20,94.7,0,1,3,0,2,❌ None
59,59,60,2,98.99497487437186,78,2374,5,Standard_Match,Step 1: Approximate,5,5,6,15,1,10,83.3%,33.3%,✅ Equal,21,10,11,78_Recombination events.csv|2374,2374,78_Recombination events.csv,267,10000,"['23', '34']",1000,0.000025,0.005,0.1,5000,50,272,9980,272-9980,"['23', '34']","['1', '12', '29', '7']","['6', '42', '46', '13', '18', '32', '48', '22']",5,20,25,99.74314188842084,267,66.8,25,Exact Recombinant Match,,56.94862837768417,,,,,,,70,,,,,,,,,,,,100,,,,,,,,,,,,,,,,,,,,,,5,267-10000,99.7%,100.0%,0,99.74314188842084,,,,,,,,,,100,97.5,0,1,7,0,5,❌ None
60,60,61,1,98.99091826437942,22,2541,1,⭐ Excellent Match (1/1),Step 2: Best Match,2,2,2,6,0,4,100.0%,33.3%,✅ Equal,8,4,4,22_Recombination events.csv|2541,2541,22_Recombination events.csv,5745,10000,['7'],1000,0.000025,0.005,0.1,5000,50,5739,9977,5739-9977,['7'],['45'],"['1', '28']",6,23,29,99.5,,,,,🎯 Perfect (1/1),56.900000000000006,100,1/1,100,1,1,1/1,70,100,,,,,,,,,,,100,,,,,,,,,,,,,,,,,,,,,,1,5745-10000,99.5%,100.0%,0,99.5,,,,,,,,,,100,97.1,0,1,2,0,1,❌ None
61,61,62,2,98.7841945288754,87,2453,1,✅ Complete Match (1/1),Step 2: Best Match,4,3,7,11,3,8,57.1%,27.3%,❌ Diff: RDP=4 vs Santa=3,18,7,11,87_Recombination events.csv|2453,2453,87_Recombination events.csv,7368,10000,"['24', '27']",1000,0.000025,0.005,0.1,5000,50,7369,9964,7369-9964,"['24', '27']",['14'],"['6', '38']",1,36,37,98.6,,,,,✅ Complete (2/2),56.72,100,2/2,100,2,2,2/2,70,100,,,,,,,,,,,100,,,,,,,,,,,,,,,,,,,,,,1,7368-10000,98.6%,100.0%,0,98.6,,,,,,,,,,100,96.3,0,1,3,0,1,❌ None
62,62,63,2,98.62104187946883,39,2493,2,Standard_Match,Step 1: Approximate,2,2,3,6,1,4,66.7%,33.3%,✅ Equal,9,4,5,39_Recombination events.csv|2493,2493,39_Recombination events.csv,3966,5304,['25'],1000,0.000025,0.005,0.1,5000,50,3926,5312,3926-5312,['25'],"['18', '29', '50', '2']","['27', '12']",40,8,48,100,1338,334.5,25,Exact Recombinant Match,,57,,,,,,,70,,,,,,,,,,,,100,,,,,,,,,,,,,,,,,,,,,,2,3966-5304,100.0%,100.0%,0,100,,,,,,,,,,100,95.2,0,1,7,0,2,❌ None
63,63,64,1,98.58870967741936,82,2536,1,✅ Complete Match (1/1),Step 2: Best Match,2,2,2,9,0,7,100.0%,22.2%,✅ Equal,11,4,7,82_Recombination events.csv|2536,2536,82_Recombination events.csv,777,7365,['5'],1000,0.000025,0.005,0.1,5000,50,792,7344,792-7344,['5'],"['44', '4']","['37', '14']",15,21,36,99.5,,,,,🎯 Perfect (1/1),56.900000000000006,100,1/1,100,1,1,1/1,70,100,,,,,,,,,,,100,,,,,,,,,,,,,,,,,,,,,,1,777-7365,99.5%,100.0%,0,99.5,,,,,,,,,,100,96.4,0,1,3,0,1,❌ None
64,64,65,1,98.5522233712513,30,2479,2,✅ Complete Match (1/1),Step 2: Best Match,2,2,2,4,0,2,100.0%,50.0%,✅ Equal,6,4,2,30_Recombination events.csv|2479,2479,30_Recombination events.csv,2442,10000,['11'],1000,0.000025,0.005,0.1,5000,50,2465,9962,2465-9962,['11'],['35'],"['28', '40']",23,38,61,99.2,,,,,🎯 Perfect (1/1),56.84,100,1/1,100,1,1,1/1,70,100,,,,,,,,,,,100,,,,,,,,,,,,,,,,,,,,,,2,2442-10000,99.2%,100.0%,0,99.2,,,,,,,,,,100,93.9,0,1,3,0,2,❌ None
65,65,66,2,98.44689378757516,14,2553,2,Standard_Match,Step 1: Approximate,2,2,2,6,0,4,100.0%,33.3%,✅ Equal,8,4,4,14_Recombination events.csv|2553,2553,14_Recombination events.csv,3561,8592,['39'],1000,0.000025,0.005,0.1,5000,50,3572,8570,3572-8570,['39'],['45'],"['24', '4']",11,22,33,99.34406678592724,4969,1242.2,25,Exact Recombinant Match,,56.86881335718545,,,,,,,70,,,,,,,,,,,,100,,,,,,,,,,,,,,,,,,,,,,2,3561-8592,99.3%,100.0%,0,99.34406678592724,,,,,,,,,,100,96.7,0,1,7,0,2,❌ None
66,66,67,1,98.42958459979737,62,2437,2,Standard_Match,Step 1: Approximate,2,2,2,5,0,3,100.0%,40.0%,✅ Equal,7,4,3,62_Recombination events.csv|2437,2437,62_Recombination events.csv,1134,4140,['3'],1000,0.000025,0.005,0.1,5000,50,1120,4170,1120-4170,['3'],"['11', '50', '49', '38', '48']",['46'],14,30,44,100,3006,751.5,25,Exact Recombinant Match,,57,,,,,,,70,,,,,,,,,,,,100,,,,,,,,,,,,,,,,,,,,,,2,1134-4140,100.0%,100.0%,0,100,,,,,,,,,,100,95.6,0,1,7,0,2,❌ None
67,67,68,2,98.3971044467425,70,2463,2,Standard_Match,Step 1: Approximate,2,2,2,3,0,1,100.0%,66.7%,✅ Equal,5,4,1,70_Recombination events.csv|2463,2463,70_Recombination events.csv,6213,9252,['14'],1000,0.000025,0.005,0.1,5000,50,6193,9296,6193-9296,['14'],"['45', '30', '37', '50', '34', '1']","['6', '24', '32', '47', '5', '49']",20,44,64,100,3039,759.8,25,Exact Recombinant Match,,57,,,,,,,70,,,,,,,,,,,,100,,,,,,,,,,,,,,,,,,,,,,2,6213-9252,100.0%,100.0%,0,100,,,,,,,,,,100,93.6,0,1,7,0,2,❌ None
68,68,69,2,98.2982982982983,15,2408,2,Standard_Match,Step 1: Approximate,2,2,2,7,0,5,100.0%,28.6%,✅ Equal,9,4,5,15_Recombination events.csv|2408,2408,15_Recombination events.csv,330,10000,"['1', '19', '38', '45']",1000,0.000025,0.005,0.1,5000,50,324,9971,324-9971,"['1', '38', '19', '45']","['32', '26']","['11', '30', '20', '23', '8', '3', '39', '9', '22']",6,29,35,99.70010341261634,330,82.5,25,Exact Recombinant Match,,56.94002068252327,,,,,,,70,,,,,,,,,,,,100,,,,,,,,,,,,,,,,,,,,,,2,330-10000,99.7%,100.0%,0,99.70010341261634,,,,,,,,,,100,96.5,0,1,7,0,2,❌ None
69,69,70,2,98.28402366863904,19,2531,2,Standard_Match,Step 1: Approximate,2,2,2,4,0,2,100.0%,50.0%,✅ Equal,6,4,2,19_Recombination events.csv|2531,2531,19_Recombination events.csv,1482,10000,"['12', '27', '7']",1000,0.000025,0.005,0.1,5000,50,1442,9856,1442-9856,"['12', '27', '7']",['34'],"['38', '45']",40,144,184,98.30946231509743,1482,370.5,25,Exact Recombinant Match,,54.66189246301949,,,,,,,50,,,,,,,,,,,,100,,,,,,,,,,,,,,,,,,,,,,2,1482-10000,98.3%,100.0%,0,98.30946231509743,,,,,,,,,,100,81.6,0,1,7,0,2,❌ None
70,70,71,3,98.0263157894737,89,2407,5,Standard_Match,Step 1: Approximate,7,7,8,12,1,5,87.5%,58.3%,✅ Equal,20,14,6,89_Recombination events.csv|2407,2407,89_Recombination events.csv,7770,10000,['4'],1000,0.000025,0.005,0.1,5000,50,7814,9993,7814-9993,['4'],"['29', '39', '7']","['25', '27', '43', '6', '11', '30', '20', '3', '41', '47', '17', '1', '28', '31', '45', '46', '18', '2', '32', '5', '9', '37', '10']",44,7,51,97.71300448430492,2230,557.5,25,Exact Recombinant Match,,56.54260089686099,,,,,,,70,,,,,,,,,,,,100,,,,,,,,,,,,,,,,,,,,,,5,7770-10000,97.7%,100.0%,0,97.71300448430492,,,,,,,,,,100,94.9,0,1,7,0,5,❌ None
71,71,72,1,97.99196787148594,65,2457,3,Standard_Match,Step 1: Approximate,4,4,4,14,0,10,100.0%,28.6%,✅ Equal,18,8,10,65_Recombination events.csv|2457,2457,65_Recombination events.csv,102,5019,['26'],1000,0.000025,0.005,0.1,5000,50,136,5029,136-5029,['26'],['18'],"['41', '8', '46']",34,10,44,99.30852145617246,4917,1229.2,25,Exact Recombinant Match,,56.86170429123449,,,,,,,70,,,,,,,,,,,,100,,,,,,,,,,,,,,,,,,,,,,3,102-5019,99.3%,100.0%,0,99.30852145617246,,,,,,,,,,100,95.6,0,1,7,0,3,❌ None
72,72,73,3,97.97365754812564,87,2432,2,✅ Complete Match (1/1),Step 2: Best Match,4,3,7,11,3,8,57.1%,27.3%,❌ Diff: RDP=4 vs Santa=3,18,7,11,87_Recombination events.csv|2432,2432,87_Recombination events.csv,6345,8532,['8'],1000,0.000025,0.005,0.1,5000,50,6346,8480,6346-8480,['8'],['40'],"['1', '49', '17']",1,52,53,97.6,,,,,🎯 Perfect (1/1),56.52,100,1/1,100,1,1,1/1,70,100,,,,,,,,,,,100,,,,,,,,,,,,,,,,,,,,,,2,6345-8532,97.6%,100.0%,0,97.6,,,,,,,,,,100,94.7,0,1,3,0,2,❌ None
73,73,74,4,97.77327935222672,89,2487,4,Standard_Match,Step 1: Approximate,7,7,8,12,1,5,87.5%,58.3%,✅ Equal,20,14,6,89_Recombination events.csv|2487,2487,89_Recombination events.csv,8559,10000,['13'],1000,0.000025,0.005,0.1,5000,50,8539,9964,8539-9964,['13'],"['15', '8']",['49'],20,36,56,97.50173490631506,1441,360.2,25,Exact Recombinant Match,,56.50034698126301,,,,,,,70,,,,,,,,,,,,100,,,,,,,,,,,,,,,,,,,,,,4,8559-10000,97.5%,100.0%,0,97.50173490631506,,,,,,,,,,100,94.4,0,1,7,0,4,❌ None
74,74,75,2,97.5359342915811,42,2491,2,✅ Complete Match (1/1),Step 2: Best Match,2,2,2,11,0,9,100.0%,18.2%,✅ Equal,13,4,9,42_Recombination events.csv|2491,2491,42_Recombination events.csv,6390,10000,['9'],1000,0.000025,0.005,0.1,5000,50,6440,9976,6440-9976,['9'],['13'],"['6', '25', '20', '7', '37', '14', '5']",50,24,74,98,,,,,🎯 Perfect (1/1),56.6,100,1/1,100,1,1,1/1,70,100,,,,,,,,,,,100,,,,,,,,,,,,,,,,,,,,,,2,6390-10000,98.0%,100.0%,0,98,,,,,,,,,,100,92.6,0,1,3,0,2,❌ None
75,75,76,2,97.45158002038735,51,2525,4,✅ Complete Match (1/1),Step 2: Best Match,4,4,4,8,0,4,100.0%,50.0%,✅ Equal,12,8,4,51_Recombination events.csv|2525,2525,51_Recombination events.csv,7986,10000,['4'],1000,0.000025,0.005,0.1,5000,50,7940,9977,7940-9977,['4'],['20'],"['25', '42', '11', '40', '37', '39', '15', '41', '47', '43', '1', '38', '22']",46,23,69,98.9,,,,,🎯 Perfect (1/1),56.78,100,1/1,100,1,1,1/1,70,100,,,,,,,,,,,100,,,,,,,,,,,,,,,,,,,,,,4,7986-10000,98.9%,100.0%,0,98.9,,,,,,,,,,100,93.1,0,1,3,0,4,❌ None
76,76,77,1,96.9574036511156,57,2486,3,✅ Complete Match (1/1),Step 2: Best Match,3,3,3,8,0,5,100.0%,37.5%,✅ Equal,11,6,5,57_Recombination events.csv|2486,2486,57_Recombination events.csv,2175,10000,['7'],1000,0.000025,0.005,0.1,5000,50,2183,9934,2183-9934,['7'],"['11', '35', '8', '37', '43', '38']","['4', '26']",8,66,74,99.1,,,,,🎯 Perfect (1/1),56.82,100,1/1,100,1,1,1/1,70,100,,,,,,,,,,,100,,,,,,,,,,,,,,,,,,,,,,3,2175-10000,99.1%,100.0%,0,99.1,,,,,,,,,,100,92.6,0,1,3,0,3,❌ None
77,77,78,1,96.88128772635817,69,2477,2,✅ Complete Match (1/1),Step 2: Best Match,2,2,2,7,0,5,100.0%,28.6%,✅ Equal,9,4,5,69_Recombination events.csv|2477,2477,69_Recombination events.csv,1347,10000,"['1', '25', '3', '31', '37', '47']",1000,0.000025,0.005,0.1,5000,50,1357,9942,1357-9942,"['25', '31', '37', '3', '47', '1']","['9', '24']","['30', '15']",10,58,68,99.2,,,,,✅ Complete (6/6),56.84,100,6/6,100,6,6,6/6,70,100,,,,,,,,,,,100,,,,,,,,,,,,,,,,,,,,,,2,1347-10000,99.2%,100.0%,0,99.2,,,,,,,,,,50,93.2,0,1,3,0,2,❌ None
78,78,79,2,96.65653495440728,36,2447,2,Standard_Match,Step 1: Approximate,4,4,4,7,0,3,100.0%,57.1%,✅ Equal,11,8,3,36_Recombination events.csv|2447,2447,36_Recombination events.csv,7881,10000,['33'],1000,0.000025,0.005,0.1,5000,50,7842,9960,7842-9960,['33'],"['11', '35', '45', '43', '9', '38', '36']","['42', '19', '4', '23', '39', '41']",39,40,79,98.11231713072203,2119,529.8,25,Exact Recombinant Match,,56.62246342614441,,,,,,,70,,,,,,,,,,,,100,,,,,,,,,,,,,,,,,,,,,,2,7881-10000,98.1%,100.0%,0,98.11231713072203,,,,,,,,,,100,92.1,0,1,7,0,2,❌ None
79,79,80,2,96.00818833162742,11,2513,3,✅ Complete Match (1/1),Step 2: Best Match,4,4,4,10,0,6,100.0%,40.0%,✅ Equal,14,8,6,11_Recombination events.csv|2513,2513,11_Recombination events.csv,1674,10000,['18'],1000,0.000025,0.005,0.1,5000,50,1699,9924,1699-9924,['18'],"['37', '38', '15']","['1', '22']",25,76,101,98.8,,,,,🎯 Perfect (1/1),56.760000000000005,100,1/1,100,1,1,1/1,70,100,,,,,,,,,,,100,,,,,,,,,,,,,,,,,,,,,,3,1674-10000,98.8%,100.0%,0,98.8,,,,,,,,,,100,89.9,0,1,3,0,3,❌ None
80,80,81,1,95.34518828451884,23,2401,1,✅ Complete Match (1/1),Step 2: Best Match,2,2,2,4,0,2,100.0%,50.0%,✅ Equal,6,4,2,23_Recombination events.csv|2401,2401,23_Recombination events.csv,3351,10000,"['20', '35']",1000,0.000025,0.005,0.1,5000,50,3450,9966,3450-9966,"['20', '35']","['9', '41', '34', '33']","['42', '47', '19']",99,34,133,98,,,,,✅ Complete (2/2),56.6,100,2/2,100,2,2,2/2,70,100,,,,,,,,,,,100,,,,,,,,,,,,,,,,,,,,,,1,3351-10000,98.0%,100.0%,0,98,,,,,,,,,,100,86.7,0,1,3,0,1,❌ None
81,81,82,1,93.41286307053944,61,2210,3,✅ Complete Match (1/1),Step 2: Best Match,2,2,3,4,1,2,66.7%,50.0%,✅ Equal,7,4,3,61_Recombination events.csv|2210,2210,61_Recombination events.csv,7917,9900,"['10', '15', '16', '17', '22', '23', '25', '27', '3', '34', '35', '36', '38', '39', '41', '42', '45', '47', '50', '9']",1000,0.000025,0.005,0.1,5000,50,7872,9782,7872-9782,"['25', '42', '23', '27', '3', '39', '34', '41', '47', '17', '50', '10', '22', '45', '15', '16', '9', '35', '38', '36']","['4', '20', '13', '26', '21', '5', '43']","['6', '11', '40', '46', '24', '29', '8', '12', '33', '37', '14', '44', '1', '48']",45,118,163,94,,,,,✅ Complete (20/20),53.8,100,20/20,100,20,20,20/20,50,100,,,,,,,,,,,100,,,,,,,,,,,,,,,,,,,,,,3,7917-9900,94.0%,100.0%,0,94,,,,,,,,,,80,83.7,0,1,3,0,3,❌ None
82,82,83,2,92.99395161290325,32,2526,3,✅ Complete Match (1/1),Step 2: Best Match,3,3,3,9,0,6,100.0%,33.3%,✅ Equal,12,6,6,32_Recombination events.csv|2526,2526,32_Recombination events.csv,3651,5133,"['10', '24']",1000,0.000025,0.005,0.1,5000,50,3751,5086,3751-5086,"['10', '24']","['13', '11']","['48', '7']",100,47,147,90.1,,,,,✅ Complete (2/2),55.02,100,2/2,100,2,2,2/2,70,100,,,,,,,,,,,100,,,,,,,,,,,,,,,,,,,,,,3,3651-5133,90.1%,100.0%,0,90.1,,,,,,,,,,100,85.3,0,1,3,0,3,❌ None
83,83,84,2,92.85714285714286,93,2253,2,✅ Complete Match (1/1),Step 2: Best Match,2,2,4,10,2,8,50.0%,20.0%,✅ Equal,14,4,10,93_Recombination events.csv|2253,2253,93_Recombination events.csv,8646,9285,"['10', '16', '20', '22', '25', '28', '29', '3', '30', '34', '36', '37', '39', '40', '41', '44', '47', '48', '49', '5', '50', '6', '8']",1000,0.000025,0.005,0.1,5000,50,8656,9282,8656-9282,"['25', '29', '8', '44', '6', '40', '30', '20', '3', '39', '34', '41', '47', '50', '28', '22', '5', '16', '37', '49', '36']","['42', '35', '45', '24', '18', '27', '26', '12', '43']","['23', '11', '4', '13', '33', '14', '17', '1', '10', '31', '46', '7', '2', '32', '15', '9', '48', '19', '21', '38']",10,3,13,98,,,,,✅ Complete (21/21),58.6,91.3,21/21,100,23,21,21/21,90,100,,,,,,,,,,,100,,,,,,,,,,,,,,,,,,,,,,2,8646-9285,98.0%,100.0%,0,98,,,,,,,,,,85.71428571428571,98.7,0,1,3,0,2,❌ None
84,84,85,5,91.54858299595142,89,2423,7,✅ Complete Match (1/1),Step 2: Best Match,7,7,8,12,1,5,87.5%,58.3%,✅ Equal,20,14,6,89_Recombination events.csv|2423,2423,89_Recombination events.csv,2643,3876,['4'],1000,0.000025,0.005,0.1,5000,50,2806,3892,2806-3892,['4'],"['49', '13', '19', '22']","['34', '48', '5']",163,16,179,86.8,,,,,🎯 Perfect (1/1),52.36,100,1/1,100,1,1,1/1,50,96.4,,,,,,,,,,,100,,,,,,,,,,,,,,,,,,,,,,7,2643-3876,86.8%,100.0%,0,86.8,,,,,,,,,,100,82.1,0,1,3,0,7,❌ None
85,85,86,3,90.88128996385876,51,2133,1,✅ Complete Match (1/1),Step 2: Best Match,4,4,4,8,0,4,100.0%,50.0%,✅ Equal,12,8,4,51_Recombination events.csv|2133,2133,51_Recombination events.csv,4041,10000,"['1', '10', '11', '13', '14', '15', '17', '2', '20', '21', '22', '23', '24', '25', '27', '3', '33', '34', '35', '36', '37', '38', '39', '4', '40', '41', '42', '43', '45', '46', '47', '48', '49', '5', '50', '6', '7', '9']",1000,0.000025,0.005,0.1,5000,50,3984,9978,3984-9978,"['25', '42', '27', '43', '6', '11', '4', '40', '20', '13', '33', '3', '14', '34', '39', '41', '47', '1', '50', '22', '46', '45', '7', '15', '5', '9', '48', '38', '37', '21', '49', '10', '36']","['30', '31']","['19', '18', '8', '2', '12', '26', '29', '32', '44', '16', '28']",57,22,79,99.6,,,,,✅ Complete (33/33),56.92,86.8,33/33,100,38,33,33/33,70,100,,,,,,,,,,,100,,,,,,,,,,,,,,,,,,,,,,1,4041-10000,99.6%,100.0%,0,99.6,,,,,,,,,,87.87878787878788,92.1,0,1,3,0,1,❌ None
86,86,87,2,89.77963699538243,18,2343,2,✅ Complete Match (1/1),Step 2: Best Match,2,2,2,5,0,3,100.0%,40.0%,✅ Equal,7,4,3,18_Recombination events.csv|2343,2343,18_Recombination events.csv,1797,5073,"['1', '12', '14', '15', '16', '18', '2', '21', '23', '24', '26', '27', '28', '3', '30', '31', '36', '37', '4', '40', '42', '43', '44', '49']",1000,0.000025,0.005,0.1,5000,50,1736,5056,1736-5056,"['42', '23', '27', '12', '26', '44', '43', '4', '40', '3', '14', '1', '28', '31', '18', '2', '15', '16', '24', '37', '21', '49', '36']","['11', '19', '35', '46', '45', '7', '8', '32', '41', '5', '34', '17', '9', '10', '48', '22']","['6', '25', '13', '29', '47', '50', '38']",61,17,78,99.5,,,,,✅ Complete (23/23),56.900000000000006,95.8,23/23,100,24,23,23/23,70,100,,,,,,,,,,,100,,,,,,,,,,,,,,,,,,,,,,2,1797-5073,99.5%,100.0%,0,99.5,,,,,,,,,,82.6086956521739,92.2,0,1,3,0,2,❌ None
87,87,88,1,87.61329305135952,20,2438,5,Standard_Match,Step 1: Approximate,3,3,5,12,2,9,60.0%,25.0%,✅ Equal,17,6,11,20_Recombination events.csv|2438,2438,20_Recombination events.csv,2499,3606,"['10', '36']",1000,0.000025,0.005,0.1,5000,50,2588,3770,2588-3770,"['10', '36']",['31'],"['15', '43']",89,164,253,91.9602529358627,1107,276.8,25,Exact Recombinant Match,,53.39205058717254,,,,,,,50,,,,,,,,,,,,100,,,,,,,,,,,,,,,,,,,,,,5,2499-3606,92.0%,100.0%,0,91.9602529358627,,,,,,,,,,100,74.7,0,1,7,0,5,❌ None
88,88,89,2,84.72222222222223,61,2178,1,⭐ Excellent Match (1/1),Step 2: Best Match,2,2,3,4,1,2,66.7%,50.0%,✅ Equal,7,4,3,61_Recombination events.csv|2178,2178,61_Recombination events.csv,3705,10000,"['18', '19', '28', '30', '31', '32', '49', '5', '7']",1000,0.000025,0.005,0.1,5000,50,3705,9964,3705-9964,"['19', '31', '30', '7', '18', '32', '5', '49', '28']","['6', '11', '40', '46', '24', '29', '8', '12', '33', '37', '14', '50', '44', '1', '48']","['4', '20', '13', '26', '21', '43']",0,36,36,99.4,,,,,✅ Complete (9/9),56.88,100,9/9,100,9,9,9/9,70,100,,,,,,,,,,,100,,,,,,,,,,,,,,,,,,,,,,1,3705-10000,99.4%,100.0%,0,99.4,,,,,,,,,,55.55555555555556,96.4,0,1,2,0,1,❌ None
89,89,90,2,80.28455284552845,86,2339,3,✅ Complete Match (1/1),Step 2: Best Match,4,4,4,10,0,6,100.0%,40.0%,✅ Equal,14,8,6,86_Recombination events.csv|2339,2339,86_Recombination events.csv,1875,3114,"['13', '18', '19', '20', '30', '32', '4', '45', '50']",1000,0.000025,0.005,0.1,5000,50,1904,3120,1904-3120,"['4', '19', '45', '30', '20', '13', '18', '32']","['40', '46', '23', '24', '2', '12', '37', '3', '14', '21', '39', '44', '43', '9']","['6', '25', '7', '41', '34', '17', '1', '38', '36', '48']",29,6,35,97.7,,,,,✅ Complete (8/8),56.540000000000006,88.9,8/8,100,9,8,8/8,70,100,,,,,,,,,,,100,,,,,,,,,,,,,,,,,,,,,,3,1875-3114,97.7%,100.0%,0,97.7,,,,,,,,,,62.5,96.5,0,1,3,0,3,❌ None
90,90,91,2,80.21148036253776,20,2441,1,✅ Complete Match (1/1),Step 2: Best Match,3,3,5,12,2,9,60.0%,25.0%,✅ Equal,17,6,11,20_Recombination events.csv|2441,2441,20_Recombination events.csv,1758,4077,"['13', '29', '40', '49', '5', '9']",1000,0.000025,0.005,0.1,5000,50,1758,4146,1758-4146,"['40', '13', '29', '5', '49', '9']","['6', '16']",['2'],0,69,69,100,,,,,✅ Complete (6/6),57,100,6/6,100,6,6,6/6,70,100,,,,,,,,,,,100,,,,,,,,,,,,,,,,,,,,,,1,1758-4077,100.0%,100.0%,0,100,,,,,,,,,,66.66666666666666,93.1,0,1,3,0,1,❌ None
91,91,92,2,78.54417670682732,65,2346,1,✅ Complete Match (1/1),Step 2: Best Match,4,4,4,14,0,10,100.0%,28.6%,✅ Equal,18,8,10,65_Recombination events.csv|2346,2346,65_Recombination events.csv,8040,10000,"['24', '26', '34', '37', '45', '48']",1000,0.000025,0.005,0.1,5000,50,8027,9980,8027-9980,"['45', '24', '37', '34', '48']","['42', '25', '23', '29', '43', '11', '40', '13', '33', '39', '47', '17', '7', '32', '15', '5', '9', '19', '10', '36']","['41', '8', '46']",13,20,33,99,,,,,✅ Complete (5/5),56.8,83.3,5/5,100,6,5,5/5,70,100,,,,,,,,,,,100,,,,,,,,,,,,,,,,,,,,,,1,8040-10000,99.0%,100.0%,0,99,,,,,,,,,,60,96.7,0,1,3,0,1,❌ None
92,92,93,3,76.23983739837398,86,2240,4,✅ Complete Match (1/1),Step 2: Best Match,4,4,4,10,0,6,100.0%,40.0%,✅ Equal,14,8,6,86_Recombination events.csv|2240,2240,86_Recombination events.csv,6249,7203,"['11', '17', '27', '28', '29', '38', '50', '8']",1000,0.000025,0.005,0.1,5000,50,6320,7184,6320-7184,"['11', '29', '8', '27', '28']","['42', '40', '46', '16', '23', '24', '2', '12', '33', '37', '3', '14', '15', '21', '39', '43', '44', '9']","['6', '25', '4', '19', '45', '30', '20', '13', '7', '18', '32', '41', '34', '1', '48', '36']",71,19,90,90.6,,,,,✅ Complete (5/5),55.120000000000005,62.5,5/5,100,8,5,5/5,70,100,,,,,,,,,,,100,,,,,,,,,,,,,,,,,,,,,,4,6249-7203,90.6%,100.0%,0,90.6,,,,,,,,,,60,91,0,1,3,0,4,❌ None
93,93,94,1,75.86206896551724,74,793,3,✅ Complete Match (1/1),Step 2: Best Match,3,3,4,10,1,7,75.0%,30.0%,✅ Equal,14,6,8,74_Recombination events.csv|793,793,74_Recombination events.csv,5706,10000,"['1', '10', '11', '12', '13', '14', '15', '16', '17', '18', '19', '2', '20', '21', '22', '23', '24', '25', '26', '27', '28', '29', '3', '30', '31', '32', '33', '34', '35', '36', '37', '38', '39', '4', '40', '41', '42', '43', '44', '45', '46', '47', '48', '49', '5', '50', '6', '7', '8', '9']",1000,0.000025,0.005,0.1,5000,50,5666,9550,5666-9550,"['16', '24', '27']","['6', '25', '4', '40', '45', '30', '20', '13', '23', '8', '29', '37', '17', '1', '9', '48', '28', '22']","['42', '11', '19', '46', '7', '18', '33', '32', '14', '15', '5', '21', '39', '43', '50', '38']",40,450,490,89.5,,,,,✅ Complete (3/3),52.900000000000006,6,3/3,100,50,3,3/3,50,99.5,,,,,,,,,,,100,,,,,,,,,,,,,,,,,,,,,,3,5706-10000,89.5%,100.0%,0,89.5,,,,,,,,,,33.33333333333333,51,0,1,3,0,3,❌ None
94,94,95,2,75.46832546832547,28,2386,2,✅ Complete Match (1/1),Step 2: Best Match,3,3,3,7,0,4,100.0%,42.9%,✅ Equal,10,6,4,28_Recombination events.csv|2386,2386,28_Recombination events.csv,8139,10000,"['16', '33', '40', '41', '43', '46', '8']",1000,0.000025,0.005,0.1,5000,50,8182,9980,8182-9980,"['40', '46', '8', '33', '41', '43', '16']","['11', '19', '35', '23', '7', '3', '15', '5', '17']","['25', '42', '30', '20', '13', '27', '37', '1', '36']",43,20,63,96.6,,,,,✅ Complete (7/7),56.32,100,7/7,100,7,7,7/7,70,100,,,,,,,,,,,100,,,,,,,,,,,,,,,,,,,,,,2,8139-10000,96.6%,100.0%,0,96.6,,,,,,,,,,57.14285714285714,93.7,0,1,3,0,2,❌ None
95,95,96,2,75,22,2524,2,🎯 Perfect Match (1/1),Step 2: Best Match,2,2,2,6,0,4,100.0%,33.3%,✅ Equal,8,4,4,22_Recombination events.csv|2524,2524,22_Recombination events.csv,4641,9885,"['15', '18', '2', '20', '26', '3']",1000,0.000025,0.005,0.1,5000,50,4646,9881,4646-9881,"['20', '18', '2', '26', '3', '15']",['45'],['38'],5,4,9,99.8,,,,,✅ Complete (6/6),58.96,100,6/6,100,6,6,6/6,90,100,,,,,,,,,,,100,,,,,,,,,,,,,,,,,,,,,,2,4641-9885,99.8%,100.0%,0,99.8,,,,,,,,,,50,99.1,0,1,1,0,2,❌ None
96,96,97,2,74.89764585465711,96,2465,2,✅ Complete Match (1/1),Step 2: Best Match,3,3,3,7,0,4,100.0%,42.9%,✅ Equal,10,6,4,96_Recombination events.csv|2465,2465,96_Recombination events.csv,6870,8397,"['10', '26', '29', '37', '6', '7']",1000,0.000025,0.005,0.1,5000,50,6874,8376,6874-8376,"['6', '29', '7', '26', '37', '10']","['32', '43', '19', '17']","['42', '27', '8', '12', '44', '4', '40', '30', '20', '13', '33', '3', '14', '39', '47', '50', '1', '31', '45', '18', '2', '5', '16', '9', '48', '35', '24', '21', '49', '38']",4,21,25,98.4,,,,,✅ Complete (6/6),56.68000000000001,100,6/6,100,6,6,6/6,70,100,,,,,,,,,,,100,,,,,,,,,,,,,,,,,,,,,,2,6870-8397,98.4%,100.0%,0,98.4,,,,,,,,,,50,97.5,0,1,3,0,2,❌ None
97,97,98,2,72.4216380182002,16,2303,1,✅ Complete Match (1/1),Step 2: Best Match,3,3,4,9,1,6,75.0%,33.3%,✅ Equal,13,6,7,16_Recombination events.csv|2303,2303,16_Recombination events.csv,1860,4341,"['12', '14', '15', '28', '31', '32', '34', '9']",1000,0.000025,0.005,0.1,5000,50,1917,4346,1917-4346,"['31', '12', '32', '14', '15', '34', '9', '28']","['25', '18', '5']","['13', '17']",57,5,62,97.7,,,,,✅ Complete (8/8),56.540000000000006,100,8/8,100,8,8,8/8,70,100,,,,,,,,,,,100,,,,,,,,,,,,,,,,,,,,,,1,1860-4341,97.7%,100.0%,0,97.7,,,,,,,,,,50,93.8,0,1,3,0,1,❌ None
98,98,99,1,69.88146551724138,98,2498,2,Standard_Match,Step 1: Approximate,2,2,2,8,0,6,100.0%,25.0%,✅ Equal,10,4,6,98_Recombination events.csv|2498,2498,98_Recombination events.csv,3402,10000,['44'],1000,0.000025,0.005,0.1,5000,50,3946,9913,3946-9913,['44'],"['31', '20', '29', '27', '3', '47', '50', '9', '38', '36', '22']","['2', '21', '41', '43', '1']",544,87,631,90.43649590785088,3402,850.5,25,Exact Recombinant Match,,51.087299181570174,,,,,,,30,,,,,,,,,,,,100,,,,,,,,,,,,,,,,,,,,,,2,3402-10000,90.4%,100.0%,0,90.43649590785088,,,,,,,,,,100,36.9,0,1,7,0,2,❌ None
99,99,100,2,66.66666666666666,33,2261,2,⭐ Excellent Match (1/1),Step 2: Best Match,3,3,3,10,0,7,100.0%,30.0%,✅ Equal,13,6,7,33_Recombination events.csv|2261,2261,33_Recombination events.csv,123,4059,"['24', '31', '7']",1000,0.000025,0.005,0.1,5000,50,118,4068,118-4068,"['24', '7', '31']","['42', '23', '8', '12', '26', '6', '4', '40', '30', '20', '13', '3', '14', '39', '1', '28', '22', '46', '45', '35', '37', '49', '38', '36']","['11', '19', '29', '2', '33', '44', '21', '47', '5', '34', '50', '43', '10']",5,9,14,100,,,,,✅ Complete (3/3),59,100,3/3,100,3,3,3/3,90,100,,,,,,,,,,,100,,,,,,,,,,,,,,,,,,,,,,2,123-4059,100.0%,100.0%,0,100,,,,,,,,,,33.33333333333333,98.6,0,1,2,0,2,❌ None
100,100,101,3,66.66666666666666,65,2392,2,🎯 Perfect Match (1/1),Step 2: Best Match,4,4,4,14,0,10,100.0%,28.6%,✅ Equal,18,8,10,65_Recombination events.csv|2392,2392,65_Recombination events.csv,4326,8472,"['1', '20', '38']",1000,0.000025,0.005,0.1,5000,50,4323,8471,4323-8471,"['1', '38', '20']","['25', '42', '23', '27', '29', '44', '43', '11', '40', '13', '33', '39', '47', '17', '7', '32', '15', '5', '16', '9', '19', '49', '10', '36']","['3', '18']",3,1,4,100,,,,,✅ Complete (3/3),59,100,3/3,100,3,3,3/3,90,100,,,,,,,,,,,100,,,,,,,,,,,,,,,,,,,,,,2,4326-8472,100.0%,100.0%,0,100,,,,,,,,,,33.33333333333333,99.6,0,1,1,0,2,❌ None
101,101,102,3,64.48834853090172,36,2190,3,✅ Complete Match (1/1),Step 2: Best Match,4,4,4,7,0,3,100.0%,57.1%,✅ Equal,11,8,3,36_Recombination events.csv|2190,2190,36_Recombination events.csv,1458,6909,"['26', '37', '6']",1000,0.000025,0.005,0.1,5000,50,1449,6956,1449-6956,"['6', '37', '26']",['10'],"['25', '42', '23', '27', '8', '29', '12', '44', '43', '11', '4', '40', '30', '20', '13', '33', '3', '14', '34', '39', '41', '17', '1', '50', '28', '22', '31', '45', '46', '7', '18', '2', '32', '15', '5', '16', '9', '48', '19', '35', '24', '21', '49', '38', '36']",9,47,56,100,,,,,✅ Complete (3/3),57,100,3/3,100,3,3,3/3,70,100,,,,,,,,,,,100,,,,,,,,,,,,,,,,,,,,,,3,1458-6909,100.0%,100.0%,0,100,,,,,,,,,,33.33333333333333,94.4,0,1,3,0,3,❌ None
102,102,103,2,63.24614352783366,60,2516,3,✅ Complete Match (1/1),Step 2: Best Match,3,3,4,7,1,4,75.0%,42.9%,✅ Equal,11,6,5,60_Recombination events.csv|2516,2516,60_Recombination events.csv,4224,10000,"['11', '16', '29']",1000,0.000025,0.005,0.1,5000,50,4234,9936,4234-9936,"['16', '11', '29']",['34'],"['1', '40']",10,64,74,98.7,,,,,✅ Complete (3/3),56.74,100,3/3,100,3,3,3/3,70,100,,,,,,,,,,,100,,,,,,,,,,,,,,,,,,,,,,3,4224-10000,98.7%,100.0%,0,98.7,,,,,,,,,,33.33333333333333,92.6,0,1,3,0,3,❌ None
103,103,104,3,61.30771823390629,16,1968,4,✅ Complete Match (1/1),Step 2: Best Match,3,3,4,9,1,6,75.0%,33.3%,✅ Equal,13,6,7,16_Recombination events.csv|1968,1968,16_Recombination events.csv,3945,10000,"['12', '14', '15', '18', '25', '28', '31', '32', '34', '5', '9']",1000,0.000025,0.005,0.1,5000,50,3962,9900,3962-9900,"['25', '18', '5']","['19', '4', '45', '20', '39', '50', '49', '1', '38']","['13', '17']",17,100,117,98.1,,,,,✅ Complete (3/3),56.620000000000005,27.3,3/3,100,11,3,3/3,70,100,,,,,,,,,,,100,,,,,,,,,,,,,,,,,,,,,,4,3945-10000,98.1%,100.0%,0,98.1,,,,,,,,,,33.33333333333333,88.3,0,1,3,0,4,❌ None
104,104,105,4,61.02191641182467,51,2520,3,✅ Complete Match (1/1),Step 2: Best Match,4,4,4,8,0,4,100.0%,50.0%,✅ Equal,12,8,4,51_Recombination events.csv|2520,2520,51_Recombination events.csv,9630,10000,"['17', '23', '24', '35']",1000,0.000025,0.005,0.1,5000,50,9621,9961,9621-9961,"['23', '24', '35', '17']","['21', '10', '3', '50']","['32', '26', '8', '12']",9,39,48,89.5,,,,,✅ Complete (4/4),54.900000000000006,100,4/4,100,4,4,4/4,70,99.4,,,,,,,,,,,100,,,,,,,,,,,,,,,,,,,,,,3,9630-10000,89.5%,100.0%,0,89.5,,,,,,,,,,25,95.2,0,1,3,0,3,❌ None
105,105,106,2,59.397810218978094,92,2265,2,✅ Complete Match (1/1),Step 2: Best Match,2,2,2,7,0,5,100.0%,28.6%,✅ Equal,9,4,5,92_Recombination events.csv|2265,2265,92_Recombination events.csv,2139,10000,"['21', '26', '27', '37']",1000,0.000025,0.005,0.1,5000,50,2244,9936,2244-9936,"['37', '21', '27', '26']","['10', '14', '13', '18']","['25', '42', '23', '29', '8', '12', '44', '43', '6', '11', '4', '40', '30', '20', '33', '3', '39', '34', '41', '47', '17', '1', '50', '28', '22', '31', '45', '46', '7', '2', '32', '15', '5', '16', '9', '48', '19', '35', '24', '49', '38', '36']",105,64,169,97.9,,,,,✅ Complete (4/4),54.58,100,4/4,100,4,4,4/4,50,100,,,,,,,,,,,100,,,,,,,,,,,,,,,,,,,,,,2,2139-10000,97.9%,100.0%,0,97.9,,,,,,,,,,25,83.1,0,1,3,0,2,❌ None
106,106,107,1,50,83,2165,"1, 4",Cross Match (Case_S2_E1E),Step 6: Cross Matches,3,3,5,9,2,6,60.0%,33.3%,✅ Equal,14,6,8,83_Recombination events.csv|2165,2165,83_Recombination events.csv,6087,10000,"['12', '15', '17', '18', '21', '27', '28', '29', '3', '30', '31', '34', '36', '40', '44', '47', '49', '5', '50', '6', '7']",1000,0.000025,0.005,0.1,5000,50,1446,9996,1446-9996 | 6047-6858,"['27', '29', '12', '44', '6', '40', '30', '3', '47', '34', '50', '17', '28', '31', '7', '18', '15', '5', '21', '49', '36'] | ['27', '29', '12', '44', '6', '40', '30', '3', '47', '34', '50', '17', '28', '31', '7', '18', '15', '5', '21', '49', '36']","['25', '42', '11', '35', '46', '20', '8', '2', '26', '33', '37', '43', '16', '38', '22'] | ['25', '42', '11', '35', '46', '20', '8', '2', '26', '33', '37', '43', '16', '38', '22']","['4', '19', '24', '13', '23', '32', '39', '41', '1', '9'] | ['19', '4', '23', '13', '24', '32', '39', '41', '1', '9']",,,,,,,,,,85.5,,,100,,,,50,,,,,,,100,,,,,100,,,,2,,,,,,,,,100,✅ Yes,✅ Yes,1,4,,0,✅ Yes,✅ Yes,"1, 4",6087-10000,100.0%,100.0%,100,100,,,,,,,,,,80.95238095238095,0,5,3,4,100,"1,4",✅ Start+End
107,107,108,2,50,83,1158,5,🎯 Start-End Parent-Child (Minor_Exact_Match),Step 7: Start-End Parent-Child,3,3,5,9,2,6,60.0%,33.3%,✅ Equal,14,6,8,83_Recombination events.csv|1158,1158,83_Recombination events.csv,855,10000,"['10', '14', '45', '48']",1000,0.000025,0.005,0.1,5000,50,1068,9972,1068-9972,['35'],"['10', '14', '48', '45']","['4', '19', '24', '13', '23', '32', '39', '41', '1', '9']",,,,,855,213.8,25,,,5,,,,4,,,50,,,,,,,80,,,,,0,,,,1,,,,,,,,,,✅ Start-End Parent-Child,✅ Minor_Exact_Match,5,5,,,,,5,855-10000,,,0,0,83_Recombination events.csv,Minor_Exact_Match,"['10', '14', '48', '45']","Start_Start, End_End",2,120.5,241,,,0,75.9,0,4,1,0,5,❌ None
108,108,109,1,50,85,2487,1,⭐ Excellent Match (1/1),Step 2: Best Match,1,1,1,2,0,1,100.0%,50.0%,✅ Equal,3,2,1,85_Recombination events.csv|2487,2487,85_Recombination events.csv,2121,9678,"['34', '47']",1000,0.000025,0.005,0.1,5000,50,2122,9686,2122-9686,"['47', '34']","['6', '46', '30', '29', '7', '27', '26', '48']","['15', '36', '40', '2']",1,8,9,100,,,,,✅ Complete (2/2),59,100,2/2,100,2,2,2/2,90,100,,,,,,,,,,,100,,,,,,,,,,,,,,,,,,,,,,1,2121-9678,100.0%,100.0%,0,100,,,,,,,,,,0,99.1,0,1,2,0,1,❌ None
109,109,110,2,50,98,2162,1,🎯 Start-End Parent-Child (Major_Exact_Match),Step 7: Start-End Parent-Child,2,2,2,8,0,6,100.0%,25.0%,✅ Equal,10,4,6,98_Recombination events.csv|2162,2162,98_Recombination events.csv,4860,10000,"['1', '10', '14', '15', '16', '17', '18', '19', '2', '20', '21', '22', '24', '27', '28', '29', '3', '30', '31', '32', '33', '34', '35', '36', '38', '39', '4', '40', '41', '43', '44', '45', '46', '47', '48', '49', '5', '50', '7', '8', '9']",1000,0.000025,0.005,0.1,5000,50,4816,9972,4816-9972,"['25', '42', '11', '23', '12']","['6', '37', '13', '26']","['27', '8', '29', '44', '43', '4', '40', '30', '20', '33', '3', '14', '34', '39', '41', '17', '1', '47', '50', '28', '22', '46', '31', '45', '7', '18', '2', '32', '15', '5', '16', '9', '48', '19', '35', '24', '38', '21', '49', '10', '36']",,,,,4860,1215,25,,,5,,,,41,,,50,,,,,,,80,,,,,0,,,,1,,,,,,,,,,✅ Start-End Parent-Child,✅ Major_Exact_Match,1,1,,,,,1,4860-10000,,,0,0,98_Recombination events.csv,Major_Exact_Match,"['27', '8', '29', '44', '43', '4', '40', '30', '20', '33', '3', '14', '34', '39', '41', '17', '1', '47', '50', '28', '22', '46', '31', '45', '7', '18', '2', '32', '15', '5', '16', '9', '48', '19', '35', '24', '38', '21', '49', '10', '36']","Start_Start, End_End",2,36,72,,,0,92.8,0,4,1,0,1,❌ None
110,110,111,4,50,86,2452,2,⭐ Excellent Match (1/1),Step 2: Best Match,4,4,4,10,0,6,100.0%,40.0%,✅ Equal,14,8,6,86_Recombination events.csv|2452,2452,86_Recombination events.csv,7068,10000,"['17', '38']",1000,0.000025,0.005,0.1,5000,50,7077,9993,7077-9993,"['38', '17']",['11'],['1'],9,7,16,99.5,,,,,✅ Complete (2/2),58.900000000000006,100,2/2,100,2,2,2/2,90,100,,,,,,,,,,,100,,,,,,,,,,,,,,,,,,,,,,2,7068-10000,99.5%,100.0%,0,99.5,,,,,,,,,,0,98.4,0,1,2,0,2,❌ None
111,111,112,1,50,91,2315,3,🎯 Start-End Parent-Child (Major_Exact_Match),Step 7: Start-End Parent-Child,3,3,5,13,2,10,60.0%,23.1%,✅ Equal,18,6,12,91_Recombination events.csv|2315,2315,91_Recombination events.csv,9123,10000,"['1', '11', '14', '16', '21', '25', '3', '30', '31', '40', '42', '47', '48', '6', '7']",1000,0.000025,0.005,0.1,5000,50,9122,9982,9122-9982,"['27', '8', '29', '12', '26', '20', '13', '33', '41', '34', '28', '22', '18', '2', '32', '15', '19', '37', '10', '36']","['9', '24', '45', '17']","['6', '25', '42', '11', '40', '31', '30', '7', '3', '14', '21', '47', '1', '16', '48']",,,,,877,219.2,25,,,5,,,,15,,,50,,,,,,,80,,,,,0,,,,1,,,,,,,,,,✅ Start-End Parent-Child,✅ Major_Exact_Match,3,3,,,,,3,9123-10000,,,0,0,91_Recombination events.csv,Major_Exact_Match,"['6', '25', '42', '11', '40', '31', '30', '7', '3', '14', '21', '47', '1', '16', '48']","Start_Start, End_End",2,9.5,19,,,0,98.1,0,4,1,0,3,❌ None
112,112,113,3,50,28,2326,1,🎯 Perfect Match (1/1),Step 2: Best Match,3,3,3,7,0,4,100.0%,42.9%,✅ Equal,10,6,4,28_Recombination events.csv|2326,2326,28_Recombination events.csv,318,4167,"['16', '19', '33', '40', '41', '43', '46', '8']",1000,0.000025,0.005,0.1,5000,50,318,4168,318-4168,['19'],"['21', '50', '38', '48', '22']","['11', '35', '23', '7', '3', '15', '5', '17']",0,1,1,100,,,,,🎯 Perfect (1/1),59,12.5,1/1,100,8,1,1/1,90,100,,,,,,,,,,,100,,,,,,,,,,,,,,,,,,,,,,1,318-4167,100.0%,100.0%,0,100,,,,,,,,,,0,99.9,0,1,1,0,1,❌ None
113,113,114,1,50,95,2350,1,Case_B_End_Ini,Step 1: Approximate,1,1,1,8,0,7,100.0%,12.5%,✅ Equal,9,2,7,95_Recombination events.csv|2350,2350,95_Recombination events.csv,837,8424,"['14', '17', '2', '25', '40', '44', '5', '7', '9']",1000,0.000025,0.005,0.1,5000,50,8414,9990,8414-9990,"['25', '40', '7', '2', '44', '14', '5', '17', '9']","['6', '42', '45', '18', '8', '27', '33', '32', '3', '39', '34', '41', '47', '43', '48']","['11', '31', '20', '13', '23', '24', '29', '50', '49', '1', '16', '38', '36', '22']",7577,1566,9143,0.1318044022670357,2413,603.2,25,Exact Recombinant Match,,26.359694213786742,,,,,,,30,,,,,,,,,,,,77.77777777777779,,,,,,,,,,,,,,,,,,,,,,1,837-8424,0.1%,77.8%,0,0.1318044022670357,,,,,,,,,,77.77777777777779,0,0,1,8,0,1,❌ None
114,114,115,2,50,91,2276,5,Case_F_Start_Start,Step 1: Approximate,3,3,5,13,2,10,60.0%,23.1%,✅ Equal,18,6,12,91_Recombination events.csv|2276,2276,91_Recombination events.csv,2169,10000,"['23', '35', '4', '43', '44', '5', '50']",1000,0.000025,0.005,0.1,5000,50,1966,9072,1966-9072,"['4', '35', '23', '44', '50', '5', '43']","['9', '45']",['49'],203,928,1131,88.14966160132805,2169,542.2,25,Exact Recombinant Match,,33.487075177408464,,,,,,,30,,,,,,,,,,,,42.85714285714285,,,,,,,,,,,,,,,,,,,,,,5,2169-10000,88.1%,42.9%,0,88.14966160132805,,,,,,,,,,42.85714285714285,0,0,1,8,0,5,❌ None
115,115,116,3,50,32,2477,1,🎯 Perfect Match (1/1),Step 2: Best Match,3,3,3,9,0,6,100.0%,33.3%,✅ Equal,12,6,6,32_Recombination events.csv|2477,2477,32_Recombination events.csv,4710,9894,"['22', '32']",1000,0.000025,0.005,0.1,5000,50,4710,9902,4710-9902,"['32', '22']","['13', '5', '11', '40']","['23', '45', '12']",0,8,8,100,,,,,✅ Complete (2/2),59,100,2/2,100,2,2,2/2,90,100,,,,,,,,,,,100,,,,,,,,,,,,,,,,,,,,,,1,4710-9894,100.0%,100.0%,0,100,,,,,,,,,,0,99.2,0,1,1,0,1,❌ None
116,116,117,1,50,94,2157,1,🎯 Start-End Parent-Child (Minor_Exact_Match),Step 7: Start-End Parent-Child,1,1,1,2,0,1,100.0%,50.0%,✅ Equal,3,2,1,94_Recombination events.csv|2157,2157,94_Recombination events.csv,4878,10000,"['15', '21', '23', '30', '33', '34', '35', '45']",1000,0.000025,0.005,0.1,5000,50,4846,9893,4846-9893,['6'],"['35', '45', '30', '23', '33', '21', '15', '34']","['25', '42', '27', '8', '29', '12', '26', '44', '43', '11', '4', '40', '20', '13', '3', '14', '39', '41', '47', '17', '1', '50', '28', '22', '31', '46', '7', '18', '2', '32', '5', '16', '9', '48', '19', '24', '38', '37', '49', '10', '36']",,,,,4878,1219.5,25,,,5,,,,8,,,50,,,,,,,80,,,,,0,,,,1,,,,,,,,,,✅ Start-End Parent-Child,✅ Minor_Exact_Match,1,1,,,,,1,4878-10000,,,0,0,94_Recombination events.csv,Minor_Exact_Match,"['35', '45', '30', '23', '33', '21', '15', '34']","Start_Start, End_End",2,69.5,139,,,0,86.1,0,4,1,0,1,❌ None
117,117,118,2,50,82,2515,2,⭐ Excellent Match (1/1),Step 2: Best Match,2,2,2,9,0,7,100.0%,22.2%,✅ Equal,11,4,7,82_Recombination events.csv|2515,2515,82_Recombination events.csv,9054,10000,"['11', '42', '50', '7']",1000,0.000025,0.005,0.1,5000,50,9054,9992,9054-9992,"['42', '11', '7', '50']",['48'],"['29', '31']",0,8,8,99.2,,,,,✅ Complete (4/4),58.84,100,4/4,100,4,4,4/4,90,100,,,,,,,,,,,100,,,,,,,,,,,,,,,,,,,,,,2,9054-10000,99.2%,100.0%,0,99.2,,,,,,,,,,0,99.2,0,1,2,0,2,❌ None
118,118,119,6,50,89,2510,8,Case_B_End_Ini,Step 1: Approximate,7,7,8,12,1,5,87.5%,58.3%,✅ Equal,20,14,6,89_Recombination events.csv|2510,2510,89_Recombination events.csv,1515,7599,['35'],1000,0.000025,0.005,0.1,5000,50,7506,9880,7506-9880,['35'],"['49', '19']","['38', '12']",5991,2281,8272,1.5285996055226825,3916,979,25,Exact Recombinant Match,,33.30571992110454,,,,,,,30,,,,,,,,,,,,100,,,,,,,,,,,,,,,,,,,,,,8,1515-7599,1.5%,100.0%,0,1.5285996055226825,,,,,,,,,,100,0,0,1,8,0,8,❌ None
119,119,120,1,50,9,2401,1,✅ Complete Match (1/1),Step 2: Best Match,1,1,1,6,0,5,100.0%,16.7%,✅ Equal,7,2,5,9_Recombination events.csv|2401,2401,9_Recombination events.csv,1533,10000,"['28', '43', '9']",1000,0.000025,0.005,0.1,5000,50,1459,9970,1459-9970,"['9', '28', '43']","['6', '25', '4', '30', '24', '18', '27', '26', '33', '39', '47', '5', '16', '10', '22']","['11', '23', '14', '3', '41', '50', '36']",74,30,104,99.6,,,,,✅ Complete (3/3),56.92,100,3/3,100,3,3,3/3,70,100,,,,,,,,,,,100,,,,,,,,,,,,,,,,,,,,,,1,1533-10000,99.6%,100.0%,0,99.6,,,,,,,,,,0,89.6,0,1,3,0,1,❌ None
120,120,121,1,50,90,2439,1,Standard_Match,Step 1: Approximate,1,1,1,4,0,3,100.0%,25.0%,✅ Equal,5,2,3,90_Recombination events.csv|2439,2439,90_Recombination events.csv,4620,10000,"['11', '15', '29', '7']",1000,0.000025,0.005,0.1,5000,50,4638,8958,4638-8958,"['29', '15', '11', '7']","['23', '47', '45']","['42', '35', '2', '14', '39', '43', '38']",18,1042,1060,80.29739776951673,4620,1155,25,Exact Recombinant Match,,34.059479553903344,,,,,,,30,,,,,,,,,,,,50,,,,,,,,,,,,,,,,,,,,,,1,4620-10000,80.3%,50.0%,0,80.29739776951673,,,,,,,,,,50,0,0,1,7,0,1,❌ None
121,121,122,3,50,78,2475,1,Standard_Match,Step 1: Approximate,5,5,6,15,1,10,83.3%,33.3%,✅ Equal,21,10,11,78_Recombination events.csv|2475,2475,78_Recombination events.csv,3150,7812,['16'],1000,0.000025,0.005,0.1,5000,50,3148,6682,3148-6682,['16'],"['40', '45', '20', '26', '33', '15', '5', '43', '10']","['1', '29', '7', '12']",2,1130,1132,75.76147576147577,4662,1165.5,25,Exact Recombinant Match,,48.15229515229515,,,,,,,30,,,,,,,,,,,,100,,,,,,,,,,,,,,,,,,,,,,1,3150-7812,75.8%,100.0%,0,75.76147576147577,,,,,,,,,,100,0,0,1,7,0,1,❌ None
122,122,123,2,50,17,2444,4,Case_F_Start_Start,Step 1: Approximate,2,2,4,14,2,12,50.0%,14.3%,✅ Equal,18,4,14,17_Recombination events.csv|2444,2444,17_Recombination events.csv,5925,10000,['3'],1000,0.000025,0.005,0.1,5000,50,5884,7404,5884-7404,['3'],"['46', '12']","['11', '19', '45', '30', '23', '33', '32', '47', '16', '28', '22']",41,2596,2637,36.29447852760736,4075,1018.8,25,Exact Recombinant Match,,40.25889570552148,,,,,,,30,,,,,,,,,,,,100,,,,,,,,,,,,,,,,,,,,,,4,5925-10000,36.3%,100.0%,0,36.29447852760736,,,,,,,,,,100,0,0,1,8,0,4,❌ None
123,123,124,1,50,81,2331,1,⭐ Excellent Match (1/1),Step 2: Best Match,1,1,1,3,0,2,100.0%,33.3%,✅ Equal,4,2,2,81_Recombination events.csv|2331,2331,81_Recombination events.csv,4137,8109,"['12', '50']",1000,0.000025,0.005,0.1,5000,50,4131,8098,4131-8098,"['50', '12']","['6', '42', '25', '13', '2', '5']","['21', '18']",6,11,17,99.7,,,,,✅ Complete (2/2),56.94,100,2/2,100,2,2,2/2,70,100,,,,,,,,,,,100,,,,,,,,,,,,,,,,,,,,,,1,4137-8109,99.7%,100.0%,0,99.7,,,,,,,,,,0,98.3,0,1,2,0,1,❌ None
124,124,125,2,50,38,2280,2,✅ Complete Match (1/1),Step 2: Best Match,2,2,2,3,0,1,100.0%,66.7%,✅ Equal,5,4,1,38_Recombination events.csv|2280,2280,38_Recombination events.csv,9693,10000,"['13', '30', '35', '4']",1000,0.000025,0.005,0.1,5000,50,9700,9990,9700-9990,"['30', '13', '4', '35']","['6', '11', '31', '23', '7', '44', '3', '43', '1', '16']","['25', '42', '27', '8', '40', '20', '33', '14', '41', '34', '47', '17', '10', '28', '22', '45', '2', '5', '9', '48', '24', '21', '49', '38']",7,10,17,94.5,,,,,✅ Complete (4/4),57.900000000000006,100,4/4,100,4,4,4/4,90,100,,,,,,,,,,,100,,,,,,,,,,,,,,,,,,,,,,2,9693-10000,94.5%,100.0%,0,94.5,,,,,,,,,,0,98.3,0,1,3,0,2,❌ None
125,125,126,2,50,30,2482,1,✅ Complete Match (1/1),Step 2: Best Match,2,2,2,4,0,2,100.0%,50.0%,✅ Equal,6,4,2,30_Recombination events.csv|2482,2482,30_Recombination events.csv,4275,6276,"['31', '44']",1000,0.000025,0.005,0.1,5000,50,4254,6288,4254-6288,"['44', '31']",['47'],['15'],21,12,33,100,,,,,✅ Complete (2/2),57,100,2/2,100,2,2,2/2,70,100,,,,,,,,,,,100,,,,,,,,,,,,,,,,,,,,,,1,4275-6276,100.0%,100.0%,0,100,,,,,,,,,,0,96.7,0,1,3,0,1,❌ None
126,126,127,1,50,41,2414,1,Case_E_Start_End,Step 1: Approximate,1,1,1,2,0,1,100.0%,50.0%,✅ Equal,3,2,1,41_Recombination events.csv|2414,2414,41_Recombination events.csv,8091,10000,"['24', '26', '29', '42', '43', '5']",1000,0.000025,0.005,0.1,5000,50,57,8122,57-8122,"['42', '24', '29', '26', '5', '43']","['19', '40', '13', '2', '33', '3', '15', '47', '16', '10', '36']","['35', '7', '12', '50', '22']",8034,1878,9912,1.6238868517548457,1909,477.2,25,Exact Recombinant Match,,13.324777370350969,,,,,,,30,,,,,,,,,,,,33.33333333333333,,,,,,,,,,,,,,,,,,,,,,1,8091-10000,1.6%,33.3%,0,1.6238868517548457,,,,,,,,,,33.33333333333333,0,0,1,8,0,1,❌ None
127,127,128,1,50,17,2266,3,✅ Complete Match (1/1),Step 2: Best Match,2,2,4,14,2,12,50.0%,14.3%,✅ Equal,18,4,14,17_Recombination events.csv|2266,2266,17_Recombination events.csv,1476,7407,"['10', '13', '17', '2', '24', '25', '26', '27', '29', '31', '36', '37', '39', '4', '40', '41', '43', '44', '6', '8', '9']",1000,0.000025,0.005,0.1,5000,50,1426,7424,1426-7424,['6'],"['11', '19', '35', '45', '30', '20', '23', '7', '33', '32', '47', '5', '49', '16', '28', '22']",['3'],50,17,67,100,,,,,🎯 Perfect (1/1),57,4.8,1/1,100,21,1,1/1,70,100,,,,,,,,,,,100,,,,,,,,,,,,,,,,,,,,,,3,1476-7407,100.0%,100.0%,0,100,,,,,,,,,,0,93.3,0,1,3,0,3,❌ None
128,128,129,2,50,74,2476,1,⭐ Excellent Match (1/1),Step 2: Best Match,3,3,4,10,1,7,75.0%,30.0%,✅ Equal,14,6,8,74_Recombination events.csv|2476,2476,74_Recombination events.csv,5997,10000,"['41', '49']",1000,0.000025,0.005,0.1,5000,50,5999,9988,5999-9988,"['49', '41']",['20'],"['16', '24', '27']",2,12,14,99.7,,,,,✅ Complete (2/2),56.94,100,2/2,100,2,2,2/2,70,100,,,,,,,,,,,100,,,,,,,,,,,,,,,,,,,,,,1,5997-10000,99.7%,100.0%,0,99.7,,,,,,,,,,0,98.6,0,1,2,0,1,❌ None
129,129,130,4,50,65,2402,4,Case_E_Start_End,Step 1: Approximate,4,4,4,14,0,10,100.0%,28.6%,✅ Equal,18,8,10,65_Recombination events.csv|2402,2402,65_Recombination events.csv,825,10000,['50'],1000,0.000025,0.005,0.1,5000,50,17,826,17-826,['50'],"['25', '42', '23', '29', '43', '11', '40', '13', '33', '39', '47', '17', '7', '32', '15', '5', '16', '9', '19', '49', '10', '36']","['3', '18']",808,9174,9982,0.0108991825613079,825,206.2,25,Exact Recombinant Match,,33.00217983651226,,,,,,,30,,,,,,,,,,,,100,,,,,,,,,,,,,,,,,,,,,,4,825-10000,0.0%,100.0%,0,0.0108991825613079,,,,,,,,,,100,0,0,1,8,0,4,❌ None
130,130,131,1,50,4,2476,1,⭐ Excellent Match (1/1),Step 2: Best Match,1,1,1,5,0,4,100.0%,20.0%,✅ Equal,6,2,4,4_Recombination events.csv|2476,2476,4_Recombination events.csv,1260,5280,"['22', '48']",1000,0.000025,0.005,0.1,5000,50,1270,5287,1270-5287,"['48', '22']",['46'],"['4', '35', '31', '23', '18', '41', '34', '47', '1']",10,7,17,99.8,,,,,✅ Complete (2/2),58.96,100,2/2,100,2,2,2/2,90,100,,,,,,,,,,,100,,,,,,,,,,,,,,,,,,,,,,1,1260-5280,99.8%,100.0%,0,99.8,,,,,,,,,,0,98.3,0,1,2,0,1,❌ None
131,131,132,2,50,75,2433,1,⭐ Excellent Match (1/1),Step 2: Best Match,2,2,2,5,0,3,100.0%,40.0%,✅ Equal,7,4,3,75_Recombination events.csv|2433,2433,75_Recombination events.csv,873,5043,"['23', '32']",1000,0.000025,0.005,0.1,5000,50,886,5047,886-5047,"['32', '23']","['3', '2', '17']","['42', '11', '31', '46', '7', '33', '39', '47', '16', '28', '22']",13,4,17,99.7,,,,,✅ Complete (2/2),56.94,100,2/2,100,2,2,2/2,70,100,,,,,,,,,,,100,,,,,,,,,,,,,,,,,,,,,,1,873-5043,99.7%,100.0%,0,99.7,,,,,,,,,,0,98.3,0,1,2,0,1,❌ None
132,132,133,2,50,23,2396,2,✅ Complete Match (1/1),Step 2: Best Match,2,2,2,4,0,2,100.0%,50.0%,✅ Equal,6,4,2,23_Recombination events.csv|2396,2396,23_Recombination events.csv,3999,4389,"['27', '38']",1000,0.000025,0.005,0.1,5000,50,4032,4378,4032-4378,"['38', '27']",['49'],['21'],33,11,44,88.7,,,,,✅ Complete (2/2),54.74,100,2/2,100,2,2,2/2,70,98.6,,,,,,,,,,,100,,,,,,,,,,,,,,,,,,,,,,2,3999-4389,88.7%,100.0%,0,88.7,,,,,,,,,,0,95.6,0,1,3,0,2,❌ None
133,133,134,2,50,62,2446,1,✅ Complete Match (1/1),Step 2: Best Match,2,2,2,5,0,3,100.0%,40.0%,✅ Equal,7,4,3,62_Recombination events.csv|2446,2446,62_Recombination events.csv,9057,10000,"['19', '25']",1000,0.000025,0.005,0.1,5000,50,9054,9990,9054-9990,"['25', '19']",['47'],"['16', '9', '22', '45']",3,10,13,98.9,,,,,✅ Complete (2/2),58.78,100,2/2,100,2,2,2/2,90,100,,,,,,,,,,,100,,,,,,,,,,,,,,,,,,,,,,1,9057-10000,98.9%,100.0%,0,98.9,,,,,,,,,,0,98.7,0,1,3,0,1,❌ None
134,134,135,1,50,67,2389,1,🎯 Perfect Match (1/1),Step 2: Best Match,1,1,1,3,0,2,100.0%,33.3%,✅ Equal,4,2,2,67_Recombination events.csv|2389,2389,67_Recombination events.csv,2565,9963,"['41', '48']",1000,0.000025,0.005,0.1,5000,50,2566,9960,2566-9960,"['48', '41']",['7'],"['37', '3', '2']",1,3,4,99.9,,,,,✅ Complete (2/2),58.98,100,2/2,100,2,2,2/2,90,100,,,,,,,,,,,100,,,,,,,,,,,,,,,,,,,,,,1,2565-9963,99.9%,100.0%,0,99.9,,,,,,,,,,0,99.6,0,1,1,0,1,❌ None
135,135,136,1,50,100,2460,1,⭐ Excellent Match (1/1),Step 2: Best Match,2,2,3,4,1,2,66.7%,50.0%,✅ Equal,7,4,3,100_Recombination events.csv|2460,2460,100_Recombination events.csv,2997,8496,"['45', '8']",1000,0.000025,0.005,0.1,5000,50,3005,8499,3005-8499,"['8', '45']","['15', '7', '40', '23']","['48', '31']",8,3,11,99.9,,,,,✅ Complete (2/2),58.98,100,2/2,100,2,2,2/2,90,100,,,,,,,,,,,100,,,,,,,,,,,,,,,,,,,,,,1,2997-8496,99.9%,100.0%,0,99.9,,,,,,,,,,0,98.9,0,1,2,0,1,❌ None
136,136,137,2,50,57,2452,1,⭐ Excellent Match (1/1),Step 2: Best Match,3,3,3,8,0,5,100.0%,37.5%,✅ Equal,11,6,5,57_Recombination events.csv|2452,2452,57_Recombination events.csv,2460,10000,"['1', '32', '7']",1000,0.000025,0.005,0.1,5000,50,2468,9994,2468-9994,"['32', '1']",['7'],['9'],8,6,14,99.8,,,,,✅ Complete (2/2),58.96,66.7,2/2,100,3,2,2/2,90,100,,,,,,,,,,,100,,,,,,,,,,,,,,,,,,,,,,1,2460-10000,99.8%,100.0%,0,99.8,,,,,,,,,,0,98.6,0,1,2,0,1,❌ None
137,137,138,2,50,13,2513,1,⭐ Excellent Match (1/1),Step 2: Best Match,2,2,2,5,0,3,100.0%,40.0%,✅ Equal,7,4,3,13_Recombination events.csv|2513,2513,13_Recombination events.csv,4029,10000,"['18', '41']",1000,0.000025,0.005,0.1,5000,50,4042,9976,4042-9976,"['41', '18']","['42', '11', '19', '35', '23', '2', '15', '5', '34', '10']","['12', '26']",13,24,37,99.4,,,,,✅ Complete (2/2),56.88,100,2/2,100,2,2,2/2,70,100,,,,,,,,,,,100,,,,,,,,,,,,,,,,,,,,,,1,4029-10000,99.4%,100.0%,0,99.4,,,,,,,,,,0,96.3,0,1,2,0,1,❌ None
138,138,139,1,50,55,2183,1,Case_A_End_End,Step 1: Approximate,1,1,2,7,1,6,50.0%,14.3%,✅ Equal,9,2,7,55_Recombination events.csv|2183,2183,55_Recombination events.csv,3978,10000,"['1', '10', '15', '28', '29', '3', '45', '8']",1000,0.000025,0.005,0.1,5000,50,1574,9900,1574-9900,"['45', '29', '8', '3', '15', '1', '10', '28']","['6', '25', '42', '40', '35', '31', '24', '13', '18', '27', '12', '33', '14', '21', '34', '39', '43', '36']","['23', '26', '44', '11', '4', '30', '20', '41', '47', '50', '17', '22', '46', '7', '2', '32', '5', '16', '9', '48', '19', '37', '49', '38']",2404,100,2504,98.33942211889736,3978,994.5,25,Exact Recombinant Match,,37.66788442377948,,,,,,,30,,,,,,,,,,,,50,,,,,,,,,,,,,,,,,,,,,,1,3978-10000,98.3%,50.0%,0,98.33942211889736,,,,,,,,,,50,0,0,1,8,0,1,❌ None
139,139,140,3,50,20,2401,2,❌ Poor (2/11),Step 2: Best Match,3,3,5,12,2,9,60.0%,25.0%,✅ Equal,17,6,11,20_Recombination events.csv|2401,2401,20_Recombination events.csv,4401,9114,"['18', '4']",1000,0.000025,0.005,0.1,5000,50,4406,9112,4406-9112,"['6', '4', '35', '45', '16', '23', '18', '33', '9', '38', '22']","['42', '20', '24', '32', '47', '17']","['3', '12', '8', '33']",5,2,7,99.9,,,,,❌ Poor (2/11),34.440000000000005,18.2,2/11,18.2,2,11,2/11,90,100,,,,,,,,,,,18.2,,,,,,,,,,,,,,,,,,,,,,2,4401-9114,99.9%,18.2%,0,99.9,,,,,,,,,,0,99.3,0,1,8,0,2,❌ None
140,140,141,2,50,69,2446,1,✅ Complete Match (1/1),Step 2: Best Match,2,2,2,7,0,5,100.0%,28.6%,✅ Equal,9,4,5,69_Recombination events.csv|2446,2446,69_Recombination events.csv,9588,10000,"['10', '16', '19', '48']",1000,0.000025,0.005,0.1,5000,50,9590,9996,9590-9996,"['16', '10', '48', '19']","['35', '45', '8', '26', '32', '33', '14', '43', '28']","['11', '46', '29', '18', '39', '50', '34', '17', '38', '36', '22']",2,4,6,98.5,,,,,✅ Complete (4/4),58.7,100,4/4,100,4,4,4/4,90,100,,,,,,,,,,,100,,,,,,,,,,,,,,,,,,,,,,1,9588-10000,98.5%,100.0%,0,98.5,,,,,,,,,,0,99.4,0,1,3,0,1,❌ None
141,141,142,3,49.84909456740442,60,2307,2,🎯 Start-End Parent-Child (Minor_Exact_Match),Step 7: Start-End Parent-Child,3,3,4,7,1,4,75.0%,42.9%,✅ Equal,11,6,5,60_Recombination events.csv|2307,2307,60_Recombination events.csv,4449,5952,"['12', '18', '22', '24', '25', '27', '33', '45', '46']",1000,0.000025,0.005,0.1,5000,50,4446,5946,4446-5946,"['23', '29', '26', '44', '43', '6', '11', '4', '40', '30', '20', '3', '47', '14', '34', '39', '17', '1', '50', '28', '31', '7', '2', '15', '16', '9', '48', '19', '35', '21', '49', '10', '36']","['25', '46', '45', '24', '18', '27', '12', '33', '22']","['42', '13', '8', '32', '37', '41']",,,,,1503,375.8,25,,,5,,,,9,,,50,,,,,,,80,,,,,0,,,,1,,,,,,,,,,✅ Start-End Parent-Child,✅ Minor_Exact_Match,2,2,,,,,2,4449-5952,,,0,0,60_Recombination events.csv,Minor_Exact_Match,"['25', '46', '45', '24', '18', '27', '12', '33', '22']","Start_Start, End_End",2,4.5,9,,,0,99.1,0,4,1,0,2,❌ None
142,142,143,2,49.84536082474227,80,2324,3,Standard_Match,Step 1: Approximate,3,3,3,8,0,5,100.0%,37.5%,✅ Equal,11,6,5,80_Recombination events.csv|2324,2324,80_Recombination events.csv,8040,8193,"['11', '24']",1000,0.000025,0.005,0.1,5000,50,8032,8218,8032-8218,"['24', '11']","['25', '27', '29', '44', '6', '40', '33', '3', '14', '50', '28', '31', '45', '2', '15', '16', '9', '48', '19', '37', '21', '10']",['47'],8,25,33,100,153,38.2,25,Exact Recombinant Match,,27,,,,,,,70,,,,,,,,,,,,0,,,,,,,,,,,,,,,,,,,,,,3,8040-8193,100.0%,,0,100,,,,,,,,,,0,96.7,0,1,7,0,3,❌ None
143,143,144,2,49.342770475227496,100,2476,2,✅ Complete Match (1/1),Step 2: Best Match,2,2,3,4,1,2,66.7%,50.0%,✅ Equal,7,4,3,100_Recombination events.csv|2476,2476,100_Recombination events.csv,8022,10000,"['18', '24']",1000,0.000025,0.005,0.1,5000,50,8020,9978,8020-9978,"['24', '18']","['23', '40']","['9', '26']",2,22,24,98.9,,,,,✅ Complete (2/2),56.78,100,2/2,100,2,2,2/2,70,100,,,,,,,,,,,100,,,,,,,,,,,,,,,,,,,,,,2,8022-10000,98.9%,100.0%,0,98.9,,,,,,,,,,0,97.6,0,1,3,0,2,❌ None
144,144,145,7,48.836032388663966,89,2447,3,✅ Complete Match (1/1),Step 2: Best Match,7,7,8,12,1,5,87.5%,58.3%,✅ Equal,20,14,6,89_Recombination events.csv|2447,2447,89_Recombination events.csv,6615,10000,"['14', '36', '44']",1000,0.000025,0.005,0.1,5000,50,6621,9971,6621-9971,"['44', '14', '36']","['25', '11', '46', '45', '30', '20', '27', '2', '32', '37', '3', '41', '43', '47', '17', '1', '28']","['15', '8']",6,29,35,99,,,,,✅ Complete (3/3),56.8,100,3/3,100,3,3,3/3,70,100,,,,,,,,,,,100,,,,,,,,,,,,,,,,,,,,,,3,6615-10000,99.0%,100.0%,0,99,,,,,,,,,,0,96.5,0,1,3,0,3,❌ None
145,145,146,3,48.58012170385396,74,2239,2,🎯 Start-End Parent-Child (Minor_Exact_Match),Step 7: Start-End Parent-Child,3,3,4,10,1,7,75.0%,30.0%,✅ Equal,14,6,8,74_Recombination events.csv|2239,2239,74_Recombination events.csv,5676,9555,"['11', '14', '15', '18', '19', '21', '32', '33', '38', '39', '42', '43', '46', '5', '50', '7']",1000,0.000025,0.005,0.1,5000,50,5714,9551,5714-9551,"['3', '10', '2']","['42', '11', '19', '46', '7', '18', '33', '32', '14', '15', '5', '21', '39', '43', '50', '38']","['25', '23', '29', '8', '12', '26', '44', '6', '4', '40', '30', '20', '13', '47', '34', '17', '1', '28', '22', '31', '45', '9', '48', '35', '37', '36']",,,,,3879,969.8,25,,,5,,,,16,,,50,,,,,,,80,,,,,0,,,,1,,,,,,,,,,✅ Start-End Parent-Child,✅ Minor_Exact_Match,2,2,,,,,2,5676-9555,,,0,0,74_Recombination events.csv,Minor_Exact_Match,"['42', '11', '19', '46', '7', '18', '33', '32', '14', '15', '5', '21', '39', '43', '50', '38']","Start_Start, End_End",2,21,42,,,0,95.8,0,4,1,0,2,❌ None
146,146,147,3,48.1237322515213,57,2383,2,✅ Complete Match (1/1),Step 2: Best Match,3,3,3,8,0,5,100.0%,37.5%,✅ Equal,11,6,5,57_Recombination events.csv|2383,2383,57_Recombination events.csv,5688,6309,"['15', '17', '30', '36']",1000,0.000025,0.005,0.1,5000,50,5730,6318,5730-6318,"['30', '15', '36', '17']","['42', '4', '7', '18', '26', '21', '41']","['40', '45', '27', '33', '32', '1', '9', '28', '22']",42,9,51,93.2,,,,,✅ Complete (4/4),55.64,100,4/4,100,4,4,4/4,70,100,,,,,,,,,,,100,,,,,,,,,,,,,,,,,,,,,,2,5688-6309,93.2%,100.0%,0,93.2,,,,,,,,,,0,94.9,0,1,3,0,2,❌ None
147,147,148,3,46.64948453608248,80,2443,2,✅ Complete Match (1/1),Step 2: Best Match,3,3,3,8,0,5,100.0%,37.5%,✅ Equal,11,6,5,80_Recombination events.csv|2443,2443,80_Recombination events.csv,8889,10000,"['32', '49']",1000,0.000025,0.005,0.1,5000,50,8886,9908,8886-9908,"['49', '32']","['39', '20', '43']","['35', '46', '30', '23', '13', '7', '18', '26', '34', '17', '38', '36', '22']",3,92,95,91.7,,,,,✅ Complete (2/2),55.34,100,2/2,100,2,2,2/2,70,100,,,,,,,,,,,100,,,,,,,,,,,,,,,,,,,,,,2,8889-10000,91.7%,100.0%,0,91.7,,,,,,,,,,0,90.5,0,1,3,0,2,❌ None
148,148,149,3,46.60243407707911,33,2003,3,🎯 Start-End Parent-Child (Minor_Exact_Match),Step 7: Start-End Parent-Child,3,3,3,10,0,7,100.0%,30.0%,✅ Equal,13,6,7,33_Recombination events.csv|2003,2003,33_Recombination events.csv,8022,10000,"['10', '11', '19', '2', '21', '29', '33', '34', '43', '44', '47', '5', '50']",1000,0.000025,0.005,0.1,5000,50,8079,9976,8079-9976,"['25', '42', '23', '8', '12', '26', '6', '40', '30', '13', '3', '39', '14', '22', '46', '45', '35', '49', '38', '36']","['11', '19', '29', '2', '33', '44', '21', '47', '5', '34', '50', '43', '10']","['4', '16', '20', '18', '27', '32', '37', '15', '41', '17', '1', '9', '48', '28']",,,,,1978,494.5,25,,,5,,,,13,,,50,,,,,,,80,,,,,0,,,,1,,,,,,,,,,✅ Start-End Parent-Child,✅ Minor_Exact_Match,3,3,,,,,3,8022-10000,,,0,0,33_Recombination events.csv,Minor_Exact_Match,"['11', '19', '29', '2', '33', '44', '21', '47', '5', '34', '50', '43', '10']","Start_Start, End_End",2,40.5,81,,,0,91.9,0,4,1,0,3,❌ None
149,149,150,4,45.8966565349544,36,2440,4,✅ Complete Match (1/1),Step 2: Best Match,4,4,4,7,0,3,100.0%,57.1%,✅ Equal,11,8,3,36_Recombination events.csv|2440,2440,36_Recombination events.csv,6027,10000,"['21', '25']",1000,0.000025,0.005,0.1,5000,50,6074,9953,6074-9953,"['25', '21']","['11', '40', '35', '45', '2', '44', '43', '9', '38', '36']","['32', '22']",47,47,94,97.6,,,,,✅ Complete (2/2),56.52,100,2/2,100,2,2,2/2,70,100,,,,,,,,,,,100,,,,,,,,,,,,,,,,,,,,,,4,6027-10000,97.6%,100.0%,0,97.6,,,,,,,,,,0,90.6,0,1,3,0,4,❌ None
150,150,151,2,43.046357615894046,31,2460,3,🎯 Start-End Parent-Child (Minor_Exact_Match),Step 7: Start-End Parent-Child,2,2,3,6,1,4,66.7%,33.3%,✅ Equal,9,4,5,31_Recombination events.csv|2460,2460,31_Recombination events.csv,3618,10000,"['10', '11', '19', '2', '23', '27', '3', '33', '42', '45', '46', '50', '6', '7', '8']",1000,0.000025,0.005,0.1,5000,50,3618,9780,3618-9780,"['4', '24', '18', '29', '26', '32', '44', '14', '49', '17', '1', '48', '36', '28']","['6', '42', '11', '19', '46', '45', '23', '7', '8', '2', '27', '33', '3', '50', '10']","['25', '35', '30', '20', '13', '12', '15', '21', '5', '34', '39', '41', '43', '16', '38', '22']",,,,,3618,904.5,25,,,5,,,,15,,,50,,,,,,,80,,,,,0,,,,1,,,,,,,,,,✅ Start-End Parent-Child,✅ Minor_Exact_Match,3,3,,,,,3,3618-10000,,,0,0,31_Recombination events.csv,Minor_Exact_Match,"['6', '42', '11', '19', '46', '45', '23', '7', '8', '2', '27', '33', '3', '50', '10']","Start_Start, End_End",2,110,220,,,0,78,0,4,1,0,3,❌ None
151,151,152,3,39.246231155778894,5,695,2,✅ Complete Match (1/1),Step 2: Best Match,4,4,4,10,0,6,100.0%,40.0%,✅ Equal,14,8,6,5_Recombination events.csv|695,695,5_Recombination events.csv,3402,10000,"['1', '10', '11', '12', '13', '14', '15', '16', '17', '18', '19', '2', '20', '21', '22', '23', '24', '25', '26', '27', '28', '29', '3', '30', '31', '32', '33', '34', '35', '36', '37', '38', '39', '4', '40', '41', '42', '43', '44', '45', '46', '47', '48', '49', '5', '50', '6', '7', '8', '9']",1000,0.000025,0.005,0.1,5000,50,3186,9997,3186-9997,"['50', '11']","['42', '23', '12', '26', '33', '14', '39', '41', '47', '17', '28', '46', '45', '18', '2', '32', '9', '48', '24', '37', '49', '38', '36']","['25', '20', '27', '29']",216,3,219,100,,,,,✅ Complete (2/2),55,4,2/2,100,50,2,2/2,50,100,,,,,,,,,,,100,,,,,,,,,,,,,,,,,,,,,,2,3402-10000,100.0%,100.0%,0,100,,,,,,,,,,0,78.1,0,1,3,0,2,❌ None
152,152,153,4,37.03517587939699,78,2263,3,✅ Complete Match (1/1),Step 2: Best Match,5,5,6,15,1,10,83.3%,33.3%,✅ Equal,21,10,11,78_Recombination events.csv|2263,2263,78_Recombination events.csv,3114,9744,"['1', '12', '16', '23', '29', '34', '41', '7', '8']",1000,0.000025,0.005,0.1,5000,50,3125,9996,3125-9996,['8'],"['1', '29', '7', '12']","['25', '27', '44', '11', '4', '30', '3', '14', '39', '47', '50', '17', '28', '46', '31', '2', '19', '35', '24', '37', '21', '49', '38', '36']",11,252,263,99.8,,,,,🎯 Perfect (1/1),54.96,11.1,1/1,100,9,1,1/1,50,100,,,,,,,,,,,100,,,,,,,,,,,,,,,,,,,,,,3,3114-9744,99.8%,100.0%,0,99.8,,,,,,,,,,0,73.7,0,1,3,0,3,❌ None
153,153,154,3,32.90685772773798,11,2388,2,🎯 Start-End Parent-Child (Major_Exact_Match),Step 7: Start-End Parent-Child,4,4,4,10,0,6,100.0%,40.0%,✅ Equal,14,8,6,11_Recombination events.csv|2388,2388,11_Recombination events.csv,231,3555,"['23', '41', '45', '9']",1000,0.000025,0.005,0.1,5000,50,101,3782,101-3782,['40'],"['31', '43']","['9', '23', '41', '45']",,,,,3324,831,25,,,5,,,,4,,,50,,,,,,,80,,,,,0,,,,1,,,,,,,,,,✅ Start-End Parent-Child,✅ Major_Exact_Match,2,2,,,,,2,231-3555,,,0,0,11_Recombination events.csv,Major_Exact_Match,"['9', '23', '41', '45']","Start_Start, End_End",2,178.5,357,,,0,64.30000000000001,0,4,1,0,2,❌ None
154,154,155,4,30,11,2336,4,Case_E_Start_End,Step 1: Approximate,4,4,4,10,0,6,100.0%,40.0%,✅ Equal,14,8,6,11_Recombination events.csv|2336,2336,11_Recombination events.csv,5823,10000,"['23', '40', '41', '45', '9']",1000,0.000025,0.005,0.1,5000,50,3535,5774,3535-5774,"['40', '45', '23', '41', '9']","['31', '43']","['25', '42', '27', '8', '12', '26', '44', '6', '11', '4', '30', '13', '33', '3', '14', '39', '47', '17', '1', '28', '22', '46', '7', '18', '2', '32', '15', '5', '19', '24', '38', '37', '21', '49', '10']",2288,4226,6514,0,4177,1044.2,25,Exact Recombinant Match,,21,,,,,,,30,,,,,,,,,,,,60,,,,,,,,,,,,,,,,,,,,,,4,5823-10000,,60.0%,0,0,,,,,,,,,,60,0,0,1,8,0,4,❌ None
155,155,156,3,30,96,2206,3,Case_A_End_End,Step 1: Approximate,3,3,3,7,0,4,100.0%,42.9%,✅ Equal,10,6,4,96_Recombination events.csv|2206,2206,96_Recombination events.csv,753,10000,"['11', '15', '23', '41', '46']",1000,0.000025,0.005,0.1,5000,50,2340,9908,2340-9908,"['11', '46', '23', '15', '41']","['25', '19', '32', '34', '43', '17', '36', '28']","['42', '27', '8', '29', '12', '26', '44', '6', '4', '40', '30', '20', '13', '33', '3', '14', '39', '47', '50', '1', '31', '45', '7', '18', '2', '5', '16', '9', '48', '35', '24', '38', '37', '21', '49', '10']",1587,92,1679,81.84275981399372,753,188.2,25,Exact Recombinant Match,,37.36855196279875,,,,,,,30,,,,,,,,,,,,60,,,,,,,,,,,,,,,,,,,,,,3,753-10000,81.8%,60.0%,0,81.84275981399372,,,,,,,,,,60,0,0,1,8,0,3,❌ None
156,156,157,3,25.43323139653415,91,1504,1,✅ Complete Match (1/1),Step 2: Best Match,3,3,5,13,2,10,60.0%,23.1%,✅ Equal,18,6,12,91_Recombination events.csv|1504,1504,91_Recombination events.csv,6057,9261,"['1', '10', '11', '12', '13', '14', '15', '16', '17', '18', '19', '2', '20', '21', '22', '23', '24', '25', '26', '27', '28', '29', '3', '30', '31', '32', '33', '34', '35', '36', '37', '38', '39', '4', '40', '41', '42', '43', '44', '45', '46', '47', '48', '49', '5', '50', '6', '7', '8', '9']",1000,0.000025,0.005,0.1,5000,50,6421,9124,6421-9124,['38'],"['6', '25', '42', '11', '40', '31', '30', '7', '3', '14', '21', '47', '1', '16', '48']","['4', '35', '45', '23', '24', '44', '39', '50', '5', '43', '17', '49', '9']",364,137,501,84.4,,,,,🎯 Perfect (1/1),51.88,2,1/1,100,50,1,1/1,50,93.7,,,,,,,,,,,100,,,,,,,,,,,,,,,,,,,,,,1,6057-9261,84.4%,100.0%,0,84.4,,,,,,,,,,0,49.9,0,1,3,0,1,❌ None
157,157,158,5,0,78,1024,6,Cluster (2 RDPs),Step 5: Cluster,5,5,6,15,1,10,83.3%,33.3%,✅ Equal,21,10,11,78_Recombination events.csv|1024,1024,78_Recombination events.csv,4248,8568,"['1', '10', '11', '12', '13', '14', '15', '16', '17', '18', '19', '2', '20', '21', '22', '23', '24', '25', '26', '27', '28', '29', '3', '30', '31', '32', '33', '34', '35', '36', '37', '38', '39', '4', '40', '41', '42', '43', '44', '45', '46', '47', '48', '49', '5', '50', '6', '7', '8', '9']",1000,0.000025,0.005,0.1,5000,50,3125,9996,9746-9995,['8'] | ['8'],"['1', '29', '7', '12'] | ['1', '29', '7', '12']","['25', '27', '44', '11', '4', '30', '3', '14', '39', '47', '50', '17', '28', '46', '31', '2', '19', '35', '24', '37', '21', '49', '38', '36'] | ['25', '42', '23', '27', '26', '44', '43', '6', '11', '4', '40', '30', '20', '13', '33', '3', '14', '34', '39', '47', '17', '50', '28', '22', '31', '45', '46', '18', '2', '32', '15', '5', '9', '48', '19', '35', '24', '38', '37', '21', '49', '10', '36']",,,,,,,,,,85,,,100,,,,50,,,,,,,,,,,,100,,,,,,,,,,,,,100,✅ Yes,✅ Yes,3,3,3,0,✅ Yes,✅ Yes,6,4248-8568,100.0%,100.0%,100,100,,,,,,,,,,0,0,0,3,5,100,6,✅ Start+End
158,159,160,4,0,5,2390,4,Case_F_Start_Start,Step 1: Approximate,4,4,4,10,0,6,100.0%,40.0%,✅ Equal,14,8,6,5_Recombination events.csv|2390,2390,5_Recombination events.csv,3195,6132,"['11', '50']",1000,0.000025,0.005,0.1,5000,50,3220,5095,3220-5095,"['50', '11']","['19', '35', '7', '8', '22']",['27'],25,1037,1062,63.840653728294185,2937,734.2,25,Exact Recombinant Match,,15.768130745658835,,,,,,,30,,,,,,,,,,,,0,,,,,,,,,,,,,,,,,,,,,,4,3195-6132,63.8%,,0,63.840653728294185,,,,,,,,,,0,0,0,1,8,0,4,❌ None
