,Global_Rank,Tag_Rank,Tag_Specific_Quality_Score,Tag,Santa_ID,RDP_Event_ID,Match_Type,Source_Tab,Tag_RDP_Count,Tag_Santa_Count,Tag_Original_RDP_Count,Tag_Original_Santa_Count,Tag_Remaining_RDP,Tag_Remaining_Santa,Tag_RDP_Match_Rate,Tag_Santa_Match_Rate,RDP_Santa_Equal,Tag_Total_Original,Tag_Total_Matched,Tag_Total_Remaining,SantaID,Santa_Event,Santa_Tag,Santa_INI,Santa_END,Santa_Recombinant,santa_popSize,santa_mutationRate,santa_recombProb,santa_dualInfectProb,santa_genCount,santa_sampleSize,RDP_INI,RDP_END,RDP_Breakpoints,RDP_Recombinant,RDP_Minor,RDP_Major,INI_Difference,END_Difference,Total_Difference,Overlap_Percentage,Fragment_Size,Dynamic_Tolerance,Tolerance_Percent,Validation,Recombinant_Match_Quality,Quality_Score,Jaccard_Similarity,Sequence_Ratio,Sequence_Coverage,Santa_Recombinant_Count,RDP_Recombinant_Count,Covered_Sequences,Breakpoint_Score,Overlap_Score,Santa_Breakpoint,Santa_Size,Santa_Seqs_Count,Tolerance,Max_End_Distance,Chain_Score,Start_Score,End_Score,Continuity_Score,Recombinant_Score,Seq_Ratio,Seq_Ratio_%,Reaches_Santa_End,RDP_Tags,Chain_Length,Chain_INI,Chain_END,Start_Distance,End_Distance,Total_Gap,Chain_Logic_Valid,Logic_Validation_Msg,Quality_Check,Coverage_Percentage,Valid,Minor/Major,Start_Anchor,End_Anchor,Full_Coverage,Pre_Start_RDPs,Reaches_Start,Reaches_End,RDP_Num,Santa_Breakpoints,Display_Coverage,Display_Seq_Ratio,Structural_Score,Coverage_Score,tag,Parent_Child_Type,Matched_Value,Breakpoint_Matches,Num_Breakpoint_Matches,Avg_Distance,Total_Distance,Start_Dist,End_Dist,Recombinant_Match_Score,Start_End_Diff_Score,Chain_Bonus,Step_Priority,Match_Type_Priority,Reaches_Priority,RDP_Set,Reaches_Status
0,1,1,100,6,2432,2,⭐ Excellent Match (1/1),Step 2: Best Match,2,2,2,8,0,6,100.0%,25.0%,✅ Equal,10,4,6,6_Recombination events.csv|2432,2432,6_Recombination events.csv,5742,8706,['32'],1000,0.000025,0.005,0.1,5000,50,5740,8696,5740-8696,['32'],['18'],"['38', '27', '19']",2,10,12,99.7,,,,,🎯 Perfect (1/1),58.94,100,1/1,100,1,1,1/1,90,100,,,,,,,,,,,100,,,,,,,,,,,,,,,,,,,,,,2,5742-8706,99.7%,100.0%,0,99.7,,,,,,,,,,100,98.8,0,1,2,0,2,❌ None
1,2,1,100,58,2493,1,✅ Complete Match (1/1),Step 2: Best Match,1,1,1,4,0,3,100.0%,25.0%,✅ Equal,5,2,3,58_Recombination events.csv|2493,2493,58_Recombination events.csv,957,10000,['46'],1000,0.000025,0.005,0.1,5000,50,960,9974,960-9974,['46'],"['22', '20', '1', '27', '9']","['41', '30']",3,26,29,99.7,,,,,🎯 Perfect (1/1),56.94,100,1/1,100,1,1,1/1,70,100,,,,,,,,,,,100,,,,,,,,,,,,,,,,,,,,,,1,957-10000,99.7%,100.0%,0,99.7,,,,,,,,,,100,97.1,0,1,3,0,1,❌ None
2,3,1,100,67,2389,1,Standard_Match,Step 1: Approximate,1,1,1,3,0,2,100.0%,33.3%,✅ Equal,4,2,2,67_Recombination events.csv|2389,2389,67_Recombination events.csv,2565,9963,"['41', '48']",1000,0.000025,0.005,0.1,5000,50,2566,9960,2566-9960,"['41', '48']",['7'],"['2', '37', '3']",1,3,4,99.94593133279265,2602,650.5,25,Exact Recombinant Match,,58.989186266558534,,,,,,,90,,,,,,,,,,,,100,,,,,,,,,,,,,,,,,,,,,,1,2565-9963,99.9%,100.0%,0,99.94593133279265,,,,,,,,,,100,99.6,0,1,7,0,1,❌ None
3,4,1,100,66,2427,1,Standard_Match,Step 1: Approximate,2,2,2,6,0,4,100.0%,33.3%,✅ Equal,8,4,4,66_Recombination events.csv|2427,2427,66_Recombination events.csv,2934,9471,['33'],1000,0.000025,0.005,0.1,5000,50,2930,9472,2930-9472,['33'],"['46', '19', '32', '8', '23', '3']",['21'],4,1,5,100,3463,865.8,25,Exact Recombinant Match,,59,,,,,,,90,,,,,,,,,,,,100,,,,,,,,,,,,,,,,,,,,,,1,2934-9471,100.0%,100.0%,0,100,,,,,,,,,,100,99.5,0,1,7,0,1,❌ None
4,5,1,100,64,2431,1,✅ Complete Match (1/1),Step 2: Best Match,1,1,1,9,0,8,100.0%,11.1%,✅ Equal,10,2,8,64_Recombination events.csv|2431,2431,64_Recombination events.csv,6090,10000,"['11', '13', '21', '22', '44', '8']",1000,0.000025,0.005,0.1,5000,50,6083,9946,6083-9946,"['44', '22', '13', '11', '8', '21']","['43', '34', '47', '49', '10', '17', '18', '2', '45', '23', '35', '25']","['14', '26', '38', '27', '30']",7,54,61,98.6,,,,,✅ Complete (6/6),56.72,100,6/6,100,6,6,6/6,70,100,,,,,,,,,,,100,,,,,,,,,,,,,,,,,,,,,,1,6090-10000,98.6%,100.0%,0,98.6,,,,,,,,,,33.33333333333333,93.9,0,1,3,0,1,❌ None
5,6,1,100,63,2359,3,✅ Complete Match (1/1),Step 2: Best Match,1,1,3,12,2,11,33.3%,8.3%,✅ Equal,15,2,13,63_Recombination events.csv|2359,2359,63_Recombination events.csv,9279,10000,"['11', '12', '13', '14', '15', '17', '18', '19', '20', '21', '22', '23', '24', '25', '26', '27', '30', '32', '33', '34', '35', '37', '39', '41', '42', '47', '49', '50', '8']",1000,0.000025,0.005,0.1,5000,50,9232,9990,9232-9990,"['33', '14', '13', '11', '34', '41', '19', '20', '26', '8', '24', '17', '18', '30', '21', '35', '25']","['22', '15', '12', '32', '39', '50', '49', '27', '37', '23', '42']","['48', '47', '6', '38', '29', '3']",47,10,57,98.6,,,,,✅ Complete (17/17),56.72,58.6,17/17,100,29,17,17/17,70,100,,,,,,,,,,,100,,,,,,,,,,,,,,,,,,,,,,3,9279-10000,98.6%,100.0%,0,98.6,,,,,,,,,,76.47058823529412,94.3,0,1,3,0,3,❌ None
6,7,1,100,62,2446,1,Standard_Match,Step 1: Approximate,2,2,2,5,0,3,100.0%,40.0%,✅ Equal,7,4,3,62_Recombination events.csv|2446,2446,62_Recombination events.csv,9057,10000,"['19', '25']",1000,0.000025,0.005,0.1,5000,50,9054,9990,9054-9990,"['19', '25']",['47'],"['45', '22', '9', '16']",3,10,13,98.93955461293743,943,235.8,25,Exact Recombinant Match,,58.787910922587486,,,,,,,90,,,,,,,,,,,,100,,,,,,,,,,,,,,,,,,,,,,1,9057-10000,98.9%,100.0%,0,98.93955461293743,,,,,,,,,,100,98.7,0,1,7,0,1,❌ None
7,8,1,100,61,2214,3,Standard_Match,Step 1: Approximate,3,3,3,4,0,1,100.0%,75.0%,✅ Equal,7,6,1,61_Recombination events.csv|2214,2214,61_Recombination events.csv,9381,10000,"['33', '40', '8']",1000,0.000025,0.005,0.1,5000,50,9389,9976,9389-9976,"['33', '40', '8']",['2'],"['44', '14', '48', '11', '46', '12', '1', '6', '24', '37', '29']",8,24,32,94.83037156704361,619,154.8,25,Exact Recombinant Match,,55.966074313408726,,,,,,,70,,,,,,,,,,,,100,,,,,,,,,,,,,,,,,,,,,,3,9381-10000,94.8%,100.0%,0,94.83037156704361,,,,,,,,,,100,96.8,0,1,7,0,3,❌ None
8,9,1,100,60,2518,1,Standard_Match,Step 1: Approximate,4,4,4,7,0,3,100.0%,57.1%,✅ Equal,11,8,3,60_Recombination events.csv|2518,2518,60_Recombination events.csv,1461,10000,['33'],1000,0.000025,0.005,0.1,5000,50,1461,9994,1461-9994,['33'],"['19', '50']","['27', '12', '25']",0,6,6,99.92973416090877,1461,365.2,25,Exact Recombinant Match,,58.98594683218175,,,,,,,90,,,,,,,,,,,,100,,,,,,,,,,,,,,,,,,,,,,1,1461-10000,99.9%,100.0%,0,99.92973416090877,,,,,,,,,,100,99.4,0,1,7,0,1,❌ None
9,10,1,100,100,2460,1,⭐ Excellent Match (1/1),Step 2: Best Match,2,2,3,4,1,2,66.7%,50.0%,✅ Equal,7,4,3,100_Recombination events.csv|2460,2460,100_Recombination events.csv,2997,8496,"['45', '8']",1000,0.000025,0.005,0.1,5000,50,3005,8499,3005-8499,"['45', '8']","['15', '23', '40', '7']","['48', '31']",8,3,11,99.9,,,,,✅ Complete (2/2),58.980000000000004,100,2/2,100,2,2,2/2,90,100,,,,,,,,,,,100,,,,,,,,,,,,,,,,,,,,,,1,2997-8496,99.9%,100.0%,0,99.9,,,,,,,,,,100,98.9,0,1,2,0,1,❌ None
10,11,1,100,56,2503,1,⭐ Excellent Match (1/1),Step 2: Best Match,1,1,1,5,0,4,100.0%,20.0%,✅ Equal,6,2,4,56_Recombination events.csv|2503,2503,56_Recombination events.csv,2844,10000,['47'],1000,0.000025,0.005,0.1,5000,50,2856,9990,2856-9990,['47'],"['12', '42', '7']",['41'],12,10,22,99.7,,,,,🎯 Perfect (1/1),56.94,100,1/1,100,1,1,1/1,70,100,,,,,,,,,,,100,,,,,,,,,,,,,,,,,,,,,,1,2844-10000,99.7%,100.0%,0,99.7,,,,,,,,,,100,97.8,0,1,2,0,1,❌ None
11,12,1,100,33,2466,1,Standard_Match,Step 1: Approximate,4,4,4,10,0,6,100.0%,40.0%,✅ Equal,14,8,6,33_Recombination events.csv|2466,2466,33_Recombination events.csv,3765,9333,['25'],1000,0.000025,0.005,0.1,5000,50,3778,9332,3778-9332,['25'],['4'],"['35', '26', '8', '30', '40']",13,1,14,99.74856321839081,4432,1108,25,Exact Recombinant Match,,56.94971264367817,,,,,,,70,,,,,,,,,,,,100,,,,,,,,,,,,,,,,,,,,,,1,3765-9333,99.7%,100.0%,0,99.74856321839081,,,,,,,,,,100,98.6,0,1,7,0,1,❌ None
12,13,1,100,55,2261,1,✅ Complete Match (1/1),Step 2: Best Match,1,1,1,7,0,6,100.0%,14.3%,✅ Equal,8,2,6,55_Recombination events.csv|2261,2261,55_Recombination events.csv,1569,10000,"['12', '13', '14', '18', '21', '24', '25', '27', '31', '33', '34', '35', '36', '39', '40', '42', '43', '6']",1000,0.000025,0.005,0.1,5000,50,1574,9900,1574-9900,"['33', '36', '14', '31', '13', '34', '43', '12', '39', '42', '6', '24', '27', '18', '21', '40', '35', '25']","['15', '1', '28', '8', '10', '29', '45', '3']","['11', '19', '32', '50', '49', '38', '46', '5', '20', '17', '2', '9', '44', '48', '22', '26', '16', '37', '30', '23', '7', '4', '41', '47']",5,100,105,98.8,,,,,✅ Complete (18/18),56.760000000000005,100,18/18,100,18,18,18/18,70,100,,,,,,,,,,,100,,,,,,,,,,,,,,,,,,,,,,1,1569-10000,98.8%,100.0%,0,98.8,,,,,,,,,,77.77777777777779,89.5,0,1,3,0,1,❌ None
13,14,1,100,54,2481,1,Standard_Match,Step 1: Approximate,1,1,1,5,0,4,100.0%,20.0%,✅ Equal,6,2,4,54_Recombination events.csv|2481,2481,54_Recombination events.csv,6387,7773,['46'],1000,0.000025,0.005,0.1,5000,50,6314,7776,6314-7776,['46'],"['41', '33', '40']",['6'],73,3,76,100,1386,346.5,25,Exact Recombinant Match,,57,,,,,,,70,,,,,,,,,,,,100,,,,,,,,,,,,,,,,,,,,,,1,6387-7773,100.0%,100.0%,0,100,,,,,,,,,,100,92.4,0,1,7,0,1,❌ None
14,15,1,100,51,2571,2,Standard_Match,Step 1: Approximate,4,4,4,8,0,4,100.0%,50.0%,✅ Equal,12,8,4,51_Recombination events.csv|2571,2571,51_Recombination events.csv,6183,6669,['2'],1000,0.000025,0.005,0.1,5000,50,6174,6679,6174-6679,['2'],"['9', '7']",['19'],9,10,19,100,486,121.5,25,Exact Recombinant Match,,59,,,,,,,90,,,,,,,,,,,,100,,,,,,,,,,,,,,,,,,,,,,2,6183-6669,100.0%,100.0%,0,100,,,,,,,,,,100,98.1,0,1,7,0,2,❌ None
15,16,1,100,48,2461,1,Standard_Match,Step 1: Approximate,1,1,1,5,0,4,100.0%,20.0%,✅ Equal,6,2,4,48_Recombination events.csv|2461,2461,48_Recombination events.csv,2181,5619,['15'],1000,0.000025,0.005,0.1,5000,50,2174,5674,2174-5674,['15'],"['4', '1', '2', '45', '31']",['6'],7,55,62,100,3438,859.5,25,Exact Recombinant Match,,57,,,,,,,70,,,,,,,,,,,,100,,,,,,,,,,,,,,,,,,,,,,1,2181-5619,100.0%,100.0%,0,100,,,,,,,,,,100,93.8,0,1,7,0,1,❌ None
16,17,1,100,45,2520,1,⭐ Excellent Match (1/1),Step 2: Best Match,1,1,1,13,0,12,100.0%,7.7%,✅ Equal,14,2,12,45_Recombination events.csv|2520,2520,45_Recombination events.csv,3762,10000,"['10', '12', '36', '37']",1000,0.000025,0.005,0.1,5000,50,3768,9984,3768-9984,"['10', '37', '12', '36']","['43', '41', '19', '32', '42', '47', '8', '49', '27', '30', '2', '40', '3']",['6'],6,16,22,99.6,,,,,✅ Complete (4/4),56.92,100,4/4,100,4,4,4/4,70,100,,,,,,,,,,,100,,,,,,,,,,,,,,,,,,,,,,1,3762-10000,99.6%,100.0%,0,99.6,,,,,,,,,,50,97.8,0,1,2,0,1,❌ None
17,18,1,100,44,2559,1,✅ Complete Match (1/1),Step 2: Best Match,1,1,1,10,0,9,100.0%,10.0%,✅ Equal,11,2,9,44_Recombination events.csv|2559,2559,44_Recombination events.csv,5622,6972,"['16', '26', '39']",1000,0.000025,0.005,0.1,5000,50,5626,7038,5626-7038,"['39', '26', '16']","['11', '37', '38']","['44', '34', '5', '23', '35']",4,66,70,99.7,,,,,✅ Complete (3/3),56.94,100,3/3,100,3,3,3/3,70,100,,,,,,,,,,,100,,,,,,,,,,,,,,,,,,,,,,1,5622-6972,99.7%,100.0%,0,99.7,,,,,,,,,,33.33333333333333,93,0,1,3,0,1,❌ None
18,19,1,100,42,2493,1,✅ Complete Match (1/1),Step 2: Best Match,2,2,2,11,0,9,100.0%,18.2%,✅ Equal,13,4,9,42_Recombination events.csv|2493,2493,42_Recombination events.csv,2355,10000,['26'],1000,0.000025,0.005,0.1,5000,50,2352,9977,2352-9977,['26'],"['37', '20', '25']","['33', '36']",3,23,26,99.7,,,,,🎯 Perfect (1/1),56.94,100,1/1,100,1,1,1/1,70,100,,,,,,,,,,,100,,,,,,,,,,,,,,,,,,,,,,1,2355-10000,99.7%,100.0%,0,99.7,,,,,,,,,,100,97.4,0,1,3,0,1,❌ None
19,20,1,100,38,2400,1,⭐ Excellent Match (1/1),Step 2: Best Match,2,2,2,3,0,1,100.0%,66.7%,✅ Equal,5,4,1,38_Recombination events.csv|2400,2400,38_Recombination events.csv,339,3246,"['18', '29', '37', '39', '40']",1000,0.000025,0.005,0.1,5000,50,324,3248,324-3248,"['39', '37', '29', '18', '40']","['15', '19']","['4', '30', '35', '13']",15,2,17,100,,,,,✅ Complete (5/5),57,100,5/5,100,5,5,5/5,70,100,,,,,,,,,,,100,,,,,,,,,,,,,,,,,,,,,,1,339-3246,100.0%,100.0%,0,100,,,,,,,,,,60,98.3,0,1,2,0,1,❌ None
20,21,1,100,69,2446,1,✅ Complete Match (1/1),Step 2: Best Match,2,2,2,7,0,5,100.0%,28.6%,✅ Equal,9,4,5,69_Recombination events.csv|2446,2446,69_Recombination events.csv,9588,10000,"['10', '16', '19', '48']",1000,0.000025,0.005,0.1,5000,50,9590,9996,9590-9996,"['10', '19', '48', '16']","['33', '14', '43', '26', '32', '28', '8', '45', '35']","['36', '22', '11', '34', '46', '39', '50', '38', '17', '29', '18']",2,4,6,98.5,,,,,✅ Complete (4/4),58.7,100,4/4,100,4,4,4/4,90,100,,,,,,,,,,,100,,,,,,,,,,,,,,,,,,,,,,1,9588-10000,98.5%,100.0%,0,98.5,,,,,,,,,,50,99.4,0,1,3,0,1,❌ None
21,22,1,100,7,2275,1,✅ Complete Match (1/1),Step 2: Best Match,1,1,1,5,0,4,100.0%,20.0%,✅ Equal,6,2,4,7_Recombination events.csv|2275,2275,7_Recombination events.csv,7476,8685,"['16', '21', '25', '36', '43']",1000,0.000025,0.005,0.1,5000,50,7489,8704,7489-8704,"['36', '43', '16', '21', '25']","['15', '32', '20', '1', '42', '8', '10', '24', '37', '50', '2', '40', '9', '35', '3']","['34', '45']",13,19,32,98.9,,,,,✅ Complete (5/5),56.78,100,5/5,100,5,5,5/5,70,100,,,,,,,,,,,100,,,,,,,,,,,,,,,,,,,,,,1,7476-8685,98.9%,100.0%,0,98.9,,,,,,,,,,20,96.8,0,1,3,0,1,❌ None
22,23,1,100,70,2344,1,Standard_Match,Step 1: Approximate,2,2,2,3,0,1,100.0%,66.7%,✅ Equal,5,4,1,70_Recombination events.csv|2344,2344,70_Recombination events.csv,2100,4440,['7'],1000,0.000025,0.005,0.1,5000,50,2099,4408,2099-4408,['7'],"['4', '48', '13', '11', '19', '16', '40']",['39'],1,32,33,98.63247863247864,2340,585,25,Exact Recombinant Match,,56.72649572649573,,,,,,,70,,,,,,,,,,,,100,,,,,,,,,,,,,,,,,,,,,,1,2100-4440,98.6%,100.0%,0,98.63247863247864,,,,,,,,,,100,96.7,0,1,7,0,1,❌ None
23,24,1,100,72,2272,1,⭐ Excellent Match (1/1),Step 2: Best Match,1,1,1,4,0,3,100.0%,25.0%,✅ Equal,5,2,3,72_Recombination events.csv|2272,2272,72_Recombination events.csv,7413,10000,"['32', '44', '48']",1000,0.000025,0.005,0.1,5000,50,7418,9996,7418-9996,"['44', '32', '48']",['34'],['49'],5,4,9,99.7,,,,,✅ Complete (3/3),58.94,100,3/3,100,3,3,3/3,90,100,,,,,,,,,,,100,,,,,,,,,,,,,,,,,,,,,,1,7413-10000,99.7%,100.0%,0,99.7,,,,,,,,,,33.33333333333333,99.1,0,1,2,0,1,❌ None
24,25,1,100,98,2162,1,✅ Complete Match (1/1),Step 2: Best Match,1,1,1,8,0,7,100.0%,12.5%,✅ Equal,9,2,7,98_Recombination events.csv|2162,2162,98_Recombination events.csv,4860,10000,"['1', '10', '14', '15', '16', '17', '18', '19', '2', '20', '21', '22', '24', '27', '28', '29', '3', '30', '31', '32', '33', '34', '35', '36', '38', '39', '4', '40', '41', '43', '44', '45', '46', '47', '48', '49', '5', '50', '7', '8', '9']",1000,0.000025,0.005,0.1,5000,50,4816,9972,4816-9972,"['43', '34', '19', '32', '1', '39', '49', '10', '38', '50', '45', '35', '14', '46', '5', '20', '28', '17', '27', '18', '29', '2', '9', '33', '44', '22', '48', '16', '8', '30', '40', '7', '3', '31', '36', '4', '15', '41', '47', '24', '21']","['37', '26', '6', '13']","['11', '12', '25', '23', '42']",44,28,72,99.5,,,,,✅ Complete (41/41),56.900000000000006,100,41/41,100,41,41,41/41,70,100,,,,,,,,,,,100,,,,,,,,,,,,,,,,,,,,,,1,4860-10000,99.5%,100.0%,0,99.5,,,,,,,,,,90.2439024390244,92.8,0,1,3,0,1,❌ None
25,26,1,100,97,2483,1,Standard_Match,Step 1: Approximate,1,1,1,12,0,11,100.0%,8.3%,✅ Equal,13,2,11,97_Recombination events.csv|2483,2483,97_Recombination events.csv,8106,10000,['19'],1000,0.000025,0.005,0.1,5000,50,8100,9983,8100-9983,['19'],['21'],"['24', '48', '47', '16']",6,17,23,99.10242872228089,1894,473.5,25,Exact Recombinant Match,,56.82048574445618,,,,,,,70,,,,,,,,,,,,100,,,,,,,,,,,,,,,,,,,,,,1,8106-10000,99.1%,100.0%,0,99.10242872228089,,,,,,,,,,100,97.7,0,1,7,0,1,❌ None
26,27,1,100,96,2454,1,Standard_Match,Step 1: Approximate,3,3,3,7,0,4,100.0%,42.9%,✅ Equal,10,6,4,96_Recombination events.csv|2454,2454,96_Recombination events.csv,2706,8733,['22'],1000,0.000025,0.005,0.1,5000,50,2694,8744,2694-8744,['22'],"['13', '5', '47', '38', '27', '18', '2']","['36', '43', '34', '19', '32', '28', '17', '25']",12,11,23,100,3973,993.2,25,Exact Recombinant Match,,57,,,,,,,70,,,,,,,,,,,,100,,,,,,,,,,,,,,,,,,,,,,1,2706-8733,100.0%,100.0%,0,100,,,,,,,,,,100,97.7,0,1,7,0,1,❌ None
27,28,1,100,95,2366,1,✅ Complete Match (1/1),Step 2: Best Match,1,1,1,8,0,7,100.0%,12.5%,✅ Equal,9,2,7,95_Recombination events.csv|2366,2366,95_Recombination events.csv,8421,10000,"['18', '27', '3', '32', '33', '34', '39', '41', '42', '43', '45', '47', '48', '6', '8']",1000,0.000025,0.005,0.1,5000,50,8414,9990,8414-9990,"['33', '48', '43', '34', '41', '32', '39', '42', '6', '8', '47', '27', '18', '45', '3']","['44', '14', '5', '17', '25', '2', '9', '40', '7']","['36', '22', '13', '11', '20', '1', '16', '49', '24', '38', '50', '29', '23', '31']",7,10,17,99.4,,,,,✅ Complete (15/15),58.88,100,15/15,100,15,15,15/15,90,100,,,,,,,,,,,100,,,,,,,,,,,,,,,,,,,,,,1,8421-10000,99.4%,100.0%,0,99.4,,,,,,,,,,73.33333333333333,98.3,0,1,3,0,1,❌ None
28,29,1,100,9,2401,1,✅ Complete Match (1/1),Step 2: Best Match,1,1,1,6,0,5,100.0%,16.7%,✅ Equal,7,2,5,9_Recombination events.csv|2401,2401,9_Recombination events.csv,1533,10000,"['28', '43', '9']",1000,0.000025,0.005,0.1,5000,50,1459,9978,1459-9978,"['28', '9', '43']","['44', '48', '13', '46', '19', '20', '1', '47', '8', '38', '21', '35', '7']","['36', '14', '11', '41', '50', '23', '3']",74,22,96,99.7,,,,,✅ Complete (3/3),56.94,100,3/3,100,3,3,3/3,70,100,,,,,,,,,,,100,,,,,,,,,,,,,,,,,,,,,,1,1533-10000,99.7%,100.0%,0,99.7,,,,,,,,,,33.33333333333333,90.4,0,1,3,0,1,❌ None
29,30,1,100,87,2455,"4, 8",Cross Match (Case_S1_E2E),Step 6: Cross Matches,4,3,8,11,4,8,50.0%,27.3%,❌ Diff: RDP=4 vs Santa=3,19,7,12,87_Recombination events.csv|2455,2455,87_Recombination events.csv,2919,5886,['2'],1000,0.000025,0.005,0.1,5000,50,2930,5888,2930-4905 | 4907-5888,['2'] | ['2'],"['12', '7'] | ['26', '39', '16', '6', '24', '27', '38', '23']","['44', '9', '40'] | ['33', '36', '34', '32', '28', '10', '25', '45', '35', '31']",,,,,,,,,,85.5,,,100,,,,50,,,,,,,100,,,,,100,,,,2,,,,,,,,,100,✅ Yes,✅ Yes,8.0,4.0,None,0.0,✅ Yes,✅ Yes,"4, 8",2919-5886,100.0%,100.0%,100,100,,,,,,,,,,100,98.7,5,3,4,100,"4,8",✅ Start+End
30,31,1,100,85,2487,1,⭐ Excellent Match (1/1),Step 2: Best Match,1,1,1,2,0,1,100.0%,50.0%,✅ Equal,3,2,1,85_Recombination events.csv|2487,2487,85_Recombination events.csv,2121,9678,"['34', '47']",1000,0.000025,0.005,0.1,5000,50,2122,9686,2122-9686,"['34', '47']","['48', '46', '26', '6', '27', '29', '30', '7']","['2', '36', '15', '40']",1,8,9,100,,,,,✅ Complete (2/2),59,100,2/2,100,2,2,2/2,90,100,,,,,,,,,,,100,,,,,,,,,,,,,,,,,,,,,,1,2121-9678,100.0%,100.0%,0,100,,,,,,,,,,100,99.1,0,1,2,0,1,❌ None
31,32,1,100,84,2487,1,Standard_Match,Step 1: Approximate,1,1,1,9,0,8,100.0%,11.1%,✅ Equal,10,2,8,84_Recombination events.csv|2487,2487,84_Recombination events.csv,2721,10000,['21'],1000,0.000025,0.005,0.1,5000,50,2722,9996,2722-9996,['21'],"['5', '49', '18', '23', '40', '3']",['42'],1,4,5,99.93130924577552,2721,680.2,25,Exact Recombinant Match,,58.986261849155106,,,,,,,90,,,,,,,,,,,,100,,,,,,,,,,,,,,,,,,,,,,1,2721-10000,99.9%,100.0%,0,99.93130924577552,,,,,,,,,,100,99.5,0,1,7,0,1,❌ None
32,33,1,100,82,2515,2,⭐ Excellent Match (1/1),Step 2: Best Match,2,2,2,9,0,7,100.0%,22.2%,✅ Equal,11,4,7,82_Recombination events.csv|2515,2515,82_Recombination events.csv,9054,10000,"['11', '42', '50', '7']",1000,0.000025,0.005,0.1,5000,50,9054,9992,9054-9992,"['11', '42', '50', '7']",['48'],"['29', '31']",0,8,8,99.2,,,,,✅ Complete (4/4),58.84,100,4/4,100,4,4,4/4,90,100,,,,,,,,,,,100,,,,,,,,,,,,,,,,,,,,,,2,9054-10000,99.2%,100.0%,0,99.2,,,,,,,,,,100,99.2,0,1,2,0,2,❌ None
33,34,1,100,81,2331,1,Standard_Match,Step 1: Approximate,1,1,1,3,0,2,100.0%,33.3%,✅ Equal,4,2,2,81_Recombination events.csv|2331,2331,81_Recombination events.csv,4137,8109,"['12', '50']",1000,0.000025,0.005,0.1,5000,50,4131,8098,4131-8098,"['12', '50']","['13', '5', '6', '25', '2', '42']","['21', '18']",6,11,17,99.72306143001008,3972,993,25,Exact Recombinant Match,,56.94461228600201,,,,,,,70,,,,,,,,,,,,100,,,,,,,,,,,,,,,,,,,,,,1,4137-8109,99.7%,100.0%,0,99.72306143001008,,,,,,,,,,100,98.3,0,1,7,0,1,❌ None
34,35,1,100,80,2444,1,⭐ Excellent Match (1/1),Step 2: Best Match,3,3,3,8,0,5,100.0%,37.5%,✅ Equal,11,6,5,80_Recombination events.csv|2444,2444,80_Recombination events.csv,3303,9357,['50'],1000,0.000025,0.005,0.1,5000,50,3318,9372,3318-9372,['50'],"['36', '34', '26', '38', '18', '30', '23', '35']","['33', '14', '48', '16', '21', '2']",15,15,30,99.8,,,,,🎯 Perfect (1/1),56.96,100,1/1,100,1,1,1/1,70,100,,,,,,,,,,,100,,,,,,,,,,,,,,,,,,,,,,1,3303-9357,99.8%,100.0%,0,99.8,,,,,,,,,,100,97,0,1,2,0,1,❌ None
35,36,1,100,79,2519,3,✅ Complete Match (1/1),Step 2: Best Match,2,2,3,5,1,3,66.7%,40.0%,✅ Equal,8,4,4,79_Recombination events.csv|2519,2519,79_Recombination events.csv,2715,2910,['19'],1000,0.000025,0.005,0.1,5000,50,2731,2910,2731-2910,['19'],['50'],"['48', '13', '11', '46', '12', '6']",16,0,16,91.8,,,,,🎯 Perfect (1/1),55.36,100,1/1,100,1,1,1/1,70,100,,,,,,,,,,,100,,,,,,,,,,,,,,,,,,,,,,3,2715-2910,91.8%,100.0%,0,91.8,,,,,,,,,,100,98.4,0,1,3,0,3,❌ None
36,37,1,100,78,2509,4,🎯 Perfect Match (1/1),Step 2: Best Match,4,4,6,15,2,11,66.7%,26.7%,✅ Equal,21,8,13,78_Recombination events.csv|2509,2509,78_Recombination events.csv,4719,8121,['41'],1000,0.000025,0.005,0.1,5000,50,4720,8117,4720-8117,['41'],['9'],"['33', '43', '15', '5', '26', '20', '10', '45', '40']",1,4,5,99.9,,,,,🎯 Perfect (1/1),58.980000000000004,100,1/1,100,1,1,1/1,90,100,,,,,,,,,,,100,,,,,,,,,,,,,,,,,,,,,,4,4719-8121,99.9%,100.0%,0,99.9,,,,,,,,,,100,99.5,0,1,1,0,4,❌ None
37,38,1,100,77,2326,1,✅ Complete Match (1/1),Step 2: Best Match,1,1,1,3,0,2,100.0%,33.3%,✅ Equal,4,2,2,77_Recombination events.csv|2326,2326,77_Recombination events.csv,381,10000,"['12', '29', '34', '49', '50']",1000,0.000025,0.005,0.1,5000,50,445,9990,445-9990,"['34', '12', '50', '49', '29']","['14', '48', '13', '11', '32', '42', '16', '28', '24', '17', '18', '40', '45', '35', '31']","['33', '44', '15', '19', '39', '1', '8', '27', '2', '9']",64,10,74,99.2,,,,,✅ Complete (5/5),56.84,100,5/5,100,5,5,5/5,70,100,,,,,,,,,,,100,,,,,,,,,,,,,,,,,,,,,,1,381-10000,99.2%,100.0%,0,99.2,,,,,,,,,,20,92.6,0,1,3,0,1,❌ None
38,39,1,100,76,2470,1,Case_F_Start_Start,Step 1: Approximate,1,1,1,12,0,11,100.0%,8.3%,✅ Equal,13,2,11,76_Recombination events.csv|2470,2470,76_Recombination events.csv,708,10000,"['18', '27', '38', '44', '48']",1000,0.000025,0.005,0.1,5000,50,714,9768,714-9768,"['44', '48', '38', '27', '18']","['4', '49', '8', '10', '31']","['24', '19']",6,232,238,97.43865690916917,708,177,25,Exact Recombinant Match,,36.48773138183384,,,,,,,50,,,,,,,,,,,,40,,,,,,,,,,,,,,,,,,,,,,1,708-10000,97.4%,40.0%,0,97.43865690916917,,,,,,,,,,40,76.2,0,1,8,0,1,❌ None
39,40,1,100,74,2476,1,⭐ Excellent Match (1/1),Step 2: Best Match,3,3,4,10,1,7,75.0%,30.0%,✅ Equal,14,6,8,74_Recombination events.csv|2476,2476,74_Recombination events.csv,5997,10000,"['41', '49']",1000,0.000025,0.005,0.1,5000,50,5999,9988,5999-9988,"['41', '49']",['20'],"['24', '27', '16']",2,12,14,99.7,,,,,✅ Complete (2/2),56.94,100,2/2,100,2,2,2/2,70,100,,,,,,,,,,,100,,,,,,,,,,,,,,,,,,,,,,1,5997-10000,99.7%,100.0%,0,99.7,,,,,,,,,,100,98.6,0,1,2,0,1,❌ None
40,41,1,100,73,2479,1,Standard_Match,Step 1: Approximate,1,1,1,5,0,4,100.0%,20.0%,✅ Equal,6,2,4,73_Recombination events.csv|2479,2479,73_Recombination events.csv,528,6879,['29'],1000,0.000025,0.005,0.1,5000,50,568,6876,568-6876,['29'],['2'],"['22', '31', '43', '16', '24', '27', '7']",40,3,43,99.32294126909149,3649,912.2,25,Exact Recombinant Match,,56.8645882538183,,,,,,,70,,,,,,,,,,,,100,,,,,,,,,,,,,,,,,,,,,,1,528-6879,99.3%,100.0%,0,99.32294126909149,,,,,,,,,,100,95.7,0,1,7,0,1,❌ None
41,42,1,100,36,2452,1,Standard_Match,Step 1: Approximate,4,4,4,7,0,3,100.0%,57.1%,✅ Equal,11,8,3,36_Recombination events.csv|2452,2452,36_Recombination events.csv,4995,10000,['47'],1000,0.000025,0.005,0.1,5000,50,4998,9990,4998-9990,['47'],['10'],"['32', '22']",3,10,13,99.74025974025975,4995,1248.8,25,Exact Recombinant Match,,58.948051948051955,,,,,,,90,,,,,,,,,,,,100,,,,,,,,,,,,,,,,,,,,,,1,4995-10000,99.7%,100.0%,0,99.74025974025975,,,,,,,,,,100,98.7,0,1,7,0,1,❌ None
42,43,1,100,99,2538,1,⭐ Excellent Match (1/1),Step 2: Best Match,1,1,1,3,0,2,100.0%,33.3%,✅ Equal,4,2,2,99_Recombination events.csv|2538,2538,99_Recombination events.csv,1785,10000,['45'],1000,0.000025,0.005,0.1,5000,50,1778,9990,1778-9990,['45'],['18'],"['4', '43', '15', '32', '40']",7,10,17,99.9,,,,,🎯 Perfect (1/1),58.980000000000004,100,1/1,100,1,1,1/1,90,100,,,,,,,,,,,100,,,,,,,,,,,,,,,,,,,,,,1,1785-10000,99.9%,100.0%,0,99.9,,,,,,,,,,100,98.3,0,1,2,0,1,❌ None
43,44,1,100,14,2556,1,Standard_Match,Step 1: Approximate,2,2,2,6,0,4,100.0%,33.3%,✅ Equal,8,4,4,14_Recombination events.csv|2556,2556,14_Recombination events.csv,6012,9321,['47'],1000,0.000025,0.005,0.1,5000,50,6014,9321,6014-9321,['47'],"['14', '29', '8']","['45', '28', '3']",2,0,2,99.93955877908733,3309,827.2,25,Exact Recombinant Match,,58.987911755817464,,,,,,,90,,,,,,,,,,,,100,,,,,,,,,,,,,,,,,,,,,,1,6012-9321,99.9%,100.0%,0,99.93955877908733,,,,,,,,,,100,99.8,0,1,7,0,1,❌ None
44,45,1,100,31,2584,1,✅ Complete Match (1/1),Step 2: Best Match,3,3,4,6,1,3,75.0%,50.0%,✅ Equal,10,6,4,31_Recombination events.csv|2584,2584,31_Recombination events.csv,2538,10000,['23'],1000,0.000025,0.005,0.1,5000,50,2498,9946,2498-9946,['23'],"['14', '47', '37', '9', '40', '31']","['27', '19', '6', '42']",40,54,94,99.3,,,,,🎯 Perfect (1/1),56.86,100,1/1,100,1,1,1/1,70,100,,,,,,,,,,,100,,,,,,,,,,,,,,,,,,,,,,1,2538-10000,99.3%,100.0%,0,99.3,,,,,,,,,,100,90.6,0,1,3,0,1,❌ None
45,46,1,100,19,2534,1,Standard_Match,Step 1: Approximate,2,2,2,4,0,2,100.0%,50.0%,✅ Equal,6,4,2,19_Recombination events.csv|2534,2534,19_Recombination events.csv,1809,10000,['8'],1000,0.000025,0.005,0.1,5000,50,1820,9856,1820-9856,['8'],['45'],"['13', '19', '6', '3']",11,144,155,98.10767916005372,1809,452.2,25,Exact Recombinant Match,,54.62153583201075,,,,,,,50,,,,,,,,,,,,100,,,,,,,,,,,,,,,,,,,,,,1,1809-10000,98.1%,100.0%,0,98.10767916005372,,,,,,,,,,100,84.5,0,1,7,0,1,❌ None
46,47,1,100,18,2477,1,Standard_Match,Step 1: Approximate,2,2,2,5,0,3,100.0%,40.0%,✅ Equal,7,4,3,18_Recombination events.csv|2477,2477,18_Recombination events.csv,4290,5892,['30'],1000,0.000025,0.005,0.1,5000,50,4291,5940,4291-5940,['30'],['31'],['20'],1,48,49,99.93757802746566,1602,400.5,25,Exact Recombinant Match,,56.98751560549313,,,,,,,70,,,,,,,,,,,,100,,,,,,,,,,,,,,,,,,,,,,1,4290-5892,99.9%,100.0%,0,99.93757802746566,,,,,,,,,,100,95.1,0,1,7,0,1,❌ None
47,48,1,100,22,2524,2,Standard_Match,Step 1: Approximate,2,2,2,6,0,4,100.0%,33.3%,✅ Equal,8,4,4,22_Recombination events.csv|2524,2524,22_Recombination events.csv,4641,9885,"['15', '18', '2', '20', '26', '3']",1000,0.000025,0.005,0.1,5000,50,4646,9881,4646-9881,"['15', '26', '20', '18', '2', '3']",['45'],['38'],5,4,9,99.8283752860412,4756,1189,25,Exact Recombinant Match,,58.965675057208244,,,,,,,90,,,,,,,,,,,,100,,,,,,,,,,,,,,,,,,,,,,2,4641-9885,99.8%,100.0%,0,99.8283752860412,,,,,,,,,,100,99.1,0,1,7,0,2,❌ None
48,49,1,100,24,2426,2,✅ Complete Match (1/1),Step 2: Best Match,1,1,2,6,1,5,50.0%,16.7%,✅ Equal,8,2,6,24_Recombination events.csv|2426,2426,24_Recombination events.csv,3609,8565,"['10', '11', '23', '25', '29', '36', '37', '45']",1000,0.000025,0.005,0.1,5000,50,4574,8544,4574-8544,"['36', '11', '10', '37', '29', '45', '23', '25']","['4', '31', '15', '26', '32', '39', '6', '8', '24', '17', '27', '38', '42', '30', '21', '9', '35', '7']","['2', '1', '28']",965,21,986,80.1,,,,,✅ Complete (8/8),49.019999999999996,100,8/8,100,8,8,8/8,30,89,,,,,,,,,,,100,,,,,,,,,,,,,,,,,,,,,,2,3609-8565,80.1%,100.0%,0,80.1,,,,,,,,,,50,1.4000000000000057,0,1,3,0,2,❌ None
49,50,1,100,25,2504,1,⭐ Excellent Match (1/1),Step 2: Best Match,2,2,2,7,0,5,100.0%,28.6%,✅ Equal,9,4,5,25_Recombination events.csv|2504,2504,25_Recombination events.csv,4524,7950,['8'],1000,0.000025,0.005,0.1,5000,50,4528,7930,4528-7930,['8'],"['11', '37', '20', '1']","['22', '49', '7']",4,20,24,99.3,,,,,🎯 Perfect (1/1),56.86,100,1/1,100,1,1,1/1,70,100,,,,,,,,,,,100,,,,,,,,,,,,,,,,,,,,,,1,4524-7950,99.3%,100.0%,0,99.3,,,,,,,,,,100,97.6,0,1,2,0,1,❌ None
50,51,1,100,26,2391,1,✅ Complete Match (1/1),Step 2: Best Match,1,1,1,11,0,10,100.0%,9.1%,✅ Equal,12,2,10,26_Recombination events.csv|2391,2391,26_Recombination events.csv,2202,10000,"['10', '11', '12', '14', '17', '2', '20', '22', '24', '26', '28', '29', '30', '31', '32', '34', '38', '39', '40', '47', '49']",1000,0.000025,0.005,0.1,5000,50,2240,9937,2240-9937,"['11', '34', '32', '39', '49', '10', '38', '14', '20', '28', '17', '29', '2', '22', '12', '26', '30', '40', '31', '47', '24']","['44', '43', '13', '46', '41', '19', '1', '37', '18', '45', '9', '35', '42']","['33', '4', '36', '48', '15', '6', '8', '16', '27', '21', '23']",38,63,101,98.7,,,,,✅ Complete (21/21),56.74,100,21/21,100,21,21,21/21,70,100,,,,,,,,,,,100,,,,,,,,,,,,,,,,,,,,,,1,2202-10000,98.7%,100.0%,0,98.7,,,,,,,,,,80.95238095238095,89.9,0,1,3,0,1,❌ None
51,52,1,100,27,2552,1,⭐ Excellent Match (1/1),Step 2: Best Match,1,1,1,9,0,8,100.0%,11.1%,✅ Equal,10,2,8,27_Recombination events.csv|2552,2552,27_Recombination events.csv,5889,10000,['36'],1000,0.000025,0.005,0.1,5000,50,5894,9976,5894-9976,['36'],"['48', '43', '15', '12', '3', '21', '25']","['22', '41', '28', '6', '16']",5,24,29,99.3,,,,,🎯 Perfect (1/1),56.86,100,1/1,100,1,1,1/1,70,100,,,,,,,,,,,100,,,,,,,,,,,,,,,,,,,,,,1,5889-10000,99.3%,100.0%,0,99.3,,,,,,,,,,100,97.1,0,1,2,0,1,❌ None
52,53,1,100,3,2267,1,✅ Complete Match (1/1),Step 2: Best Match,1,1,1,7,0,6,100.0%,14.3%,✅ Equal,8,2,6,3_Recombination events.csv|2267,2267,3_Recombination events.csv,5766,8088,"['13', '16', '19', '2', '20', '24', '27', '28', '29', '3', '32', '33', '37', '38', '4', '41', '44', '45', '47', '48', '5', '50', '6']",1000,0.000025,0.005,0.1,5000,50,5827,8072,5827-8072,"['13', '19', '32', '50', '6', '38', '45', '5', '20', '28', '27', '29', '2', '33', '44', '48', '16', '37', '3', '4', '41', '47', '24']","['34', '49', '18', '9', '35']","['22', '31', '11', '15', '10', '17', '21', '23', '40', '42']",61,16,77,96.7,,,,,✅ Complete (23/23),56.34,100,23/23,100,23,23,23/23,70,100,,,,,,,,,,,100,,,,,,,,,,,,,,,,,,,,,,1,5766-8088,96.7%,100.0%,0,96.7,,,,,,,,,,91.30434782608695,92.3,0,1,3,0,1,❌ None
53,54,1,100,2,2522,1,Standard_Match,Step 1: Approximate,1,1,1,12,0,11,100.0%,8.3%,✅ Equal,13,2,11,2_Recombination events.csv|2522,2522,2_Recombination events.csv,5175,7323,['9'],1000,0.000025,0.005,0.1,5000,50,5174,7308,5174-7308,['9'],"['38', '43', '42']","['11', '45']",1,15,16,99.30167597765363,2148,537,25,Exact Recombinant Match,,56.86033519553072,,,,,,,70,,,,,,,,,,,,100,,,,,,,,,,,,,,,,,,,,,,1,5175-7323,99.3%,100.0%,0,99.30167597765363,,,,,,,,,,100,98.4,0,1,7,0,1,❌ None
54,55,1,100,11,2508,1,⭐ Excellent Match (1/1),Step 2: Best Match,3,3,4,10,1,7,75.0%,30.0%,✅ Equal,14,6,8,11_Recombination events.csv|2508,2508,11_Recombination events.csv,7449,10000,['34'],1000,0.000025,0.005,0.1,5000,50,7462,9990,7462-9990,['34'],['43'],"['41', '45', '9', '23']",13,10,23,99.1,,,,,🎯 Perfect (1/1),56.82,100,1/1,100,1,1,1/1,70,100,,,,,,,,,,,100,,,,,,,,,,,,,,,,,,,,,,1,7449-10000,99.1%,100.0%,0,99.1,,,,,,,,,,100,97.7,0,1,2,0,1,❌ None
55,56,2,99.9497487437186,66,2347,2,🎯 Perfect Match (1/1),Step 2: Best Match,2,2,2,6,0,4,100.0%,33.3%,✅ Equal,8,4,4,66_Recombination events.csv|2347,2347,66_Recombination events.csv,4470,9936,['45'],1000,0.000025,0.005,0.1,5000,50,4472,9940,4472-9940,['45'],"['15', '46', '5', '32', '19', '26', '28', '8', '24', '37', '3', '38', '2', '23', '7']","['10', '31']",2,4,6,100,,,,,🎯 Perfect (1/1),59,100,1/1,100,1,1,1/1,90,100,,,,,,,,,,,100,,,,,,,,,,,,,,,,,,,,,,2,4470-9936,100.0%,100.0%,0,100,,,,,,,,,,100,99.4,0,1,1,0,2,❌ None
56,57,1,99.94959677419354,32,2437,2,⭐ Excellent Match (1/1),Step 2: Best Match,3,3,3,9,0,6,100.0%,33.3%,✅ Equal,12,6,6,32_Recombination events.csv|2437,2437,32_Recombination events.csv,5814,10000,"['35', '39', '44', '8']",1000,0.000025,0.005,0.1,5000,50,5813,9992,5813-9992,"['44', '39', '35', '8']","['28', '30', '6']","['23', '45', '12']",1,8,9,99.8,,,,,✅ Complete (4/4),58.96,100,4/4,100,4,4,4/4,90,100,,,,,,,,,,,100,,,,,,,,,,,,,,,,,,,,,,2,5814-10000,99.8%,100.0%,0,99.8,,,,,,,,,,50,99.1,0,1,2,0,2,❌ None
57,58,1,99.84984984984985,28,2469,3,✅ Complete Match (1/1),Step 2: Best Match,3,3,3,7,0,4,100.0%,42.9%,✅ Equal,10,6,4,28_Recombination events.csv|2469,2469,28_Recombination events.csv,6267,6387,['34'],1000,0.000025,0.005,0.1,5000,50,6268,6384,6268-6384,['34'],['37'],"['44', '28']",1,3,4,96.7,,,,,🎯 Perfect (1/1),58.34,100,1/1,100,1,1,1/1,90,100,,,,,,,,,,,100,,,,,,,,,,,,,,,,,,,,,,3,6267-6387,96.7%,100.0%,0,96.7,,,,,,,,,,100,99.6,0,1,3,0,3,❌ None
58,59,1,99.84817813765181,89,2478,2,Standard_Match,Step 1: Approximate,7,7,8,12,1,5,87.5%,58.3%,✅ Equal,20,14,6,89_Recombination events.csv|2478,2478,89_Recombination events.csv,4230,10000,['24'],1000,0.000025,0.005,0.1,5000,50,4234,9989,4234-9989,['24'],"['39', '29', '7']","['38', '12', '35']",4,11,15,99.74003466204506,4230,1057.5,25,Exact Recombinant Match,,56.948006932409015,,,,,,,70,,,,,,,,,,,,100,,,,,,,,,,,,,,,,,,,,,,2,4230-10000,99.7%,100.0%,0,99.74003466204506,,,,,,,,,,100,98.5,0,1,7,0,2,❌ None
59,60,1,99.4410569105691,86,2462,1,Standard_Match,Step 1: Approximate,4,4,4,10,0,6,100.0%,40.0%,✅ Equal,14,8,6,86_Recombination events.csv|2462,2462,86_Recombination events.csv,6129,7578,['50'],1000,0.000025,0.005,0.1,5000,50,6137,7559,6137-7559,['50'],['13'],"['27', '29', '8']",8,19,27,98.13664596273291,1449,362.2,25,Exact Recombinant Match,,56.62732919254658,,,,,,,70,,,,,,,,,,,,100,,,,,,,,,,,,,,,,,,,,,,1,6129-7578,98.1%,100.0%,0,98.13664596273291,,,,,,,,,,100,97.3,0,1,7,0,1,❌ None
60,61,1,99.3920972644377,93,2577,1,⭐ Excellent Match (1/1),Step 2: Best Match,2,2,4,10,2,8,50.0%,20.0%,✅ Equal,14,4,10,93_Recombination events.csv|2577,2577,93_Recombination events.csv,6036,10000,"['10', '48']",1000,0.000025,0.005,0.1,5000,50,6054,9993,6054-9993,"['10', '48']",['8'],"['11', '23', '13']",18,7,25,99.4,,,,,✅ Complete (2/2),56.88,100,2/2,100,2,2,2/2,70,100,,,,,,,,,,,100,,,,,,,,,,,,,,,,,,,,,,1,6036-10000,99.4%,100.0%,0,99.4,,,,,,,,,,100,97.5,0,1,2,0,1,❌ None
61,62,1,99.3467336683417,5,1963,3,⭐ Excellent Match (1/1),Step 2: Best Match,4,3,4,10,0,7,100.0%,30.0%,❌ Diff: RDP=4 vs Santa=3,14,7,7,5_Recombination events.csv|1963,1963,5_Recombination events.csv,7500,10000,['5'],1000,0.000025,0.005,0.1,5000,50,7508,9990,7508-9990,['5'],"['34', '32', '39', '1', '6', '49', '10', '38', '45', '14', '46', '28', '17', '18', '2', '9', '42', '33', '44', '48', '12', '26', '16', '37', '30', '23', '40', '3', '31', '36', '4', '15', '41', '47', '24', '21']","['22', '43', '13', '19', '20', '8', '27', '25', '29', '35', '7']",8,10,18,99.3,,,,,🎯 Perfect (1/1),58.86,100,1/1,100,1,1,1/1,90,100,,,,,,,,,,,100,,,,,,,,,,,,,,,,,,,,,,3,7500-10000,99.3%,100.0%,0,99.3,,,,,,,,,,100,98.2,0,1,2,0,3,❌ None
62,63,2,99.2914979757085,6,2422,1,✅ Complete Match (1/1),Step 2: Best Match,2,2,2,8,0,6,100.0%,25.0%,✅ Equal,10,4,6,6_Recombination events.csv|2422,2422,6_Recombination events.csv,8268,10000,['48'],1000,0.000025,0.005,0.1,5000,50,8260,9982,8260-9982,['48'],['43'],"['38', '27', '19', '32']",8,18,26,99,,,,,🎯 Perfect (1/1),56.8,100,1/1,100,1,1,1/1,70,100,,,,,,,,,,,100,,,,,,,,,,,,,,,,,,,,,,1,8268-10000,99.0%,100.0%,0,99,,,,,,,,,,100,97.4,0,1,3,0,1,❌ None
63,64,1,99.28789420142422,75,2410,2,✅ Complete Match (1/1),Step 2: Best Match,2,2,2,5,0,3,100.0%,40.0%,✅ Equal,7,4,3,75_Recombination events.csv|2410,2410,75_Recombination events.csv,3297,6063,['6'],1000,0.000025,0.005,0.1,5000,50,3295,6034,3295-6034,['6'],"['4', '40']","['34', '27', '8']",2,29,31,99,,,,,🎯 Perfect (1/1),56.8,100,1/1,100,1,1,1/1,70,100,,,,,,,,,,,100,,,,,,,,,,,,,,,,,,,,,,2,3297-6063,99.0%,100.0%,0,99,,,,,,,,,,100,96.9,0,1,3,0,2,❌ None
64,65,1,99.16926272066459,13,2463,2,✅ Complete Match (1/1),Step 2: Best Match,2,2,2,5,0,3,100.0%,40.0%,✅ Equal,7,4,3,13_Recombination events.csv|2463,2463,13_Recombination events.csv,1857,10000,"['16', '29', '48', '50', '8']",1000,0.000025,0.005,0.1,5000,50,1886,9976,1886-9976,"['48', '50', '16', '8', '29']","['13', '11', '34', '19', '6', '10', '35', '14', '5', '17', '27', '2', '9', '42', '33', '44', '22', '23', '40', '7', '36', '15', '25']","['4', '46', '12', '26', '20', '32', '28', '47', '24', '38', '30', '21', '3']",29,24,53,99.3,,,,,✅ Complete (5/5),56.86,100,5/5,100,5,5,5/5,70,100,,,,,,,,,,,100,,,,,,,,,,,,,,,,,,,,,,2,1857-10000,99.3%,100.0%,0,99.3,,,,,,,,,,20,94.7,0,1,3,0,2,❌ None
65,66,2,98.99091826437942,22,2541,1,⭐ Excellent Match (1/1),Step 2: Best Match,2,2,2,6,0,4,100.0%,33.3%,✅ Equal,8,4,4,22_Recombination events.csv|2541,2541,22_Recombination events.csv,5745,10000,['7'],1000,0.000025,0.005,0.1,5000,50,5739,9977,5739-9977,['7'],['45'],"['1', '28']",6,23,29,99.5,,,,,🎯 Perfect (1/1),56.900000000000006,100,1/1,100,1,1,1/1,70,100,,,,,,,,,,,100,,,,,,,,,,,,,,,,,,,,,,1,5745-10000,99.5%,100.0%,0,99.5,,,,,,,,,,100,97.1,0,1,2,0,1,❌ None
66,67,2,98.78419452887539,87,2453,1,✅ Complete Match (1/1),Step 2: Best Match,4,3,8,11,4,8,50.0%,27.3%,❌ Diff: RDP=4 vs Santa=3,19,7,12,87_Recombination events.csv|2453,2453,87_Recombination events.csv,7368,10000,"['24', '27']",1000,0.000025,0.005,0.1,5000,50,7369,9964,7369-9964,"['24', '27']",['14'],"['38', '6']",1,36,37,98.6,,,,,✅ Complete (2/2),56.72,100,2/2,100,2,2,2/2,70,100,,,,,,,,,,,100,,,,,,,,,,,,,,,,,,,,,,1,7368-10000,98.6%,100.0%,0,98.6,,,,,,,,,,100,96.3,0,1,3,0,1,❌ None
67,68,1,98.62104187946885,39,2493,2,Standard_Match,Step 1: Approximate,3,3,3,6,0,3,100.0%,50.0%,✅ Equal,9,6,3,39_Recombination events.csv|2493,2493,39_Recombination events.csv,3966,5304,['25'],1000,0.000025,0.005,0.1,5000,50,3926,5312,3926-5312,['25'],"['2', '29', '50', '18']","['27', '12']",40,8,48,100,1338,334.5,25,Exact Recombinant Match,,57,,,,,,,70,,,,,,,,,,,,100,,,,,,,,,,,,,,,,,,,,,,2,3966-5304,100.0%,100.0%,0,100,,,,,,,,,,100,95.2,0,1,7,0,2,❌ None
68,69,2,98.58870967741936,82,2536,1,✅ Complete Match (1/1),Step 2: Best Match,2,2,2,9,0,7,100.0%,22.2%,✅ Equal,11,4,7,82_Recombination events.csv|2536,2536,82_Recombination events.csv,777,7365,['5'],1000,0.000025,0.005,0.1,5000,50,792,7344,792-7344,['5'],"['44', '4']","['37', '14']",15,21,36,99.5,,,,,🎯 Perfect (1/1),56.900000000000006,100,1/1,100,1,1,1/1,70,100,,,,,,,,,,,100,,,,,,,,,,,,,,,,,,,,,,1,777-7365,99.5%,100.0%,0,99.5,,,,,,,,,,100,96.4,0,1,3,0,1,❌ None
69,70,1,98.5522233712513,30,2479,2,✅ Complete Match (1/1),Step 2: Best Match,2,2,2,4,0,2,100.0%,50.0%,✅ Equal,6,4,2,30_Recombination events.csv|2479,2479,30_Recombination events.csv,2442,10000,['11'],1000,0.000025,0.005,0.1,5000,50,2465,9962,2465-9962,['11'],['35'],"['40', '28']",23,38,61,99.2,,,,,🎯 Perfect (1/1),56.84,100,1/1,100,1,1,1/1,70,100,,,,,,,,,,,100,,,,,,,,,,,,,,,,,,,,,,2,2442-10000,99.2%,100.0%,0,99.2,,,,,,,,,,100,93.9,0,1,3,0,2,❌ None
70,71,2,98.44689378757515,14,2553,2,Standard_Match,Step 1: Approximate,2,2,2,6,0,4,100.0%,33.3%,✅ Equal,8,4,4,14_Recombination events.csv|2553,2553,14_Recombination events.csv,3561,8592,['39'],1000,0.000025,0.005,0.1,5000,50,3572,8570,3572-8570,['39'],['45'],"['24', '4']",11,22,33,99.34406678592725,4969,1242.2,25,Exact Recombinant Match,,56.86881335718545,,,,,,,70,,,,,,,,,,,,100,,,,,,,,,,,,,,,,,,,,,,2,3561-8592,99.3%,100.0%,0,99.34406678592725,,,,,,,,,,100,96.7,0,1,7,0,2,❌ None
71,72,2,98.42958459979735,62,2437,2,Standard_Match,Step 1: Approximate,2,2,2,5,0,3,100.0%,40.0%,✅ Equal,7,4,3,62_Recombination events.csv|2437,2437,62_Recombination events.csv,1134,4140,['3'],1000,0.000025,0.005,0.1,5000,50,1120,4170,1120-4170,['3'],"['48', '11', '50', '49', '38']",['46'],14,30,44,100,3006,751.5,25,Exact Recombinant Match,,57,,,,,,,70,,,,,,,,,,,,100,,,,,,,,,,,,,,,,,,,,,,2,1134-4140,100.0%,100.0%,0,100,,,,,,,,,,100,95.6,0,1,7,0,2,❌ None
72,73,2,98.3971044467425,70,2463,2,Standard_Match,Step 1: Approximate,2,2,2,3,0,1,100.0%,66.7%,✅ Equal,5,4,1,70_Recombination events.csv|2463,2463,70_Recombination events.csv,6213,9252,['14'],1000,0.000025,0.005,0.1,5000,50,6193,9296,6193-9296,['14'],"['34', '1', '50', '37', '30', '45']","['5', '32', '47', '6', '49', '24']",20,44,64,100,3039,759.8,25,Exact Recombinant Match,,57,,,,,,,70,,,,,,,,,,,,100,,,,,,,,,,,,,,,,,,,,,,2,6213-9252,100.0%,100.0%,0,100,,,,,,,,,,100,93.6,0,1,7,0,2,❌ None
73,74,1,98.2982982982983,15,2408,2,✅ Complete Match (1/1),Step 2: Best Match,2,2,2,7,0,5,100.0%,28.6%,✅ Equal,9,4,5,15_Recombination events.csv|2408,2408,15_Recombination events.csv,330,10000,"['1', '19', '38', '45']",1000,0.000025,0.005,0.1,5000,50,324,9971,324-9971,"['38', '45', '19', '1']","['32', '26']","['22', '11', '39', '20', '8', '30', '9', '23', '3']",6,29,35,99.7,,,,,✅ Complete (4/4),56.94,100,4/4,100,4,4,4/4,70,100,,,,,,,,,,,100,,,,,,,,,,,,,,,,,,,,,,2,330-10000,99.7%,100.0%,0,99.7,,,,,,,,,,25,96.5,0,1,3,0,2,❌ None
74,75,2,98.0263157894737,89,2407,5,Standard_Match,Step 1: Approximate,7,7,8,12,1,5,87.5%,58.3%,✅ Equal,20,14,6,89_Recombination events.csv|2407,2407,89_Recombination events.csv,7770,10000,['4'],1000,0.000025,0.005,0.1,5000,50,7814,9993,7814-9993,['4'],"['39', '29', '7']","['43', '11', '32', '1', '6', '10', '45', '46', '5', '20', '28', '17', '27', '18', '2', '9', '37', '30', '31', '3', '41', '47', '25']",44,7,51,97.71300448430493,2230,557.5,25,Exact Recombinant Match,,56.54260089686099,,,,,,,70,,,,,,,,,,,,100,,,,,,,,,,,,,,,,,,,,,,5,7770-10000,97.7%,100.0%,0,97.71300448430493,,,,,,,,,,100,94.9,0,1,7,0,5,❌ None
75,76,1,97.99196787148594,65,2457,3,Standard_Match,Step 1: Approximate,4,4,4,14,0,10,100.0%,28.6%,✅ Equal,18,8,10,65_Recombination events.csv|2457,2457,65_Recombination events.csv,102,5019,['26'],1000,0.000025,0.005,0.1,5000,50,136,5029,136-5029,['26'],['18'],"['46', '41', '8']",34,10,44,99.30852145617246,4917,1229.2,25,Exact Recombinant Match,,56.86170429123449,,,,,,,70,,,,,,,,,,,,100,,,,,,,,,,,,,,,,,,,,,,3,102-5019,99.3%,100.0%,0,99.30852145617246,,,,,,,,,,100,95.6,0,1,7,0,3,❌ None
76,77,3,97.97365754812563,87,2432,2,✅ Complete Match (1/1),Step 2: Best Match,4,3,8,11,4,8,50.0%,27.3%,❌ Diff: RDP=4 vs Santa=3,19,7,12,87_Recombination events.csv|2432,2432,87_Recombination events.csv,6345,8532,['8'],1000,0.000025,0.005,0.1,5000,50,6346,8480,6346-8480,['8'],['40'],"['17', '1', '49']",1,52,53,97.6,,,,,🎯 Perfect (1/1),56.519999999999996,100,1/1,100,1,1,1/1,70,100,,,,,,,,,,,100,,,,,,,,,,,,,,,,,,,,,,2,6345-8532,97.6%,100.0%,0,97.6,,,,,,,,,,100,94.7,0,1,3,0,2,❌ None
77,78,3,97.77327935222672,89,2487,4,Standard_Match,Step 1: Approximate,7,7,8,12,1,5,87.5%,58.3%,✅ Equal,20,14,6,89_Recombination events.csv|2487,2487,89_Recombination events.csv,8559,10000,['13'],1000,0.000025,0.005,0.1,5000,50,8539,9964,8539-9964,['13'],"['15', '8']",['49'],20,36,56,97.50173490631506,1441,360.2,25,Exact Recombinant Match,,56.500346981263014,,,,,,,70,,,,,,,,,,,,100,,,,,,,,,,,,,,,,,,,,,,4,8559-10000,97.5%,100.0%,0,97.50173490631506,,,,,,,,,,100,94.4,0,1,7,0,4,❌ None
78,79,2,97.5359342915811,42,2491,2,✅ Complete Match (1/1),Step 2: Best Match,2,2,2,11,0,9,100.0%,18.2%,✅ Equal,13,4,9,42_Recombination events.csv|2491,2491,42_Recombination events.csv,6390,10000,['9'],1000,0.000025,0.005,0.1,5000,50,6440,9976,6440-9976,['9'],['13'],"['14', '5', '20', '6', '37', '25', '7']",50,24,74,98,,,,,🎯 Perfect (1/1),56.6,100,1/1,100,1,1,1/1,70,100,,,,,,,,,,,100,,,,,,,,,,,,,,,,,,,,,,2,6390-10000,98.0%,100.0%,0,98,,,,,,,,,,100,92.6,0,1,3,0,2,❌ None
79,80,2,97.45158002038735,51,2525,4,✅ Complete Match (1/1),Step 2: Best Match,4,4,4,8,0,4,100.0%,50.0%,✅ Equal,12,8,4,51_Recombination events.csv|2525,2525,51_Recombination events.csv,7986,10000,['4'],1000,0.000025,0.005,0.1,5000,50,7940,9977,7940-9977,['4'],['20'],"['22', '43', '11', '15', '41', '39', '1', '42', '47', '38', '37', '40', '25']",46,23,69,98.9,,,,,🎯 Perfect (1/1),56.78,100,1/1,100,1,1,1/1,70,100,,,,,,,,,,,100,,,,,,,,,,,,,,,,,,,,,,4,7986-10000,98.9%,100.0%,0,98.9,,,,,,,,,,100,93.1,0,1,3,0,4,❌ None
80,81,1,97.4216380182002,16,2303,1,✅ Complete Match (1/1),Step 2: Best Match,3,3,4,9,1,6,75.0%,33.3%,✅ Equal,13,6,7,16_Recombination events.csv|2303,2303,16_Recombination events.csv,1860,4341,"['12', '14', '15', '28', '31', '32', '34', '9']",1000,0.000025,0.005,0.1,5000,50,1917,4346,1917-4346,"['14', '15', '34', '12', '32', '28', '9', '31']","['5', '18', '25']","['17', '13']",57,5,62,97.7,,,,,✅ Complete (8/8),56.540000000000006,100,8/8,100,8,8,8/8,70,100,,,,,,,,,,,100,,,,,,,,,,,,,,,,,,,,,,1,1860-4341,97.7%,100.0%,0,97.7,,,,,,,,,,50,93.8,0,1,3,0,1,❌ None
81,82,1,97.33935742971887,17,2444,2,Standard_Match,Step 1: Approximate,2,2,2,14,0,12,100.0%,14.3%,✅ Equal,16,4,12,17_Recombination events.csv|2444,2444,17_Recombination events.csv,5925,10000,['3'],1000,0.000025,0.005,0.1,5000,50,5926,9944,5926-9944,['3'],"['46', '12']","['5', '20', '49', '35', '7']",1,56,57,98.60122699386503,4075,1018.8,25,Exact Recombinant Match,,56.720245398773,,,,,,,70,,,,,,,,,,,,100,,,,,,,,,,,,,,,,,,,,,,2,5925-10000,98.6%,100.0%,0,98.60122699386503,,,,,,,,,,100,94.3,0,1,7,0,2,❌ None
82,83,1,96.95740365111561,57,2486,3,✅ Complete Match (1/1),Step 2: Best Match,3,3,3,8,0,5,100.0%,37.5%,✅ Equal,11,6,5,57_Recombination events.csv|2486,2486,57_Recombination events.csv,2175,10000,['7'],1000,0.000025,0.005,0.1,5000,50,2183,9934,2183-9934,['7'],"['43', '11', '8', '38', '37', '35']","['26', '4']",8,66,74,99.1,,,,,🎯 Perfect (1/1),56.82,100,1/1,100,1,1,1/1,70,100,,,,,,,,,,,100,,,,,,,,,,,,,,,,,,,,,,3,2175-10000,99.1%,100.0%,0,99.1,,,,,,,,,,100,92.6,0,1,3,0,3,❌ None
83,84,2,96.65653495440729,36,2447,2,Standard_Match,Step 1: Approximate,4,4,4,7,0,3,100.0%,57.1%,✅ Equal,11,8,3,36_Recombination events.csv|2447,2447,36_Recombination events.csv,7881,10000,['33'],1000,0.000025,0.005,0.1,5000,50,7842,9960,7842-9960,['33'],"['36', '43', '11', '38', '45', '9', '35']","['4', '41', '19', '39', '23', '42']",39,40,79,98.11231713072203,2119,529.8,25,Exact Recombinant Match,,56.62246342614441,,,,,,,70,,,,,,,,,,,,100,,,,,,,,,,,,,,,,,,,,,,2,7881-10000,98.1%,100.0%,0,98.11231713072203,,,,,,,,,,100,92.1,0,1,7,0,2,❌ None
84,85,2,96.64948453608247,80,2443,2,Standard_Match,Step 1: Approximate,3,3,3,8,0,5,100.0%,37.5%,✅ Equal,11,6,5,80_Recombination events.csv|2443,2443,80_Recombination events.csv,8889,10000,"['32', '49']",1000,0.000025,0.005,0.1,5000,50,8886,9908,8886-9908,"['32', '49']","['39', '20', '43']","['36', '22', '13', '34', '46', '26', '38', '17', '18', '30', '23', '35', '7']",3,92,95,91.71917191719172,1111,277.8,25,Exact Recombinant Match,,55.34383438343835,,,,,,,70,,,,,,,,,,,,100,,,,,,,,,,,,,,,,,,,,,,2,8889-10000,91.7%,100.0%,0,91.71917191719172,,,,,,,,,,100,90.5,0,1,7,0,2,❌ None
85,86,2,96.00818833162742,11,2513,3,✅ Complete Match (1/1),Step 2: Best Match,3,3,4,10,1,7,75.0%,30.0%,✅ Equal,14,6,8,11_Recombination events.csv|2513,2513,11_Recombination events.csv,1674,10000,['18'],1000,0.000025,0.005,0.1,5000,50,1699,9924,1699-9924,['18'],"['38', '37', '15']","['22', '1']",25,76,101,98.8,,,,,🎯 Perfect (1/1),56.760000000000005,100,1/1,100,1,1,1/1,70,100,,,,,,,,,,,100,,,,,,,,,,,,,,,,,,,,,,3,1674-10000,98.8%,100.0%,0,98.8,,,,,,,,,,100,89.9,0,1,3,0,3,❌ None
86,87,3,95.8966565349544,36,2440,4,Standard_Match,Step 1: Approximate,4,4,4,7,0,3,100.0%,57.1%,✅ Equal,11,8,3,36_Recombination events.csv|2440,2440,36_Recombination events.csv,6027,10000,"['21', '25']",1000,0.000025,0.005,0.1,5000,50,6074,9953,6074-9953,"['21', '25']","['36', '44', '43', '11', '38', '2', '40', '45', '9', '35']","['32', '22']",47,47,94,97.63402970047824,3973,993.2,25,Exact Recombinant Match,,56.52680594009565,,,,,,,70,,,,,,,,,,,,100,,,,,,,,,,,,,,,,,,,,,,4,6027-10000,97.6%,100.0%,0,97.63402970047824,,,,,,,,,,100,90.6,0,1,7,0,4,❌ None
87,88,1,95.34518828451883,23,2401,1,✅ Complete Match (1/1),Step 2: Best Match,2,2,2,4,0,2,100.0%,50.0%,✅ Equal,6,4,2,23_Recombination events.csv|2401,2401,23_Recombination events.csv,3351,10000,"['20', '35']",1000,0.000025,0.005,0.1,5000,50,3450,9966,3450-9966,"['20', '35']","['34', '41', '33', '9']","['19', '47', '42']",99,34,133,98,,,,,✅ Complete (2/2),56.6,100,2/2,100,2,2,2/2,70,100,,,,,,,,,,,100,,,,,,,,,,,,,,,,,,,,,,1,3351-10000,98.0%,100.0%,0,98,,,,,,,,,,100,86.7,0,1,3,0,1,❌ None
88,89,1,93.33333333333334,91,2315,2,✅ Complete Match (1/1),Step 2: Best Match,3,3,3,13,0,10,100.0%,23.1%,✅ Equal,16,6,10,91_Recombination events.csv|2315,2315,91_Recombination events.csv,9123,10000,"['1', '11', '14', '16', '21', '25', '3', '30', '31', '40', '42', '47', '48', '6', '7']",1000,0.000025,0.005,0.1,5000,50,9122,9950,9122-9950,"['14', '48', '31', '11', '1', '6', '16', '42', '47', '3', '25', '30', '21', '40', '7']","['24', '17', '45', '9']",['46'],1,50,51,94.3,,,,,✅ Complete (15/15),55.86,100,15/15,100,15,15,15/15,70,100,,,,,,,,,,,100,,,,,,,,,,,,,,,,,,,,,,2,9123-10000,94.3%,100.0%,0,94.3,,,,,,,,,,86.66666666666667,94.9,0,1,3,0,2,❌ None
89,90,1,93.32638164754952,92,2265,2,✅ Complete Match (1/1),Step 2: Best Match,2,2,2,7,0,5,100.0%,28.6%,✅ Equal,9,4,5,92_Recombination events.csv|2265,2265,92_Recombination events.csv,2139,10000,"['21', '26', '27', '37']",1000,0.000025,0.005,0.1,5000,50,2244,9936,2244-9936,"['21', '27', '26', '37']","['10', '14', '18', '13']","['43', '11', '34', '19', '32', '1', '6', '39', '38', '49', '50', '45', '35', '46', '5', '20', '28', '17', '29', '2', '9', '42', '33', '44', '22', '48', '12', '16', '8', '30', '23', '40', '7', '3', '31', '36', '4', '15', '41', '47', '24', '25']",105,64,169,97.9,,,,,✅ Complete (4/4),54.58,100,4/4,100,4,4,4/4,50,100,,,,,,,,,,,100,,,,,,,,,,,,,,,,,,,,,,2,2139-10000,97.9%,100.0%,0,97.9,,,,,,,,,,100,83.1,0,1,3,0,2,❌ None
90,91,2,92.85714285714286,93,2253,2,✅ Complete Match (1/1),Step 2: Best Match,2,2,4,10,2,8,50.0%,20.0%,✅ Equal,14,4,10,93_Recombination events.csv|2253,2253,93_Recombination events.csv,8646,9285,"['10', '16', '20', '22', '25', '28', '29', '3', '30', '34', '36', '37', '39', '40', '41', '44', '47', '48', '49', '5', '50', '6', '8']",1000,0.000025,0.005,0.1,5000,50,8656,9282,8656-9282,"['34', '39', '50', '6', '49', '5', '20', '28', '29', '44', '22', '16', '8', '37', '30', '40', '3', '36', '41', '47', '25']","['43', '12', '26', '24', '27', '18', '45', '35', '42']","['13', '11', '19', '32', '1', '10', '38', '14', '46', '17', '2', '9', '33', '48', '23', '31', '7', '4', '15', '21']",10,3,13,98,,,,,✅ Complete (21/21),58.6,91.3,21/21,100,23,21,21/21,90,100,,,,,,,,,,,100,,,,,,,,,,,,,,,,,,,,,,2,8646-9285,98.0%,100.0%,0,98,,,,,,,,,,85.71428571428571,98.7,0,1,3,0,2,❌ None
91,92,2,91.66666666666667,38,2280,2,✅ Complete Match (1/1),Step 2: Best Match,2,2,2,3,0,1,100.0%,66.7%,✅ Equal,5,4,1,38_Recombination events.csv|2280,2280,38_Recombination events.csv,9693,10000,"['13', '30', '35', '4']",1000,0.000025,0.005,0.1,5000,50,9700,9990,9700-9990,"['4', '30', '35', '13']","['44', '31', '43', '11', '7', '1', '6', '16', '23', '3']","['34', '49', '10', '38', '45', '14', '5', '20', '28', '17', '27', '2', '9', '42', '33', '22', '48', '8', '40', '41', '47', '24', '21', '25']",7,10,17,94.5,,,,,✅ Complete (4/4),57.900000000000006,100,4/4,100,4,4,4/4,90,100,,,,,,,,,,,100,,,,,,,,,,,,,,,,,,,,,,2,9693-10000,94.5%,100.0%,0,94.5,,,,,,,,,,50,98.3,0,1,3,0,2,❌ None
92,93,4,91.54858299595142,89,2423,7,✅ Complete Match (1/1),Step 2: Best Match,7,7,8,12,1,5,87.5%,58.3%,✅ Equal,20,14,6,89_Recombination events.csv|2423,2423,89_Recombination events.csv,2643,3876,['4'],1000,0.000025,0.005,0.1,5000,50,2806,3892,2806-3892,['4'],"['19', '22', '49', '13']","['34', '5', '48']",163,16,179,86.8,,,,,🎯 Perfect (1/1),52.36,100,1/1,100,1,1,1/1,50,96.4,,,,,,,,,,,100,,,,,,,,,,,,,,,,,,,,,,7,2643-3876,86.8%,100.0%,0,86.8,,,,,,,,,,100,82.1,0,1,3,0,7,❌ None
93,94,3,90.88128996385876,51,2133,1,✅ Complete Match (1/1),Step 2: Best Match,4,4,4,8,0,4,100.0%,50.0%,✅ Equal,12,8,4,51_Recombination events.csv|2133,2133,51_Recombination events.csv,4041,10000,"['1', '10', '11', '13', '14', '15', '17', '2', '20', '21', '22', '23', '24', '25', '27', '3', '33', '34', '35', '36', '37', '38', '39', '4', '40', '41', '42', '43', '45', '46', '47', '48', '49', '5', '50', '6', '7', '9']",1000,0.000025,0.005,0.1,5000,50,3984,9978,3984-9978,"['43', '13', '11', '34', '39', '1', '49', '6', '10', '38', '50', '45', '14', '46', '5', '20', '27', '9', '42', '33', '22', '48', '37', '40', '7', '3', '36', '4', '15', '41', '47', '21', '25']","['30', '31']","['44', '12', '19', '26', '32', '16', '8', '28', '18', '29', '2']",57,22,79,99.6,,,,,✅ Complete (33/33),56.92,86.8,33/33,100,38,33,33/33,70,100,,,,,,,,,,,100,,,,,,,,,,,,,,,,,,,,,,1,4041-10000,99.6%,100.0%,0,99.6,,,,,,,,,,87.87878787878788,92.1,0,1,3,0,1,❌ None
94,95,2,90.47619047619048,17,2266,1,🎯 Perfect Match (1/1),Step 2: Best Match,2,2,2,14,0,12,100.0%,14.3%,✅ Equal,16,4,12,17_Recombination events.csv|2266,2266,17_Recombination events.csv,1476,7407,"['10', '13', '17', '2', '24', '25', '26', '27', '29', '31', '36', '37', '39', '4', '40', '41', '43', '44', '6', '8', '9']",1000,0.000025,0.005,0.1,5000,50,1474,7405,1474-7405,"['43', '13', '39', '6', '10', '17', '27', '29', '2', '9', '44', '26', '8', '37', '40', '31', '36', '4', '41', '24', '25']","['33', '22', '11', '19', '32', '47', '16', '28', '30', '45', '23']","['14', '48', '15', '34', '12', '46', '50', '38', '18', '21', '42']",2,2,4,100,,,,,✅ Complete (21/21),59,100,21/21,100,21,21,21/21,90,100,,,,,,,,,,,100,,,,,,,,,,,,,,,,,,,,,,1,1476-7407,100.0%,100.0%,0,100,,,,,,,,,,80.95238095238095,99.6,0,1,1,0,1,❌ None
95,96,2,89.77963699538243,18,2343,2,✅ Complete Match (1/1),Step 2: Best Match,2,2,2,5,0,3,100.0%,40.0%,✅ Equal,7,4,3,18_Recombination events.csv|2343,2343,18_Recombination events.csv,1797,5073,"['1', '12', '14', '15', '16', '18', '2', '21', '23', '24', '26', '27', '28', '3', '30', '31', '36', '37', '4', '40', '42', '43', '44', '49']",1000,0.000025,0.005,0.1,5000,50,1736,5056,1736-5056,"['43', '1', '49', '14', '28', '27', '18', '2', '42', '44', '12', '26', '16', '37', '23', '40', '31', '3', '36', '4', '15', '24', '21']","['22', '48', '11', '34', '5', '19', '32', '41', '46', '8', '10', '17', '45', '9', '35', '7']","['13', '47', '6', '50', '38', '29', '25']",61,17,78,99.5,,,,,✅ Complete (23/23),56.900000000000006,95.8,23/23,100,24,23,23/23,70,100,,,,,,,,,,,100,,,,,,,,,,,,,,,,,,,,,,2,1797-5073,99.5%,100.0%,0,99.5,,,,,,,,,,82.6086956521739,92.2,0,1,3,0,2,❌ None
96,97,2,89.22520661157026,61,2210,2,✅ Complete Match (1/1),Step 2: Best Match,3,3,3,4,0,1,100.0%,75.0%,✅ Equal,7,6,1,61_Recombination events.csv|2210,2210,61_Recombination events.csv,7917,9900,"['10', '15', '16', '17', '22', '23', '25', '27', '3', '34', '35', '36', '38', '39', '41', '42', '45', '47', '50', '9']",1000,0.000025,0.005,0.1,5000,50,7872,9902,7872-9902,"['34', '39', '50', '10', '38', '45', '35', '17', '27', '9', '42', '22', '16', '23', '3', '36', '15', '41', '47', '25']",['2'],"['44', '14', '48', '11', '46', '12', '1', '6', '24', '37', '29']",45,2,47,100,,,,,✅ Complete (20/20),57,100,20/20,100,20,20,20/20,70,100,,,,,,,,,,,100,,,,,,,,,,,,,,,,,,,,,,2,7917-9900,100.0%,100.0%,0,100,,,,,,,,,,80,95.3,0,1,3,0,2,❌ None
97,98,3,88.68227731864096,61,2178,1,⭐ Excellent Match (1/1),Step 2: Best Match,3,3,3,4,0,1,100.0%,75.0%,✅ Equal,7,6,1,61_Recombination events.csv|2178,2178,61_Recombination events.csv,3705,10000,"['18', '19', '28', '30', '31', '32', '49', '5', '7']",1000,0.000025,0.005,0.1,5000,50,3705,9964,3705-9964,"['31', '5', '19', '32', '28', '49', '18', '30', '7']","['33', '44', '14', '48', '11', '46', '12', '1', '50', '6', '8', '24', '37', '29', '40']","['4', '43', '13', '26', '20', '21']",0,36,36,99.4,,,,,✅ Complete (9/9),56.88,100,9/9,100,9,9,9/9,70,100,,,,,,,,,,,100,,,,,,,,,,,,,,,,,,,,,,1,3705-10000,99.4%,100.0%,0,99.4,,,,,,,,,,77.77777777777779,96.4,0,1,2,0,1,❌ None
98,99,1,87.61329305135952,20,2438,5,Standard_Match,Step 1: Approximate,3,3,5,12,2,9,60.0%,25.0%,✅ Equal,17,6,11,20_Recombination events.csv|2438,2438,20_Recombination events.csv,2499,3606,"['10', '36']",1000,0.000025,0.005,0.1,5000,50,2588,3770,2588-3770,"['10', '36']",['31'],"['15', '43']",89,164,253,91.9602529358627,1107,276.8,25,Exact Recombinant Match,,53.39205058717254,,,,,,,50,,,,,,,,,,,,100,,,,,,,,,,,,,,,,,,,,,,5,2499-3606,92.0%,100.0%,0,91.9602529358627,,,,,,,,,,100,74.7,0,1,7,0,5,❌ None
99,100,2,83.33333333333333,16,2435,2,⭐ Excellent Match (1/1),Step 2: Best Match,3,3,4,9,1,6,75.0%,33.3%,✅ Equal,13,6,7,16_Recombination events.csv|2435,2435,16_Recombination events.csv,3306,10000,"['23', '41', '43']",1000,0.000025,0.005,0.1,5000,50,3305,9990,3305-9990,"['41', '23', '43']","['27', '22', '8', '3']","['17', '13']",1,10,11,99.9,,,,,✅ Complete (3/3),58.980000000000004,100,3/3,100,3,3,3/3,90,100,,,,,,,,,,,100,,,,,,,,,,,,,,,,,,,,,,2,3306-10000,99.9%,100.0%,0,99.9,,,,,,,,,,33.33333333333333,98.9,0,1,2,0,2,❌ None
100,101,2,83.23097918799044,96,2465,2,✅ Complete Match (1/1),Step 2: Best Match,3,3,3,7,0,4,100.0%,42.9%,✅ Equal,10,6,4,96_Recombination events.csv|2465,2465,96_Recombination events.csv,6870,8397,"['10', '26', '29', '37', '6', '7']",1000,0.000025,0.005,0.1,5000,50,6874,8376,6874-8376,"['26', '6', '10', '37', '29', '7']","['19', '17', '32', '43']","['13', '39', '1', '49', '50', '38', '45', '35', '14', '5', '20', '27', '18', '2', '9', '42', '33', '44', '48', '12', '16', '8', '30', '40', '31', '3', '4', '47', '24', '21']",4,21,25,98.4,,,,,✅ Complete (6/6),56.68000000000001,100,6/6,100,6,6,6/6,70,100,,,,,,,,,,,100,,,,,,,,,,,,,,,,,,,,,,2,6870-8397,98.4%,100.0%,0,98.4,,,,,,,,,,66.66666666666666,97.5,0,1,3,0,2,❌ None
101,102,2,80.28455284552845,86,2339,3,✅ Complete Match (1/1),Step 2: Best Match,4,4,4,10,0,6,100.0%,40.0%,✅ Equal,14,8,6,86_Recombination events.csv|2339,2339,86_Recombination events.csv,1875,3114,"['13', '18', '19', '20', '30', '32', '4', '45', '50']",1000,0.000025,0.005,0.1,5000,50,1904,3120,1904-3120,"['4', '13', '19', '20', '32', '18', '30', '45']","['44', '14', '43', '46', '12', '39', '21', '24', '37', '2', '9', '23', '40', '3']","['36', '48', '34', '41', '1', '6', '38', '17', '25', '7']",29,6,35,97.7,,,,,✅ Complete (8/8),56.540000000000006,88.9,8/8,100,9,8,8/8,70,100,,,,,,,,,,,100,,,,,,,,,,,,,,,,,,,,,,3,1875-3114,97.7%,100.0%,0,97.7,,,,,,,,,,62.5,96.5,0,1,3,0,3,❌ None
102,103,2,80.21462105969147,69,2477,2,✅ Complete Match (1/1),Step 2: Best Match,2,2,2,7,0,5,100.0%,28.6%,✅ Equal,9,4,5,69_Recombination events.csv|2477,2477,69_Recombination events.csv,1347,10000,"['1', '25', '3', '31', '37', '47']",1000,0.000025,0.005,0.1,5000,50,1357,9942,1357-9942,"['31', '1', '47', '37', '3', '25']","['24', '9']","['15', '30']",10,58,68,99.2,,,,,✅ Complete (6/6),56.84,100,6/6,100,6,6,6/6,70,100,,,,,,,,,,,100,,,,,,,,,,,,,,,,,,,,,,2,1347-10000,99.2%,100.0%,0,99.2,,,,,,,,,,33.33333333333333,93.2,0,1,3,0,2,❌ None
103,104,2,80.21148036253776,20,2441,1,✅ Complete Match (1/1),Step 2: Best Match,3,3,5,12,2,9,60.0%,25.0%,✅ Equal,17,6,11,20_Recombination events.csv|2441,2441,20_Recombination events.csv,1758,4077,"['13', '29', '40', '49', '5', '9']",1000,0.000025,0.005,0.1,5000,50,1758,4146,1758-4146,"['13', '5', '49', '29', '9', '40']","['16', '6']",['2'],0,69,69,100,,,,,✅ Complete (6/6),57,100,6/6,100,6,6,6/6,70,100,,,,,,,,,,,100,,,,,,,,,,,,,,,,,,,,,,1,1758-4077,100.0%,100.0%,0,100,,,,,,,,,,66.66666666666666,93.1,0,1,3,0,1,❌ None
104,105,1,78.57142857142857,59,2564,1,✅ Complete Match (1/1),Step 2: Best Match,2,2,2,7,0,5,100.0%,28.6%,✅ Equal,9,4,5,59_Recombination events.csv|2564,2564,59_Recombination events.csv,6093,10000,"['21', '26', '31', '37', '39', '4', '43', '46']",1000,0.000025,0.005,0.1,5000,50,6110,9950,6110-9950,"['4', '43', '46', '39', '26', '37', '21', '31']","['10', '19']","['36', '14', '22', '32', '20', '42', '49', '8', '16', '50', '3', '25', '18', '30', '45', '7']",17,50,67,98.3,,,,,✅ Complete (8/8),56.66,100,8/8,100,8,8,8/8,70,100,,,,,,,,,,,100,,,,,,,,,,,,,,,,,,,,,,1,6093-10000,98.3%,100.0%,0,98.3,,,,,,,,,,50,93.3,0,1,3,0,1,❌ None
105,106,3,77.97438490057296,16,1968,4,✅ Complete Match (1/1),Step 2: Best Match,3,3,4,9,1,6,75.0%,33.3%,✅ Equal,13,6,7,16_Recombination events.csv|1968,1968,16_Recombination events.csv,3945,10000,"['12', '14', '15', '18', '25', '28', '31', '32', '34', '5', '9']",1000,0.000025,0.005,0.1,5000,50,3962,9900,3962-9900,"['5', '18', '25']","['4', '19', '20', '1', '39', '49', '38', '50', '45']","['17', '13']",17,100,117,98.1,,,,,✅ Complete (3/3),56.620000000000005,27.3,3/3,100,11,3,3/3,70,100,,,,,,,,,,,100,,,,,,,,,,,,,,,,,,,,,,4,3945-10000,98.1%,100.0%,0,98.1,,,,,,,,,,33.33333333333333,88.3,0,1,3,0,4,❌ None
106,107,2,77.77777777777777,92,2368,1,⭐ Excellent Match (1/1),Step 2: Best Match,2,2,2,7,0,5,100.0%,28.6%,✅ Equal,9,4,5,92_Recombination events.csv|2368,2368,92_Recombination events.csv,2850,7413,"['11', '15', '17', '29', '31', '34', '4', '41', '45']",1000,0.000025,0.005,0.1,5000,50,2814,7408,2814-7408,"['4', '11', '41', '15', '34', '17', '29', '45', '31']","['10', '14', '18', '13']","['33', '36', '44', '43', '46', '7', '20', '1', '28', '47', '38', '25', '30', '9', '3']",36,5,41,99.9,,,,,✅ Complete (9/9),56.980000000000004,100,9/9,100,9,9,9/9,70,100,,,,,,,,,,,100,,,,,,,,,,,,,,,,,,,,,,1,2850-7413,99.9%,100.0%,0,99.9,,,,,,,,,,55.55555555555556,95.9,0,1,2,0,1,❌ None
107,108,2,77.62687234518219,60,2307,2,⭐ Excellent Match (1/1),Step 2: Best Match,4,4,4,7,0,3,100.0%,57.1%,✅ Equal,11,8,3,60_Recombination events.csv|2307,2307,60_Recombination events.csv,4449,5952,"['12', '18', '22', '24', '25', '27', '33', '45', '46']",1000,0.000025,0.005,0.1,5000,50,4446,5946,4446-5946,"['33', '22', '46', '12', '24', '27', '18', '45', '25']","['43', '11', '34', '19', '39', '1', '6', '49', '10', '50', '35', '14', '20', '28', '17', '29', '2', '9', '44', '48', '26', '16', '30', '23', '40', '7', '3', '31', '36', '4', '15', '47', '21']","['13', '41', '32', '8', '37', '42']",3,6,9,99.6,,,,,✅ Complete (9/9),58.92,100,9/9,100,9,9,9/9,90,100,,,,,,,,,,,100,,,,,,,,,,,,,,,,,,,,,,2,4449-5952,99.6%,100.0%,0,99.6,,,,,,,,,,55.55555555555556,99.1,0,1,2,0,2,❌ None
108,109,3,76.23983739837398,86,2240,4,✅ Complete Match (1/1),Step 2: Best Match,4,4,4,10,0,6,100.0%,40.0%,✅ Equal,14,8,6,86_Recombination events.csv|2240,2240,86_Recombination events.csv,6249,7203,"['11', '17', '27', '28', '29', '38', '50', '8']",1000,0.000025,0.005,0.1,5000,50,6320,7184,6320-7184,"['11', '28', '8', '27', '29']","['33', '44', '14', '43', '15', '46', '12', '39', '42', '16', '21', '24', '37', '2', '9', '23', '40', '3']","['36', '4', '48', '13', '34', '41', '19', '20', '1', '6', '32', '25', '18', '30', '45', '7']",71,19,90,90.6,,,,,✅ Complete (5/5),55.120000000000005,62.5,5/5,100,8,5,5/5,70,100,,,,,,,,,,,100,,,,,,,,,,,,,,,,,,,,,,4,6249-7203,90.6%,100.0%,0,90.6,,,,,,,,,,60,91,0,1,3,0,4,❌ None
109,110,2,75.35496957403652,33,2479,4,Standard_Match,Step 1: Approximate,4,4,4,10,0,6,100.0%,40.0%,✅ Equal,14,8,6,33_Recombination events.csv|2479,2479,33_Recombination events.csv,3717,10000,['36'],1000,0.000025,0.005,0.1,5000,50,3719,9502,3719-9502,['36'],['13'],"['22', '6']",2,498,500,92.04201814419864,3717,929.2,25,Exact Recombinant Match,,53.40840362883973,,,,,,,50,,,,,,,,,,,,100,,,,,,,,,,,,,,,,,,,,,,4,3717-10000,92.0%,100.0%,0,92.04201814419864,,,,,,,,,,100,50,0,1,7,0,4,❌ None
110,111,4,73.52191641182466,51,2520,3,✅ Complete Match (1/1),Step 2: Best Match,4,4,4,8,0,4,100.0%,50.0%,✅ Equal,12,8,4,51_Recombination events.csv|2520,2520,51_Recombination events.csv,9630,10000,"['17', '23', '24', '35']",1000,0.000025,0.005,0.1,5000,50,9621,9961,9621-9961,"['24', '17', '23', '35']","['10', '21', '50', '3']","['12', '32', '26', '8']",9,39,48,89.5,,,,,✅ Complete (4/4),54.900000000000006,100,4/4,100,4,4,4/4,70,99.4,,,,,,,,,,,100,,,,,,,,,,,,,,,,,,,,,,3,9630-10000,89.5%,100.0%,0,89.5,,,,,,,,,,50,95.2,0,1,3,0,3,❌ None
111,112,2,73.51434426229508,25,2025,2,✅ Complete Match (1/1),Step 2: Best Match,2,2,2,7,0,5,100.0%,28.6%,✅ Equal,9,4,5,25_Recombination events.csv|2025,2025,25_Recombination events.csv,8460,10000,"['13', '17', '2', '22', '27', '29', '3', '30', '40', '41', '42', '43', '46', '49', '5', '7', '8']",1000,0.000025,0.005,0.1,5000,50,8470,9713,8470-9713,"['13', '29', '42', '3']","['36', '14', '26', '24', '9']","['11', '34', '19', '32', '1', '6', '39', '38', '50', '45', '35', '20', '28', '18', '33', '44', '48', '16', '37', '23', '40', '4', '15', '47', '21', '25']",10,287,297,80.7,,,,,✅ Complete (4/4),51.14,23.5,4/4,100,17,4,4/4,50,89.7,,,,,,,,,,,100,,,,,,,,,,,,,,,,,,,,,,2,8460-10000,80.7%,100.0%,0,80.7,,,,,,,,,,75,70.3,0,1,3,0,2,❌ None
112,113,2,73.1237322515213,57,2383,2,✅ Complete Match (1/1),Step 2: Best Match,3,3,3,8,0,5,100.0%,37.5%,✅ Equal,11,6,5,57_Recombination events.csv|2383,2383,57_Recombination events.csv,5688,6309,"['15', '17', '30', '36']",1000,0.000025,0.005,0.1,5000,50,5730,6318,5730-6318,"['15', '17', '36', '30']","['4', '41', '26', '42', '18', '21', '7']","['33', '22', '32', '1', '28', '27', '45', '9', '40']",42,9,51,93.2,,,,,✅ Complete (4/4),55.64,100,4/4,100,4,4,4/4,70,100,,,,,,,,,,,100,,,,,,,,,,,,,,,,,,,,,,2,5688-6309,93.2%,100.0%,0,93.2,,,,,,,,,,50,94.9,0,1,3,0,2,❌ None
113,114,2,68.54417670682732,65,2346,1,✅ Complete Match (1/1),Step 2: Best Match,4,4,4,14,0,10,100.0%,28.6%,✅ Equal,18,8,10,65_Recombination events.csv|2346,2346,65_Recombination events.csv,8040,10000,"['24', '26', '34', '37', '45', '48']",1000,0.000025,0.005,0.1,5000,50,8027,9980,8027-9980,"['48', '34', '24', '37', '45']","['43', '13', '11', '19', '32', '39', '10', '5', '17', '29', '9', '42', '33', '23', '40', '7', '36', '15', '47', '25']","['46', '41', '8']",13,20,33,99,,,,,✅ Complete (5/5),56.8,83.3,5/5,100,6,5,5/5,70,100,,,,,,,,,,,100,,,,,,,,,,,,,,,,,,,,,,1,8040-10000,99.0%,100.0%,0,99,,,,,,,,,,40,96.7,0,1,3,0,1,❌ None
114,115,2,68.32546832546832,28,2386,2,✅ Complete Match (1/1),Step 2: Best Match,3,3,3,7,0,4,100.0%,42.9%,✅ Equal,10,6,4,28_Recombination events.csv|2386,2386,28_Recombination events.csv,8139,10000,"['16', '33', '40', '41', '43', '46', '8']",1000,0.000025,0.005,0.1,5000,50,8182,9980,8182-9980,"['33', '43', '46', '41', '16', '8', '40']","['11', '15', '5', '19', '17', '3', '23', '35', '7']","['36', '13', '20', '1', '42', '27', '37', '30', '25']",43,20,63,96.6,,,,,✅ Complete (7/7),56.32,100,7/7,100,7,7,7/7,70,100,,,,,,,,,,,100,,,,,,,,,,,,,,,,,,,,,,2,8139-10000,96.6%,100.0%,0,96.6,,,,,,,,,,42.857142857142854,93.7,0,1,3,0,2,❌ None
115,116,5,66.66666666666666,89,2498,1,⭐ Excellent Match (1/1),Step 2: Best Match,7,7,8,12,1,5,87.5%,58.3%,✅ Equal,20,14,6,89_Recombination events.csv|2498,2498,89_Recombination events.csv,5958,10000,"['16', '23', '26']",1000,0.000025,0.005,0.1,5000,50,5956,9990,5956-9990,"['26', '23', '16']","['34', '5', '48']","['39', '29', '7']",2,10,12,99.8,,,,,✅ Complete (3/3),58.96,100,3/3,100,3,3,3/3,90,100,,,,,,,,,,,100,,,,,,,,,,,,,,,,,,,,,,1,5958-10000,99.8%,100.0%,0,99.8,,,,,,,,,,33.33333333333333,98.8,0,1,2,0,1,❌ None
116,117,3,66.66666666666666,65,2392,2,🎯 Perfect Match (1/1),Step 2: Best Match,4,4,4,14,0,10,100.0%,28.6%,✅ Equal,18,8,10,65_Recombination events.csv|2392,2392,65_Recombination events.csv,4326,8472,"['1', '20', '38']",1000,0.000025,0.005,0.1,5000,50,4323,8471,4323-8471,"['38', '20', '1']","['43', '13', '11', '19', '32', '39', '49', '10', '5', '17', '27', '29', '9', '42', '33', '44', '16', '23', '40', '7', '36', '15', '47', '25']","['18', '3']",3,1,4,100,,,,,✅ Complete (3/3),59,100,3/3,100,3,3,3/3,90,100,,,,,,,,,,,100,,,,,,,,,,,,,,,,,,,,,,2,4326-8472,100.0%,100.0%,0,100,,,,,,,,,,33.33333333333333,99.6,0,1,1,0,2,❌ None
117,118,3,66.66666666666666,33,2261,2,⭐ Excellent Match (1/1),Step 2: Best Match,4,4,4,10,0,6,100.0%,40.0%,✅ Equal,14,8,6,33_Recombination events.csv|2261,2261,33_Recombination events.csv,123,4059,"['24', '31', '7']",1000,0.000025,0.005,0.1,5000,50,118,4068,118-4068,"['24', '7', '31']","['13', '39', '1', '6', '49', '38', '45', '35', '14', '46', '20', '28', '42', '22', '12', '26', '8', '37', '30', '23', '40', '3', '36', '4']","['33', '44', '43', '11', '34', '5', '19', '47', '50', '10', '21', '29', '2']",5,9,14,100,,,,,✅ Complete (3/3),59,100,3/3,100,3,3,3/3,90,100,,,,,,,,,,,100,,,,,,,,,,,,,,,,,,,,,,2,123-4059,100.0%,100.0%,0,100,,,,,,,,,,33.33333333333333,98.6,0,1,2,0,2,❌ None
118,119,2,64.95069033530572,19,2531,2,✅ Complete Match (1/1),Step 2: Best Match,2,2,2,4,0,2,100.0%,50.0%,✅ Equal,6,4,2,19_Recombination events.csv|2531,2531,19_Recombination events.csv,1482,10000,"['12', '27', '7']",1000,0.000025,0.005,0.1,5000,50,1442,9856,1442-9856,"['27', '12', '7']",['34'],"['38', '45']",40,144,184,98.3,,,,,✅ Complete (3/3),54.66,100,3/3,100,3,3,3/3,50,100,,,,,,,,,,,100,,,,,,,,,,,,,,,,,,,,,,2,1482-10000,98.3%,100.0%,0,98.3,,,,,,,,,,33.33333333333333,81.6,0,1,3,0,2,❌ None
119,120,4,64.48834853090172,36,2190,3,✅ Complete Match (1/1),Step 2: Best Match,4,4,4,7,0,3,100.0%,57.1%,✅ Equal,11,8,3,36_Recombination events.csv|2190,2190,36_Recombination events.csv,1458,6909,"['26', '37', '6']",1000,0.000025,0.005,0.1,5000,50,1449,6956,1449-6956,"['37', '26', '6']",['10'],"['43', '13', '11', '34', '19', '32', '1', '39', '49', '38', '50', '45', '35', '14', '46', '5', '20', '28', '17', '27', '18', '29', '2', '9', '42', '33', '44', '22', '48', '12', '16', '8', '30', '23', '40', '7', '3', '31', '36', '4', '15', '41', '24', '21', '25']",9,47,56,100,,,,,✅ Complete (3/3),57,100,3/3,100,3,3,3/3,70,100,,,,,,,,,,,100,,,,,,,,,,,,,,,,,,,,,,3,1458-6909,100.0%,100.0%,0,100,,,,,,,,,,33.33333333333333,94.4,0,1,3,0,3,❌ None
120,121,3,63.29644533869885,60,2516,3,✅ Complete Match (1/1),Step 2: Best Match,4,4,4,7,0,3,100.0%,57.1%,✅ Equal,11,8,3,60_Recombination events.csv|2516,2516,60_Recombination events.csv,4224,10000,"['11', '16', '29']",1000,0.000025,0.005,0.1,5000,50,4234,9937,4234-9937,"['11', '29', '16']",['34'],"['1', '40']",10,63,73,98.7,,,,,✅ Complete (3/3),56.74,100,3/3,100,3,3,3/3,70,100,,,,,,,,,,,100,,,,,,,,,,,,,,,,,,,,,,3,4224-10000,98.7%,100.0%,0,98.7,,,,,,,,,,33.33333333333333,92.7,0,1,3,0,3,❌ None
121,122,2,62.5,39,2453,1,✅ Complete Match (1/1),Step 2: Best Match,3,3,3,6,0,3,100.0%,50.0%,✅ Equal,9,6,3,39_Recombination events.csv|2453,2453,39_Recombination events.csv,1668,10000,"['30', '35', '4', '44']",1000,0.000025,0.005,0.1,5000,50,1657,9990,1657-9990,"['44', '4', '30', '35']","['36', '13', '41', '12', '42', '27', '25']",['46'],11,10,21,99.9,,,,,✅ Complete (4/4),56.980000000000004,100,4/4,100,4,4,4/4,70,100,,,,,,,,,,,100,,,,,,,,,,,,,,,,,,,,,,1,1668-10000,99.9%,100.0%,0,99.9,,,,,,,,,,25,97.9,0,1,3,0,1,❌ None
122,123,4,56.15358819584171,60,2461,4,✅ Complete Match (1/1),Step 2: Best Match,4,4,4,7,0,3,100.0%,57.1%,✅ Equal,11,8,3,60_Recombination events.csv|2461,2461,60_Recombination events.csv,3096,10000,"['17', '3', '49']",1000,0.000025,0.005,0.1,5000,50,3248,9937,3248-9937,"['17', '49', '3']","['44', '15', '1', '21', '40']","['34', '43', '47', '28']",152,63,215,96.9,,,,,✅ Complete (3/3),54.38,100,3/3,100,3,3,3/3,50,100,,,,,,,,,,,100,,,,,,,,,,,,,,,,,,,,,,4,3096-10000,96.9%,100.0%,0,96.9,,,,,,,,,,33.33333333333333,78.5,0,1,3,0,4,❌ None
123,124,2,55.41264737406216,59,2127,2,Standard_Match,Step 1: Approximate,2,2,2,7,0,5,100.0%,28.6%,✅ Equal,9,4,5,59_Recombination events.csv|2127,2127,59_Recombination events.csv,3798,6309,"['10', '12', '14', '16', '18', '19', '20', '21', '22', '25', '26', '3', '30', '31', '32', '35', '36', '37', '38', '39', '4', '40', '42', '43', '45', '46', '47', '49', '5', '50', '7', '8']",1000,0.000025,0.005,0.1,5000,50,3484,6894,3484-6894,"['43', '19', '32', '39', '49', '50', '10', '38', '45', '35', '14', '46', '5', '20', '18', '42', '22', '12', '26', '16', '8', '37', '30', '40', '31', '3', '7', '36', '4', '47', '21', '25']","['33', '44', '13', '15', '41', '1', '6', '28', '24', '17', '27', '2', '23']","['48', '34', '11', '29', '9']",314,585,899,100,2511,627.8,25,Exact Recombinant Match,,49.25,,,,,,,30,,,,,,,,,,,,87.5,,,,,,,,,,,,,,,,,,,,,,2,3798-6309,100.0%,87.5%,0,100,,,,,,,,,,87.5,10.099999999999994,0,1,7,0,2,❌ None
124,125,3,51.99728899831254,96,2229,3,❌ Poor (7/37),Step 2: Best Match,3,3,3,7,0,4,100.0%,42.9%,✅ Equal,10,6,4,96_Recombination events.csv|2229,2229,96_Recombination events.csv,2316,10000,"['10', '17', '19', '22', '25', '26', '28', '29', '32', '34', '36', '37', '43', '6', '7']",1000,0.000025,0.005,0.1,5000,50,2340,9908,2340-9908,"['13', '39', '1', '49', '6', '10', '38', '50', '45', '35', '14', '5', '20', '27', '18', '29', '2', '9', '42', '33', '44', '22', '48', '12', '26', '16', '8', '37', '30', '40', '7', '3', '31', '4', '47', '24', '21']","['36', '43', '34', '19', '32', '28', '17', '25']","['11', '41', '46', '15', '23']",24,92,116,98.5,,,,,❌ Poor (7/37),32.370000000000005,15.6,7/37,18.9,15,37,7/37,70,100,,,,,,,,,,,18.9,,,,,,,,,,,,,,,,,,,,,,3,2316-10000,98.5%,18.9%,0,98.5,,,,,,,,,,13.513513513513514,88.4,0,1,8,0,3,❌ None
125,126,6,50,89,2510,8,Case_B_End_Ini,Step 1: Approximate,7,7,8,12,1,5,87.5%,58.3%,✅ Equal,20,14,6,89_Recombination events.csv|2510,2510,89_Recombination events.csv,1515,7599,['35'],1000,0.000025,0.005,0.1,5000,50,7506,9880,7506-9880,['35'],"['19', '49']","['38', '12']",5991,2281,8272,1.5285996055226825,3916,979,25,Exact Recombinant Match,,33.30571992110454,,,,,,,30,,,,,,,,,,,,100,,,,,,,,,,,,,,,,,,,,,,8,1515-7599,1.5%,100.0%,0,1.5285996055226825,,,,,,,,,,100,0,0,1,8,0,8,❌ None
126,127,2,50,91,2263,3,Case_A_End_End,Step 1: Approximate,3,3,3,13,0,10,100.0%,23.1%,✅ Equal,16,6,10,91_Recombination events.csv|2263,2263,91_Recombination events.csv,264,10000,['38'],1000,0.000025,0.005,0.1,5000,50,9125,9982,9125-9982,['38'],['46'],"['33', '15', '34', '5', '12', '26', '41', '8', '10', '18', '29', '2']",8861,18,8879,8.802382908792111,264,66,25,Exact Recombinant Match,,34.760476581758425,,,,,,,30,,,,,,,,,,,,100,,,,,,,,,,,,,,,,,,,,,,3,264-10000,8.8%,100.0%,0,8.802382908792111,,,,,,,,,,100,0,0,1,8,0,3,❌ None
127,128,1,50,41,2414,1,Case_E_Start_End,Step 1: Approximate,1,1,1,2,0,1,100.0%,50.0%,✅ Equal,3,2,1,41_Recombination events.csv|2414,2414,41_Recombination events.csv,8091,10000,"['24', '26', '29', '42', '43', '5']",1000,0.000025,0.005,0.1,5000,50,57,8122,57-8122,"['43', '5', '26', '24', '29', '42']","['33', '36', '13', '15', '19', '47', '16', '10', '2', '40', '3']","['22', '12', '50', '35', '7']",8034,1878,9912,1.6238868517548455,1909,477.2,25,Exact Recombinant Match,,13.324777370350967,,,,,,,30,,,,,,,,,,,,33.33333333333333,,,,,,,,,,,,,,,,,,,,,,1,8091-10000,1.6%,33.3%,0,1.6238868517548455,,,,,,,,,,33.33333333333333,0,0,1,8,0,1,❌ None
128,129,1,50,94,2157,1,🎯 Start-End Parent-Child (Minor_Exact_Match),Step 7: Start-End Parent-Child,1,1,1,2,0,1,100.0%,50.0%,✅ Equal,3,2,1,94_Recombination events.csv|2157,2157,94_Recombination events.csv,4878,10000,"['15', '21', '23', '30', '33', '34', '35', '45']",1000,0.000025,0.005,0.1,5000,50,4846,9893,4846-9893,['6'],"['33', '15', '34', '30', '21', '45', '23', '35']","['43', '13', '11', '19', '32', '1', '49', '39', '10', '38', '50', '14', '46', '5', '20', '28', '17', '27', '18', '29', '2', '9', '42', '44', '22', '48', '12', '26', '16', '8', '37', '40', '7', '3', '31', '36', '4', '41', '47', '24', '25']",,,,,4878,1219.5,25,,,5,,,,8,,,50,,,,,,,80,,,,,0,,,,1,,,,,,,,,,✅ Start-End Parent-Child,✅ Minor_Exact_Match,1,1,,,,,1,4878-10000,,,0,0,94_Recombination events.csv,Minor_Exact_Match,"['33', '15', '34', '30', '21', '45', '23', '35']","Start_Start, End_End",2,69.5,139,,,0,86.1,0,4,1,0,1,❌ None
129,130,2,50,30,2482,1,✅ Complete Match (1/1),Step 2: Best Match,2,2,2,4,0,2,100.0%,50.0%,✅ Equal,6,4,2,30_Recombination events.csv|2482,2482,30_Recombination events.csv,4275,6276,"['31', '44']",1000,0.000025,0.005,0.1,5000,50,4254,6288,4254-6288,"['44', '31']",['47'],['15'],21,12,33,100,,,,,✅ Complete (2/2),57,100,2/2,100,2,2,2/2,70,100,,,,,,,,,,,100,,,,,,,,,,,,,,,,,,,,,,1,4275-6276,100.0%,100.0%,0,100,,,,,,,,,,0,96.7,0,1,3,0,1,❌ None
130,131,3,50,28,2326,1,🎯 Perfect Match (1/1),Step 2: Best Match,3,3,3,7,0,4,100.0%,42.9%,✅ Equal,10,6,4,28_Recombination events.csv|2326,2326,28_Recombination events.csv,318,4167,"['16', '19', '33', '40', '41', '43', '46', '8']",1000,0.000025,0.005,0.1,5000,50,318,4168,318-4168,['19'],"['48', '22', '50', '38', '21']","['11', '15', '5', '17', '3', '23', '35', '7']",0,1,1,100,,,,,🎯 Perfect (1/1),59,12.5,1/1,100,8,1,1/1,90,100,,,,,,,,,,,100,,,,,,,,,,,,,,,,,,,,,,1,318-4167,100.0%,100.0%,0,100,,,,,,,,,,0,99.9,0,1,1,0,1,❌ None
131,132,2,50,5,2513,1,🎯 Perfect Match (1/1),Step 2: Best Match,4,3,4,10,0,7,100.0%,30.0%,❌ Diff: RDP=4 vs Santa=3,14,7,7,5_Recombination events.csv|2513,2513,5_Recombination events.csv,3693,7239,"['13', '43']",1000,0.000025,0.005,0.1,5000,50,3697,7240,3697-7240,"['43', '13']",['48'],['27'],4,1,5,99.9,,,,,✅ Complete (2/2),58.980000000000004,100,2/2,100,2,2,2/2,90,100,,,,,,,,,,,100,,,,,,,,,,,,,,,,,,,,,,1,3693-7239,99.9%,100.0%,0,99.9,,,,,,,,,,0,99.5,0,1,1,0,1,❌ None
132,133,4,50,86,2452,2,⭐ Excellent Match (1/1),Step 2: Best Match,4,4,4,10,0,6,100.0%,40.0%,✅ Equal,14,8,6,86_Recombination events.csv|2452,2452,86_Recombination events.csv,7068,10000,"['17', '38']",1000,0.000025,0.005,0.1,5000,50,7077,9993,7077-9993,"['38', '17']",['11'],['1'],9,7,16,99.5,,,,,✅ Complete (2/2),58.900000000000006,100,2/2,100,2,2,2/2,90,100,,,,,,,,,,,100,,,,,,,,,,,,,,,,,,,,,,2,7068-10000,99.5%,100.0%,0,99.5,,,,,,,,,,0,98.4,0,1,2,0,2,❌ None
133,134,1,50,90,2439,1,Standard_Match,Step 1: Approximate,1,1,1,4,0,3,100.0%,25.0%,✅ Equal,5,2,3,90_Recombination events.csv|2439,2439,90_Recombination events.csv,4620,10000,"['11', '15', '29', '7']",1000,0.000025,0.005,0.1,5000,50,4638,8958,4638-8958,"['11', '15', '29', '7']","['47', '45', '23']","['14', '43', '39', '38', '2', '35', '42']",18,1042,1060,80.29739776951673,4620,1155,25,Exact Recombinant Match,,49.059479553903344,,,,,,,30,,,,,,,,,,,,100,,,,,,,,,,,,,,,,,,,,,,1,4620-10000,80.3%,100.0%,0,80.29739776951673,,,,,,,,,,100,0,0,1,7,0,1,❌ None
134,135,2,50,13,2513,1,⭐ Excellent Match (1/1),Step 2: Best Match,2,2,2,5,0,3,100.0%,40.0%,✅ Equal,7,4,3,13_Recombination events.csv|2513,2513,13_Recombination events.csv,4029,10000,"['18', '41']",1000,0.000025,0.005,0.1,5000,50,4042,9976,4042-9976,"['41', '18']","['11', '15', '5', '19', '34', '10', '2', '23', '35', '42']","['12', '26']",13,24,37,99.4,,,,,✅ Complete (2/2),56.88,100,2/2,100,2,2,2/2,70,100,,,,,,,,,,,100,,,,,,,,,,,,,,,,,,,,,,1,4029-10000,99.4%,100.0%,0,99.4,,,,,,,,,,0,96.3,0,1,2,0,1,❌ None
135,136,1,50,4,2476,1,⭐ Excellent Match (1/1),Step 2: Best Match,1,1,1,5,0,4,100.0%,20.0%,✅ Equal,6,2,4,4_Recombination events.csv|2476,2476,4_Recombination events.csv,1260,5280,"['22', '48']",1000,0.000025,0.005,0.1,5000,50,1270,5287,1270-5287,"['48', '22']",['46'],"['4', '34', '41', '1', '47', '18', '23', '35', '31']",10,7,17,99.8,,,,,✅ Complete (2/2),58.96,100,2/2,100,2,2,2/2,90,100,,,,,,,,,,,100,,,,,,,,,,,,,,,,,,,,,,1,1260-5280,99.8%,100.0%,0,99.8,,,,,,,,,,0,98.3,0,1,2,0,1,❌ None
136,137,2,50,32,2477,1,🎯 Perfect Match (1/1),Step 2: Best Match,3,3,3,9,0,6,100.0%,33.3%,✅ Equal,12,6,6,32_Recombination events.csv|2477,2477,32_Recombination events.csv,4710,9894,"['22', '32']",1000,0.000025,0.005,0.1,5000,50,4710,9902,4710-9902,"['32', '22']","['11', '5', '40', '13']","['12', '45', '23']",0,8,8,100,,,,,✅ Complete (2/2),59,100,2/2,100,2,2,2/2,90,100,,,,,,,,,,,100,,,,,,,,,,,,,,,,,,,,,,1,4710-9894,100.0%,100.0%,0,100,,,,,,,,,,0,99.2,0,1,1,0,1,❌ None
137,138,3,50,5,2477,"2, 4",Cross Match (Case_E2_E1E),Step 6: Cross Matches,4,3,4,10,0,7,100.0%,30.0%,❌ Diff: RDP=4 vs Santa=3,14,7,7,5_Recombination events.csv|2477,2477,5_Recombination events.csv,5136,10000,"['11', '50']",1000,0.000025,0.005,0.1,5000,50,3186,9997,3186-9997 | 3220-5095,"['11', '50'] | ['11', '50']","['32', '39', '49', '38', '45', '14', '46', '28', '17', '18', '2', '9', '42', '33', '48', '12', '26', '37', '23', '36', '41', '47', '24'] | ['22', '19', '8', '35', '7']","['27', '20', '29', '25'] | ['27']",,,,,,,,,,85.5,,,100,,,,50,,,,,,,100,,,,,100,,,,2,,,,,,,,,100,✅ Yes,✅ Yes,2.0,4.0,None,0.0,✅ Yes,✅ Yes,"2, 4",5136-10000,100.0%,100.0%,100,100,,,,,,,,,,100,0,5,3,4,100,"2,4",✅ Start+End
138,139,1,50,8,2383,1,✅ Complete Match (1/1),Step 2: Best Match,1,1,1,5,0,4,100.0%,20.0%,✅ Equal,6,2,4,8_Recombination events.csv|2383,2383,8_Recombination events.csv,1107,4803,"['1', '39']",1000,0.000025,0.005,0.1,5000,50,864,4805,864-4805,"['39', '1']","['12', '25']","['2', '37', '12', '11']",243,2,245,100,,,,,✅ Complete (2/2),55,100,2/2,100,2,2,2/2,50,100,,,,,,,,,,,100,,,,,,,,,,,,,,,,,,,,,,1,1107-4803,100.0%,100.0%,0,100,,,,,,,,,,0,75.5,0,1,3,0,1,❌ None
139,140,3,50,20,2401,2,❌ Poor (2/11),Step 2: Best Match,3,3,5,12,2,9,60.0%,25.0%,✅ Equal,17,6,11,20_Recombination events.csv|2401,2401,20_Recombination events.csv,4401,9114,"['18', '4']",1000,0.000025,0.005,0.1,5000,50,4406,9112,4406-9112,"['33', '4', '22', '16', '6', '38', '18', '45', '9', '23', '35']","['32', '20', '47', '24', '17', '42']","['33', '12', '8', '3']",5,2,7,99.9,,,,,❌ Poor (2/11),34.440000000000005,18.2,2/11,18.2,2,11,2/11,90,100,,,,,,,,,,,18.2,,,,,,,,,,,,,,,,,,,,,,2,4401-9114,99.9%,18.2%,0,99.9,,,,,,,,,,0,99.3,0,1,8,0,2,❌ None
140,141,4,50,65,2402,4,Case_E_Start_End,Step 1: Approximate,4,4,4,14,0,10,100.0%,28.6%,✅ Equal,18,8,10,65_Recombination events.csv|2402,2402,65_Recombination events.csv,825,10000,['50'],1000,0.000025,0.005,0.1,5000,50,17,826,17-826,['50'],"['43', '13', '11', '19', '32', '39', '49', '10', '5', '17', '29', '9', '42', '33', '16', '23', '40', '7', '36', '15', '47', '25']","['18', '3']",808,9174,9982,0.010899182561307902,825,206.2,25,Exact Recombinant Match,,33.00217983651226,,,,,,,30,,,,,,,,,,,,100,,,,,,,,,,,,,,,,,,,,,,4,825-10000,0.0%,100.0%,0,0.010899182561307902,,,,,,,,,,100,0,0,1,8,0,4,❌ None
141,142,2,50,23,2396,2,✅ Complete Match (1/1),Step 2: Best Match,2,2,2,4,0,2,100.0%,50.0%,✅ Equal,6,4,2,23_Recombination events.csv|2396,2396,23_Recombination events.csv,3999,4389,"['27', '38']",1000,0.000025,0.005,0.1,5000,50,4032,4378,4032-4378,"['38', '27']",['49'],['21'],33,11,44,88.7,,,,,✅ Complete (2/2),54.74,100,2/2,100,2,2,2/2,70,98.6,,,,,,,,,,,100,,,,,,,,,,,,,,,,,,,,,,2,3999-4389,88.7%,100.0%,0,88.7,,,,,,,,,,0,95.6,0,1,3,0,2,❌ None
142,143,2,50,83,1666,1,Case_F_Start_Start,Step 1: Approximate,2,2,2,9,0,7,100.0%,22.2%,✅ Equal,11,4,7,83_Recombination events.csv|1666,1666,83_Recombination events.csv,1464,6870,"['1', '13', '19', '23', '24', '32', '39', '4', '41', '9']",1000,0.000025,0.005,0.1,5000,50,1446,9996,1446-9996,"['4', '13', '41', '19', '32', '1', '39', '24', '9', '23']","['33', '22', '43', '11', '46', '26', '20', '42', '16', '8', '38', '37', '2', '35', '25']","['34', '50', '6', '49', '5', '28', '17', '27', '18', '29', '44', '12', '30', '40', '31', '3', '7', '36', '15', '47', '21']",18,3126,3144,100,4594,1148.5,25,Exact Recombinant Match,,41,,,,,,,30,,,,,,,,,,,,60,,,,,,,,,,,,,,,,,,,,,,1,1464-6870,100.0%,60.0%,0,100,,,,,,,,,,60,0,0,1,8,0,1,❌ None
143,144,2,50,78,2475,1,Standard_Match,Step 1: Approximate,4,4,6,15,2,11,66.7%,26.7%,✅ Equal,21,8,13,78_Recombination events.csv|2475,2475,78_Recombination events.csv,3150,7812,['16'],1000,0.000025,0.005,0.1,5000,50,3148,6682,3148-6682,['16'],"['33', '43', '15', '5', '26', '20', '10', '45', '40']","['12', '29', '1', '7']",2,1130,1132,75.76147576147577,4662,1165.5,25,Exact Recombinant Match,,48.15229515229515,,,,,,,30,,,,,,,,,,,,100,,,,,,,,,,,,,,,,,,,,,,1,3150-7812,75.8%,100.0%,0,75.76147576147577,,,,,,,,,,100,0,0,1,7,0,1,❌ None
144,145,2,50,75,2433,1,⭐ Excellent Match (1/1),Step 2: Best Match,2,2,2,5,0,3,100.0%,40.0%,✅ Equal,7,4,3,75_Recombination events.csv|2433,2433,75_Recombination events.csv,873,5043,"['23', '32']",1000,0.000025,0.005,0.1,5000,50,886,5047,886-5047,"['32', '23']","['2', '17', '3']","['33', '22', '31', '11', '46', '39', '47', '16', '28', '42', '7']",13,4,17,99.7,,,,,✅ Complete (2/2),56.94,100,2/2,100,2,2,2/2,70,100,,,,,,,,,,,100,,,,,,,,,,,,,,,,,,,,,,1,873-5043,99.7%,100.0%,0,99.7,,,,,,,,,,0,98.3,0,1,2,0,1,❌ None
145,146,1,50,10,2371,1,🎯 Perfect Match (1/1),Step 2: Best Match,1,1,1,8,0,7,100.0%,12.5%,✅ Equal,9,2,7,10_Recombination events.csv|2371,2371,10_Recombination events.csv,6780,10000,"['18', '34']",1000,0.000025,0.005,0.1,5000,50,6778,9999,6778-9999,"['34', '18']",['38'],"['17', '29', '14', '1']",2,1,3,100,,,,,✅ Complete (2/2),59,100,2/2,100,2,2,2/2,90,100,,,,,,,,,,,100,,,,,,,,,,,,,,,,,,,,,,1,6780-10000,100.0%,100.0%,0,100,,,,,,,,,,0,99.7,0,1,1,0,1,❌ None
146,147,3,50,57,2452,1,⭐ Excellent Match (1/1),Step 2: Best Match,3,3,3,8,0,5,100.0%,37.5%,✅ Equal,11,6,5,57_Recombination events.csv|2452,2452,57_Recombination events.csv,2460,10000,"['1', '32', '7']",1000,0.000025,0.005,0.1,5000,50,2468,9994,2468-9994,"['32', '1']",['7'],['9'],8,6,14,99.8,,,,,✅ Complete (2/2),58.96,66.7,2/2,100,3,2,2/2,90,100,,,,,,,,,,,100,,,,,,,,,,,,,,,,,,,,,,1,2460-10000,99.8%,100.0%,0,99.8,,,,,,,,,,0,98.6,0,1,2,0,1,❌ None
147,148,2,50,15,2434,1,🎯 Perfect Match (1/1),Step 2: Best Match,2,2,2,7,0,5,100.0%,28.6%,✅ Equal,9,4,5,15_Recombination events.csv|2434,2434,15_Recombination events.csv,189,1386,"['13', '27']",1000,0.000025,0.005,0.1,5000,50,190,1386,190-1386,"['27', '13']","['2', '41', '28', '31']",['9'],1,0,1,99.9,,,,,✅ Complete (2/2),58.980000000000004,100,2/2,100,2,2,2/2,90,100,,,,,,,,,,,100,,,,,,,,,,,,,,,,,,,,,,1,189-1386,99.9%,100.0%,0,99.9,,,,,,,,,,0,99.9,0,1,1,0,1,❌ None
148,149,1,50,83,2165,2,🎯 Start-End Parent-Child (Major_Exact_Match),Step 7: Start-End Parent-Child,2,2,2,9,0,7,100.0%,22.2%,✅ Equal,11,4,7,83_Recombination events.csv|2165,2165,83_Recombination events.csv,6087,10000,"['12', '15', '17', '18', '21', '27', '28', '29', '3', '30', '31', '34', '36', '40', '44', '47', '49', '5', '50', '6', '7']",1000,0.000025,0.005,0.1,5000,50,6858,9986,6858-9986,"['33', '22', '43', '11', '46', '26', '20', '42', '16', '8', '38', '37', '2', '35', '25']","['4', '13', '41', '19', '32', '39', '24', '9', '23']","['34', '50', '6', '49', '5', '28', '17', '27', '18', '29', '44', '12', '30', '40', '31', '3', '7', '36', '15', '47', '21']",,,,,3913,978.2,25,,,5,,,,21,,,50,,,,,,,80,,,,,0,,,,1,,,,,,,,,,✅ Start-End Parent-Child,✅ Major_Exact_Match,2.0,2.0,,,,,2,6087-10000,,,0,0,83_Recombination events.csv,Major_Exact_Match,"['34', '50', '6', '49', '5', '28', '17', '27', '18', '29', '44', '12', '30', '40', '31', '3', '7', '36', '15', '47', '21']","Start_Start, End_End",2,392.5,785,,,0,21.5,0,4,1,0,2,❌ None
149,150,3,49.84536082474227,80,2324,3,Standard_Match,Step 1: Approximate,3,3,3,8,0,5,100.0%,37.5%,✅ Equal,11,6,5,80_Recombination events.csv|2324,2324,80_Recombination events.csv,8040,8193,"['11', '24']",1000,0.000025,0.005,0.1,5000,50,8032,8218,8032-8218,"['24', '11']","['19', '50', '6', '10', '45', '14', '28', '27', '29', '2', '9', '33', '44', '48', '16', '37', '40', '31', '3', '15', '21', '25']",['47'],8,25,33,100,153,38.2,25,Exact Recombinant Match,,27,,,,,,,70,,,,,,,,,,,,0,,,,,,,,,,,,,,,,,,,,,,3,8040-8193,100.0%,,0,100,,,,,,,,,,0,96.7,0,1,7,0,3,❌ None
150,151,2,49.342770475227496,100,2476,2,✅ Complete Match (1/1),Step 2: Best Match,2,2,3,4,1,2,66.7%,50.0%,✅ Equal,7,4,3,100_Recombination events.csv|2476,2476,100_Recombination events.csv,8022,10000,"['18', '24']",1000,0.000025,0.005,0.1,5000,50,8020,9978,8020-9978,"['24', '18']","['23', '40']","['26', '9']",2,22,24,98.9,,,,,✅ Complete (2/2),56.78,100,2/2,100,2,2,2/2,70,100,,,,,,,,,,,100,,,,,,,,,,,,,,,,,,,,,,2,8022-10000,98.9%,100.0%,0,98.9,,,,,,,,,,0,97.6,0,1,3,0,2,❌ None
151,152,3,48.99497487437186,78,2374,5,✅ Complete Match (1/1),Step 2: Best Match,4,4,6,15,2,11,66.7%,26.7%,✅ Equal,21,8,13,78_Recombination events.csv|2374,2374,78_Recombination events.csv,267,10000,"['23', '34']",1000,0.000025,0.005,0.1,5000,50,272,9980,272-9980,"['34', '23']","['1', '12', '29', '7']","['22', '48', '13', '46', '32', '6', '18', '42']",5,20,25,99.7,,,,,✅ Complete (2/2),56.94,100,2/2,100,2,2,2/2,70,100,,,,,,,,,,,100,,,,,,,,,,,,,,,,,,,,,,5,267-10000,99.7%,100.0%,0,99.7,,,,,,,,,,0,97.5,0,1,3,0,5,❌ None
152,153,7,48.836032388663966,89,2447,3,✅ Complete Match (1/1),Step 2: Best Match,7,7,8,12,1,5,87.5%,58.3%,✅ Equal,20,14,6,89_Recombination events.csv|2447,2447,89_Recombination events.csv,6615,10000,"['14', '36', '44']",1000,0.000025,0.005,0.1,5000,50,6621,9971,6621-9971,"['36', '44', '14']","['43', '11', '41', '46', '32', '20', '1', '28', '47', '17', '27', '25', '37', '30', '2', '45', '3']","['15', '8']",6,29,35,99,,,,,✅ Complete (3/3),56.8,100,3/3,100,3,3,3/3,70,100,,,,,,,,,,,100,,,,,,,,,,,,,,,,,,,,,,3,6615-10000,99.0%,100.0%,0,99,,,,,,,,,,0,96.5,0,1,3,0,3,❌ None
153,154,2,48.620309050772626,31,2460,4,🎯 Start-End Parent-Child (Minor_Exact_Match),Step 7: Start-End Parent-Child,3,3,4,6,1,3,75.0%,50.0%,✅ Equal,10,6,4,31_Recombination events.csv|2460,2460,31_Recombination events.csv,3618,10000,"['10', '11', '19', '2', '23', '27', '3', '33', '42', '45', '46', '50', '6', '7', '8']",1000,0.000025,0.005,0.1,5000,50,3688,9951,3688-9951,"['21', '12']","['33', '11', '46', '19', '42', '6', '8', '10', '27', '3', '50', '2', '45', '23', '7']","['47', '37', '9', '40', '31']",,,,,3618,904.5,25,,,5,,,,15,,,50,,,,,,,80,,,,,0,,,,1,,,,,,,,,,✅ Start-End Parent-Child,✅ Minor_Exact_Match,4.0,4.0,,,,,4,3618-10000,,,0,0,31_Recombination events.csv,Minor_Exact_Match,"['33', '11', '46', '19', '42', '6', '8', '10', '27', '3', '50', '2', '45', '23', '7']","Start_Start, End_End",2,59.5,119,,,0,88.1,0,4,1,0,4,❌ None
154,155,2,48.580121703853955,74,2239,2,🎯 Start-End Parent-Child (Minor_Exact_Match),Step 7: Start-End Parent-Child,3,3,4,10,1,7,75.0%,30.0%,✅ Equal,14,6,8,74_Recombination events.csv|2239,2239,74_Recombination events.csv,5676,9555,"['11', '14', '15', '18', '19', '21', '32', '33', '38', '39', '42', '43', '46', '5', '50', '7']",1000,0.000025,0.005,0.1,5000,50,5714,9551,5714-9551,"['10', '2', '3']","['33', '14', '43', '11', '15', '5', '19', '32', '39', '42', '46', '38', '50', '18', '21', '7']","['13', '34', '1', '6', '45', '35', '20', '28', '17', '29', '9', '44', '22', '48', '12', '26', '8', '37', '30', '23', '40', '31', '36', '4', '47', '25']",,,,,3879,969.8,25,,,5,,,,16,,,50,,,,,,,80,,,,,0,,,,1,,,,,,,,,,✅ Start-End Parent-Child,✅ Minor_Exact_Match,2.0,2.0,,,,,2,5676-9555,,,0,0,74_Recombination events.csv,Minor_Exact_Match,"['33', '14', '43', '11', '15', '5', '19', '32', '39', '42', '46', '38', '50', '18', '21', '7']","Start_Start, End_End",2,21,42,,,0,95.8,0,4,1,0,2,❌ None
155,156,3,47.57639620653319,91,1053,1,Cluster (2 RDPs),Step 5: Cluster,3,3,3,13,0,10,100.0%,23.1%,✅ Equal,16,6,10,91_Recombination events.csv|1053,1053,91_Recombination events.csv,6342,10000,"['1', '10', '11', '12', '13', '14', '15', '16', '17', '18', '19', '2', '20', '21', '22', '23', '24', '25', '26', '27', '28', '29', '3', '30', '31', '32', '33', '34', '35', '36', '37', '38', '39', '4', '40', '41', '42', '43', '44', '45', '46', '47', '48', '49', '5', '50', '6', '7', '8', '9']",1000,0.000025,0.005,0.1,5000,50,6421,9982,6421-9124,['38'] | ['38'],"['14', '48', '31', '11', '7', '1', '6', '16', '42', '47', '25', '30', '21', '40', '3'] | ['46']","['4', '44', '43', '5', '39', '50', '49', '24', '17', '45', '9', '23', '35'] | ['33', '15', '34', '5', '12', '26', '41', '8', '10', '18', '29', '2']",,,,,,,,,,85,,,100,,,,50,,,,,,,,,,,,100,,,,,,,,,,,,,100,✅ Yes,✅ Yes,1,3,None,0.0,✅ Yes,✅ Yes,1,6342-10000,100.0%,100.0%,100,100,,,,,,,,,,0,90.3,0,3,5,100,1,✅ Start+End
156,157,3,42.993951612903224,32,2526,3,✅ Complete Match (1/1),Step 2: Best Match,3,3,3,9,0,6,100.0%,33.3%,✅ Equal,12,6,6,32_Recombination events.csv|2526,2526,32_Recombination events.csv,3651,5133,"['10', '24']",1000,0.000025,0.005,0.1,5000,50,3751,5086,3751-5086,"['24', '10']","['11', '13']","['48', '7']",100,47,147,90.1,,,,,✅ Complete (2/2),55.019999999999996,100,2/2,100,2,2,2/2,70,100,,,,,,,,,,,100,,,,,,,,,,,,,,,,,,,,,,3,3651-5133,90.1%,100.0%,0,90.1,,,,,,,,,,0,85.3,0,1,3,0,3,❌ None
157,158,3,42.52873563218391,74,793,3,✅ Complete Match (1/1),Step 2: Best Match,3,3,4,10,1,7,75.0%,30.0%,✅ Equal,14,6,8,74_Recombination events.csv|793,793,74_Recombination events.csv,5706,10000,"['1', '10', '11', '12', '13', '14', '15', '16', '17', '18', '19', '2', '20', '21', '22', '23', '24', '25', '26', '27', '28', '29', '3', '30', '31', '32', '33', '34', '35', '36', '37', '38', '39', '4', '40', '41', '42', '43', '44', '45', '46', '47', '48', '49', '5', '50', '6', '7', '8', '9']",1000,0.000025,0.005,0.1,5000,50,5666,9550,5666-9550,"['24', '27', '16']","['4', '22', '48', '13', '20', '1', '6', '8', '28', '17', '37', '29', '30', '45', '9', '23', '40', '25']","['33', '14', '43', '46', '11', '5', '15', '19', '32', '39', '42', '38', '50', '18', '21', '7']",40,450,490,89.5,,,,,✅ Complete (3/3),52.900000000000006,6,3/3,100,50,3,3/3,50,99.5,,,,,,,,,,,100,,,,,,,,,,,,,,,,,,,,,,3,5706-10000,89.5%,100.0%,0,89.5,,,,,,,,,,33.33333333333333,51,0,1,3,0,3,❌ None
158,159,2,42,79,1880,1,Case_B_End_Ini,Step 1: Approximate,2,2,3,5,1,3,66.7%,40.0%,✅ Equal,8,4,4,79_Recombination events.csv|1880,1880,79_Recombination events.csv,1524,7872,"['1', '11', '12', '13', '16', '19', '21', '26', '27', '28', '29', '3', '30', '34', '35', '36', '38', '40', '41', '43', '46', '48', '6', '7', '8']",1000,0.000025,0.005,0.1,5000,50,7944,9979,7944-9979,"['43', '13', '11', '34', '19', '1', '6', '38', '35', '46', '28', '27', '29', '48', '12', '26', '16', '8', '30', '40', '7', '3', '36', '41', '21']","['32', '39', '50', '49', '10', '14', '5', '17', '18', '2', '9', '33', '22', '37', '23', '31', '4', '15', '47', '24', '25']","['45', '44', '20', '42']",6420,2107,8527,0,3652,913,25,Exact Recombinant Match,,28.2,,,,,,,30,,,,,,,,,,,,84,,,,,,,,,,,,,,,,,,,,,,1,1524-7872,,84.0%,0,0,,,,,,,,,,84,0,0,1,8,0,1,❌ None
159,160,4,37.03517587939699,78,2263,3,✅ Complete Match (1/1),Step 2: Best Match,4,4,6,15,2,11,66.7%,26.7%,✅ Equal,21,8,13,78_Recombination events.csv|2263,2263,78_Recombination events.csv,3114,9744,"['1', '12', '16', '23', '29', '34', '41', '7', '8']",1000,0.000025,0.005,0.1,5000,50,3125,9996,3125-9996,['8'],"['12', '29', '1', '7']","['11', '19', '39', '50', '49', '38', '35', '14', '46', '28', '17', '27', '2', '44', '37', '30', '31', '3', '36', '4', '47', '24', '21', '25']",11,252,263,99.8,,,,,🎯 Perfect (1/1),54.96,11.1,1/1,100,9,1,1/1,50,100,,,,,,,,,,,100,,,,,,,,,,,,,,,,,,,,,,3,3114-9744,99.8%,100.0%,0,99.8,,,,,,,,,,0,73.7,0,1,3,0,3,❌ None
160,161,3,35.714285714285715,31,2424,3,Case_E_Start_End,Step 1: Approximate,3,3,4,6,1,3,75.0%,50.0%,✅ Equal,10,6,4,31_Recombination events.csv|2424,2424,31_Recombination events.csv,3939,10000,"['13', '15', '16', '20', '22', '25', '30', '34', '35', '38', '39', '41', '43', '5']",1000,0.000025,0.005,0.1,5000,50,24,3966,24-3966,"['22', '43', '13', '15', '41', '5', '34', '20', '39', '16', '38', '30', '35', '25']","['21', '12']","['47', '37', '9', '40', '31']",3915,6034,9949,0.44547104438211516,3939,984.8,25,Exact Recombinant Match,,24.51766563744785,,,,,,,30,,,,,,,,,,,,71.42857142857143,,,,,,,,,,,,,,,,,,,,,,3,3939-10000,0.4%,71.4%,0,0.44547104438211516,,,,,,,,,,71.42857142857143,0,0,1,8,0,3,❌ None
161,162,3,34.61538461538461,39,2300,3,Case_A_End_End,Step 1: Approximate,3,3,3,6,0,3,100.0%,50.0%,✅ Equal,9,6,3,39_Recombination events.csv|2300,2300,39_Recombination events.csv,6558,10000,"['11', '14', '20', '21', '3', '38', '39', '43', '48', '49', '7', '8', '9']",1000,0.000025,0.005,0.1,5000,50,1601,9982,1601-9982,"['48', '14', '43', '11', '39', '20', '49', '8', '38', '3', '21', '9', '7']","['13', '32', '1', '6', '50', '10', '45', '5', '28', '17', '27', '18', '29', '2', '42', '33', '22', '12', '26', '16', '37', '23', '40', '31', '36', '15', '41', '47', '24', '25']","['34', '46', '19']",4957,18,4975,99.47704822777455,3442,860.5,25,Exact Recombinant Match,,43.66464041478568,,,,,,,30,,,,,,,,,,,,69.23076923076923,,,,,,,,,,,,,,,,,,,,,,3,6558-10000,99.5%,69.2%,0,99.47704822777455,,,,,,,,,,69.23076923076923,0,0,1,8,0,3,❌ None
162,163,4,34.61538461538461,33,2003,3,Case_E_Start_End,Step 1: Approximate,4,4,4,10,0,6,100.0%,40.0%,✅ Equal,14,8,6,33_Recombination events.csv|2003,2003,33_Recombination events.csv,8022,10000,"['10', '11', '19', '2', '21', '29', '33', '34', '43', '44', '47', '5', '50']",1000,0.000025,0.005,0.1,5000,50,117,8080,117-8080,"['33', '44', '43', '11', '34', '5', '19', '47', '50', '10', '21', '29', '2']","['13', '39', '6', '49', '38', '45', '35', '14', '46', '42', '22', '12', '26', '8', '30', '23', '40', '3', '36']","['4', '48', '15', '41', '32', '20', '1', '16', '28', '17', '27', '37', '18', '9', '7']",7905,1920,9825,2.932254802831143,1978,494.5,25,Exact Recombinant Match,,24.355681729796995,,,,,,,30,,,,,,,,,,,,69.23076923076923,,,,,,,,,,,,,,,,,,,,,,3,8022-10000,2.9%,69.2%,0,2.932254802831143,,,,,,,,,,69.23076923076923,0,0,1,8,0,3,❌ None
163,164,3,32.90685772773798,11,2388,2,🎯 Start-End Parent-Child (Major_Exact_Match),Step 7: Start-End Parent-Child,3,3,4,10,1,7,75.0%,30.0%,✅ Equal,14,6,8,11_Recombination events.csv|2388,2388,11_Recombination events.csv,231,3555,"['23', '41', '45', '9']",1000,0.000025,0.005,0.1,5000,50,101,3782,101-3782,['40'],"['43', '31']","['41', '45', '9', '23']",,,,,3324,831,25,,,5,,,,4,,,50,,,,,,,80,,,,,0,,,,1,,,,,,,,,,✅ Start-End Parent-Child,✅ Major_Exact_Match,2.0,2.0,,,,,2,231-3555,,,0,0,11_Recombination events.csv,Major_Exact_Match,"['41', '45', '9', '23']","Start_Start, End_End",2,178.5,357,,,0,64.30000000000001,0,4,1,0,2,❌ None
